# Blender 3.6.2
# www.blender.org
o SMPL-mesh-female
v 0.042479 0.686210 0.086266
v 0.036918 0.673297 0.095966
v 0.047306 0.668028 0.087464
v 0.053044 0.677060 0.076495
v 0.044281 0.659652 0.095586
v 0.034428 0.662031 0.101772
v 0.054100 0.660355 0.078893
v 0.059026 0.666196 0.067212
v 0.061014 0.623481 0.074968
v 0.064787 0.617700 0.066106
v 0.063702 0.630015 0.065243
v 0.059111 0.632599 0.074104
v 0.059612 0.597567 0.075574
v 0.053738 0.590269 0.085123
v 0.055658 0.579980 0.076547
v 0.060361 0.586952 0.065711
v 0.022260 0.606920 0.105677
v 0.027366 0.600527 0.105571
v 0.031494 0.606960 0.103891
v 0.025597 0.612634 0.103781
v 0.013416 0.617242 0.109536
v 0.014617 0.622169 0.105783
v 0.009743 0.626560 0.109852
v 0.009319 0.621162 0.114710
v 0.016810 0.601637 0.106117
v 0.022244 0.595006 0.105755
v 0.017828 0.612521 0.106095
v 0.015652 0.608404 0.108512
v 0.012373 0.603873 0.119004
v 0.013905 0.608396 0.117093
v 0.010699 0.610410 0.123234
v 0.009564 0.604947 0.123340
v 0.015315 0.601838 0.110331
v 0.015617 0.605096 0.112568
v 0.013248 0.601684 0.115205
v 0.011939 0.599097 0.112483
v 0.012527 0.613015 0.112784
v 0.009572 0.616089 0.119064
v 0.005758 0.618401 0.125243
v 0.006560 0.611109 0.129693
v 0.037569 0.586706 0.101105
v 0.032909 0.593802 0.104191
v 0.027677 0.589128 0.104936
v 0.032088 0.583382 0.102865
v 0.012974 0.595974 0.109597
v 0.016207 0.580964 0.111656
v 0.016566 0.584673 0.111269
v 0.010659 0.586117 0.114823
v 0.010980 0.582586 0.115189
v 0.042249 0.571714 0.093680
v 0.036325 0.571174 0.098145
v 0.036513 0.564414 0.096329
v 0.042157 0.563265 0.090881
v 0.034256 0.558710 0.096014
v 0.040350 0.555214 0.088796
v 0.030942 0.541987 0.090581
v 0.036065 0.547746 0.089373
v 0.030454 0.553537 0.097061
v 0.025484 0.549058 0.100507
v 0.014288 0.554683 0.108490
v 0.008733 0.553734 0.111245
v 0.012889 0.541743 0.110168
v 0.019186 0.544760 0.105954
v 0.015619 0.574670 0.108266
v 0.019320 0.574257 0.105646
v 0.019774 0.576102 0.107636
v 0.015927 0.577592 0.110698
v 0.022942 0.573778 0.103757
v 0.024555 0.573456 0.103166
v 0.024421 0.574892 0.104276
v 0.022890 0.574441 0.104309
v 0.021026 0.574143 0.104797
v 0.019851 0.572460 0.105294
v 0.021968 0.573105 0.104170
v 0.016507 0.572117 0.108052
v 0.004725 0.571100 0.116176
v 0.008319 0.571347 0.114822
v 0.006959 0.575321 0.113420
v 0.003896 0.575455 0.114434
v 0.022844 0.576774 0.105666
v 0.025199 0.578407 0.105262
v 0.021732 0.581585 0.107926
v 0.020486 0.578737 0.107898
v 0.028003 0.580383 0.104773
v 0.026606 0.575866 0.103551
v 0.029757 0.576599 0.102703
v 0.023789 0.571843 0.103086
v 0.026417 0.570076 0.101759
v 0.027183 0.572764 0.102669
v 0.024393 0.567269 0.102505
v 0.021491 0.570293 0.104272
v 0.018244 0.569029 0.107109
v 0.014021 0.567946 0.110882
v 0.016338 0.563113 0.108336
v 0.020964 0.564877 0.104975
v 0.023827 0.585148 0.106761
v 0.031103 0.571963 0.100777
v 0.034602 0.577901 0.100284
v 0.030747 0.567331 0.099851
v 0.028641 0.563141 0.100064
v 0.024897 0.559669 0.101848
v 0.019877 0.556852 0.105148
v 0.015130 0.532175 0.099947
v 0.023088 0.536419 0.095965
v 0.032465 0.654007 0.101052
v 0.040998 0.652530 0.098147
v 0.041480 0.644306 0.094825
v 0.043300 0.646464 0.094309
v 0.038220 0.648517 0.097250
v 0.037494 0.645713 0.096992
v 0.053831 0.635105 0.079925
v 0.049403 0.637439 0.084602
v 0.049721 0.633704 0.083756
v 0.055439 0.628704 0.080250
v 0.042696 0.627359 0.092095
v 0.046786 0.628175 0.088681
v 0.043089 0.634900 0.090313
v 0.040202 0.634355 0.092950
v 0.036695 0.634125 0.095206
v 0.032655 0.634435 0.096676
v 0.032945 0.628989 0.096710
v 0.037842 0.627858 0.094951
v 0.031713 0.649685 0.098755
v 0.024394 0.648974 0.098815
v 0.025844 0.645896 0.098223
v 0.032033 0.646480 0.098625
v 0.015898 0.638723 0.094594
v 0.017015 0.641287 0.095295
v 0.013713 0.642802 0.096403
v 0.012874 0.638475 0.096032
v 0.015130 0.635470 0.096343
v 0.017157 0.637104 0.095024
v 0.033892 0.707666 0.080639
v 0.029197 0.692488 0.094577
v 0.048272 0.699160 0.071206
v 0.058778 0.686330 0.062544
v 0.064385 0.671226 0.054658
v 0.049072 0.574810 0.086225
v 0.049922 0.565338 0.081161
v 0.056782 0.570283 0.068553
v 0.054650 0.560220 0.064520
v 0.047824 0.555179 0.078458
v 0.034556 0.537714 0.077085
v 0.042830 0.545177 0.077129
v 0.049407 0.550543 0.060109
v 0.055833 0.560171 0.043361
v 0.059413 0.567863 0.050043
v 0.058872 0.573748 0.029770
v 0.050265 0.552302 0.033612
v 0.055789 0.571911 0.022007
v 0.037222 0.519956 0.039654
v 0.039724 0.508710 0.036522
v 0.049135 0.513616 0.024049
v 0.048124 0.524704 0.027355
v 0.061262 0.576811 0.056649
v 0.064594 0.640162 0.055823
v 0.060838 0.641315 0.066888
v 0.066935 0.626640 0.054604
v 0.067947 0.696848 0.026718
v 0.063176 0.693323 0.045505
v 0.069508 0.676609 0.040978
v 0.072868 0.680630 0.024879
v 0.041767 0.732488 0.030701
v 0.039212 0.722690 0.058629
v 0.052359 0.710213 0.052236
v 0.056288 0.717830 0.029230
v 0.075245 0.680668 0.009838
v 0.075660 0.678393 -0.007900
v 0.070040 0.691925 -0.017720
v 0.069237 0.698002 0.003991
v 0.058189 0.709924 -0.027119
v 0.057897 0.716876 -0.000391
v 0.054652 0.557665 0.014241
v 0.055920 0.575601 0.009680
v 0.046877 0.537610 0.031487
v 0.053460 0.542410 0.015744
v 0.040528 0.722061 -0.032811
v 0.040978 0.732259 -0.002674
v 0.062104 0.650215 -0.050462
v 0.064909 0.667863 -0.045561
v 0.072667 0.658164 -0.028557
v 0.069604 0.643476 -0.035071
v 0.050982 0.657528 -0.066973
v 0.052867 0.678274 -0.061533
v 0.049796 0.597590 -0.040010
v 0.043654 0.581781 -0.031664
v 0.034727 0.582259 -0.042522
v 0.040299 0.598081 -0.054399
v 0.050821 0.654966 0.088384
v 0.047058 0.649670 0.093309
v 0.050407 0.645840 0.087895
v 0.054505 0.648902 0.081649
v 0.057948 0.651453 0.071570
v 0.061806 0.653911 0.059869
v 0.071419 0.661766 0.035824
v 0.075273 0.666863 0.022263
v 0.077446 0.665283 -0.003105
v 0.077001 0.666983 0.010681
v 0.074782 0.646655 -0.018382
v 0.071926 0.637498 -0.022254
v 0.054962 0.583829 -0.005595
v 0.051448 0.563012 -0.002123
v 0.044932 0.564972 -0.014709
v 0.049442 0.583079 -0.019493
v 0.030587 0.566178 -0.034676
v 0.037542 0.565893 -0.025158
v 0.050186 0.531257 -0.001160
v 0.050888 0.518168 -0.004935
v 0.046719 0.520487 -0.018880
v 0.044742 0.532986 -0.014488
v 0.040325 0.520136 -0.030885
v 0.030964 0.519118 -0.039240
v 0.029198 0.533629 -0.034869
v 0.037152 0.533824 -0.026419
v 0.018665 0.501442 0.051027
v 0.019835 0.492145 0.047854
v 0.030559 0.495167 0.042361
v 0.028014 0.504912 0.044878
v 0.053821 0.507426 -0.009931
v 0.050817 0.510934 -0.024547
v 0.056617 0.597730 -0.026092
v 0.060390 0.600777 -0.014819
v 0.044698 0.510240 -0.036978
v 0.036529 0.549136 -0.023711
v 0.043709 0.547580 -0.013288
v 0.019976 0.567242 -0.042335
v 0.023669 0.582682 -0.052402
v 0.019934 0.617477 0.103843
v 0.023034 0.632053 0.097323
v 0.023670 0.635736 0.096655
v 0.019839 0.636446 0.095907
v 0.018665 0.633533 0.096824
v 0.011650 0.674459 0.106289
v 0.010198 0.657223 0.107807
v 0.022937 0.661311 0.106281
v 0.024552 0.675273 0.102586
v 0.049635 0.603093 0.093738
v 0.040820 0.609287 0.099676
v 0.037739 0.600471 0.102551
v 0.043499 0.592910 0.098329
v 0.046701 0.638965 0.087601
v 0.048286 0.641035 0.087329
v 0.045793 0.640869 0.089853
v 0.040181 0.579677 0.097589
v 0.046965 0.583959 0.092394
v 0.066497 0.611796 0.054670
v 0.056868 0.641465 0.076383
v 0.020464 0.742715 0.033383
v 0.019817 0.731004 0.065344
v 0.020088 0.732533 -0.033708
v 0.020327 0.742425 -0.002367
v 0.036709 0.685956 -0.072948
v 0.035419 0.663363 -0.079264
v 0.017575 0.668599 -0.087444
v 0.018143 0.693919 -0.078569
v 0.027854 0.599076 -0.064952
v 0.021692 0.518812 -0.044625
v 0.019560 0.534811 -0.040917
v 0.017822 0.712271 0.086416
v 0.014941 0.693208 0.099811
v 0.066918 0.656705 0.047346
v 0.060395 0.614887 0.078788
v 0.055714 0.622634 0.083421
v 0.053304 0.618718 0.088160
v 0.057394 0.608306 0.084323
v 0.062875 0.605951 0.069881
v 0.063653 0.597753 0.057489
v 0.064431 0.589543 0.043524
v 0.061805 0.579207 0.036380
v 0.074288 0.671497 -0.022253
v 0.066570 0.683439 -0.037866
v 0.056076 0.696363 -0.048576
v 0.038994 0.706127 -0.057107
v 0.075997 0.661310 -0.015519
v 0.019262 0.715529 -0.059789
v 0.010088 0.590441 0.113792
v 0.017093 0.590090 0.109358
v 0.008542 0.594406 0.113465
v 0.009673 0.566971 0.113860
v 0.005592 0.566478 0.115469
v 0.006573 0.561169 0.112458
v 0.011306 0.561840 0.111005
v 0.015595 0.527873 0.084461
v 0.024764 0.531941 0.080465
v 0.017655 0.510561 0.055673
v 0.026525 0.514349 0.049048
v 0.008451 0.602646 0.117536
v 0.006931 0.602998 0.117819
v 0.006731 0.601963 0.115681
v 0.008646 0.601857 0.115421
v 0.021576 0.575304 0.105746
v 0.006318 0.582752 0.117342
v 0.003339 0.582525 0.118012
v 0.003611 0.578985 0.116524
v 0.006636 0.579097 0.115955
v 0.039222 0.539330 0.055761
v 0.036318 0.530772 0.045140
v 0.052518 0.514999 0.010457
v 0.052579 0.528182 0.013579
v 0.050765 0.546205 -0.000105
v 0.028802 0.550870 -0.033345
v 0.019753 0.551337 -0.039968
v -0.002515 0.553305 -0.045818
v -0.003669 0.567899 -0.050520
v 0.009128 0.567562 -0.048356
v 0.008427 0.552549 -0.043616
v 0.026045 0.528992 0.065209
v 0.016281 0.524533 0.070721
v 0.016796 0.519151 0.061590
v 0.025850 0.523410 0.055190
v 0.003287 0.599867 0.118767
v 0.001966 0.598959 0.120330
v 0.002375 0.596784 0.117541
v 0.004165 0.598765 0.116788
v 0.009440 0.599936 0.113751
v 0.007262 0.598950 0.113803
v 0.007659 0.597106 0.113675
v 0.009895 0.602477 0.118216
v 0.010290 0.601149 0.115590
v 0.005428 0.603384 0.122759
v 0.008115 0.603188 0.121175
v 0.005470 0.603623 0.127608
v 0.004783 0.600966 0.117324
v 0.005253 0.599754 0.115685
v 0.008364 0.600870 0.114163
v 0.006770 0.600599 0.114258
v 0.005650 0.603353 0.120702
v 0.007383 0.603143 0.119443
v 0.005401 0.624461 0.119984
v -0.000213 0.625465 0.122272
v -0.000362 0.618900 0.127690
v -0.000444 0.611348 0.132604
v -0.000366 0.603386 0.130520
v 0.009167 0.516575 0.064457
v 0.009929 0.508136 0.058731
v -0.001165 0.692303 0.101800
v -0.001109 0.672793 0.106838
v 0.022208 0.574101 0.104152
v 0.023498 0.653165 0.101356
v 0.047481 0.617224 0.093698
v 0.027049 0.618541 0.100908
v 0.033463 0.614283 0.100854
v 0.033385 0.621908 0.098248
v 0.027526 0.624662 0.098791
v 0.014563 0.650123 0.101694
v 0.005986 0.646482 0.106720
v 0.009651 0.644524 0.100569
v 0.009110 0.638048 0.100317
v 0.006164 0.637267 0.108033
v 0.010374 0.630572 0.104543
v 0.012097 0.632957 0.099211
v 0.044117 0.642579 0.092333
v 0.046297 0.643964 0.090712
v 0.015576 0.626137 0.101963
v 0.021088 0.622309 0.100942
v 0.021987 0.627178 0.098544
v 0.016800 0.629731 0.098634
v 0.040041 0.619118 0.096871
v 0.052359 0.641234 0.082940
v 0.049065 0.630393 0.085472
v 0.064033 0.605779 -0.006834
v 0.060353 0.595071 -0.000190
v 0.065930 0.586005 0.018387
v 0.063166 0.582122 0.021460
v 0.058665 0.584652 0.017091
v 0.063996 0.588334 0.014313
v 0.075375 0.636704 -0.000341
v 0.075341 0.643309 -0.004274
v 0.075702 0.644494 0.002673
v 0.074714 0.637124 0.002188
v 0.074581 0.640343 0.008319
v 0.074888 0.643917 0.010433
v 0.073800 0.635884 0.011982
v 0.073893 0.635924 0.008661
v 0.076507 0.654324 0.010752
v 0.074610 0.652533 0.020621
v 0.073016 0.640900 0.018090
v 0.068290 0.639031 0.041022
v 0.068889 0.628037 0.028763
v 0.070435 0.635703 0.023905
v 0.071245 0.647291 0.030259
v 0.064304 0.586478 0.025588
v 0.064924 0.593739 0.029116
v 0.058010 0.588070 0.008943
v -0.002453 0.678872 -0.086411
v -0.002450 0.704397 -0.074307
v 0.058963 0.632654 -0.050863
v 0.048330 0.636857 -0.066485
v 0.066081 0.628439 -0.035772
v 0.069225 0.625495 -0.022570
v 0.036152 0.642870 -0.079115
v 0.021090 0.642921 -0.085561
v 0.068754 0.621716 0.042197
v 0.067582 0.615906 0.030370
v 0.055201 0.614530 -0.047249
v 0.044951 0.617446 -0.062527
v 0.061980 0.612370 -0.032938
v 0.065546 0.613251 -0.020359
v 0.031318 0.622901 -0.075096
v 0.013335 0.597859 -0.071357
v 0.014942 0.619239 -0.081277
v 0.068143 0.596716 0.018106
v 0.066719 0.594809 0.022315
v 0.066504 0.588740 0.021253
v 0.069276 0.590923 0.019366
v 0.066882 0.606307 0.041912
v 0.066763 0.604301 0.029891
v 0.005727 0.630492 0.114622
v -0.000158 0.638927 0.111863
v -0.000119 0.632015 0.117149
v -0.000421 0.647164 0.108671
v -0.001928 0.746693 0.004546
v -0.001676 0.745231 0.036027
v -0.002279 0.725084 -0.052956
v -0.002087 0.739994 -0.025763
v 0.004141 0.553368 0.112849
v 0.006562 0.540238 0.112514
v 0.005359 0.590277 0.116305
v 0.002538 0.589678 0.116949
v 0.002967 0.586046 0.117679
v 0.005909 0.586537 0.116971
v 0.017890 0.646687 0.097508
v 0.010841 0.583274 -0.058541
v 0.009044 0.535797 -0.044484
v 0.010524 0.519549 -0.047631
v 0.035297 0.508132 -0.045909
v 0.024179 0.506575 -0.051257
v 0.002179 0.593292 0.116804
v 0.004763 0.593825 0.115804
v 0.004914 0.602699 0.119280
v 0.011089 0.578709 0.114131
v 0.004668 0.596578 0.115643
v 0.005369 0.598545 0.115359
v 0.000455 0.596240 0.118237
v 0.000707 0.592975 0.117016
v 0.027957 0.630549 0.097565
v 0.028182 0.635056 0.097090
v 0.002786 0.600691 0.123939
v 0.003553 0.601701 0.121407
v -0.000418 0.599819 0.124616
v 0.042101 0.498359 0.033412
v 0.050468 0.501761 0.020278
v 0.001348 0.582341 0.118131
v 0.001529 0.578703 0.116795
v -0.001752 0.733076 0.068369
v -0.002127 0.596085 -0.072282
v -0.002191 0.614170 -0.081521
v 0.068979 0.621180 0.021418
v 0.070582 0.617383 0.016689
v 0.072029 0.624006 0.014233
v 0.070452 0.628425 0.018921
v 0.010706 0.499163 0.054431
v 0.054001 0.504269 0.005254
v 0.012267 0.506452 -0.054442
v 0.046439 0.637311 0.087141
v 0.045143 0.635957 0.088158
v 0.020531 0.644051 0.096683
v -0.002471 0.644373 -0.088345
v 0.012448 0.571603 0.111898
v 0.010994 0.575176 0.111358
v -0.001677 0.537419 -0.045612
v 0.008605 0.522101 0.073442
v 0.000540 0.598442 0.121172
v -0.003241 0.582084 -0.060183
v 0.074430 0.629946 0.005992
v 0.075958 0.628547 0.009088
v 0.075423 0.625607 0.008830
v 0.073808 0.626341 0.007318
v 0.076784 0.631730 0.013371
v 0.077810 0.628639 0.011311
v 0.079506 0.631129 0.010490
v 0.078176 0.634736 0.011848
v 0.072637 0.633265 0.015594
v 0.074513 0.628318 0.014147
v 0.080448 0.632878 0.008880
v 0.080344 0.635636 0.010071
v 0.077730 0.637183 0.008754
v 0.074503 0.636891 0.005511
v 0.082655 0.636439 0.006758
v 0.079109 0.638479 0.004702
v 0.085196 0.635966 0.001970
v 0.080717 0.638469 -0.000354
v 0.086510 0.632693 -0.003019
v 0.081177 0.634470 -0.005159
v 0.067595 0.602377 0.022287
v 0.067973 0.603172 0.015832
v 0.086941 0.627483 -0.006014
v 0.080894 0.628216 -0.007467
v 0.086181 0.620658 -0.007494
v 0.080535 0.621173 -0.008894
v 0.084441 0.613489 -0.006892
v 0.079673 0.613664 -0.008428
v 0.082838 0.606576 -0.004998
v 0.078234 0.605555 -0.006375
v 0.080526 0.599948 -0.001059
v 0.075785 0.596854 -0.001926
v 0.082007 0.633924 0.000943
v 0.083056 0.630829 -0.002595
v 0.073447 0.632857 -0.001387
v 0.081008 0.634569 0.005438
v 0.073548 0.620801 0.001821
v 0.072080 0.622859 0.002028
v 0.072978 0.621167 0.003125
v 0.071770 0.619841 0.000677
v 0.069520 0.609913 0.016910
v 0.070878 0.609980 0.013362
v 0.071336 0.615577 0.013426
v 0.069308 0.605959 0.012914
v 0.068570 0.607371 0.011729
v 0.068289 0.610853 0.011959
v 0.067638 0.615375 0.011761
v 0.069068 0.605804 0.010233
v 0.069978 0.604069 0.010849
v 0.067914 0.607100 0.009590
v 0.067575 0.607982 0.010562
v 0.066625 0.610134 0.009640
v 0.067192 0.613237 0.007283
v 0.068201 0.611641 0.022394
v 0.068603 0.608892 -0.000714
v 0.065393 0.600698 0.003160
v 0.077335 0.595517 0.004548
v 0.073962 0.589804 0.004702
v 0.071591 0.587806 0.016768
v 0.072987 0.585992 0.011309
v 0.072220 0.627703 -0.003344
v 0.071918 0.621998 -0.004699
v 0.063547 0.594128 0.009359
v 0.071069 0.615735 -0.004050
v 0.078812 0.604158 -0.000145
v 0.075680 0.601009 0.003584
v 0.081268 0.608726 -0.003099
v 0.070544 0.600759 0.012422
v 0.071697 0.594971 0.014681
v 0.074693 0.594194 0.010113
v 0.072798 0.600056 0.008035
v 0.077563 0.607375 0.001652
v 0.073929 0.605251 0.004217
v 0.074625 0.610291 0.001548
v 0.071351 0.608339 0.003976
v 0.069693 0.606525 0.007288
v 0.071297 0.604085 0.007572
v 0.067795 0.610592 0.003561
v 0.071273 0.613688 0.001371
v 0.067512 0.608132 0.007268
v 0.077282 0.613014 0.000933
v 0.079699 0.616503 0.000580
v 0.077602 0.619126 0.002417
v 0.074671 0.616418 0.001133
v 0.081800 0.614425 -0.005011
v 0.081889 0.615015 -0.001743
v 0.080085 0.610747 -0.000461
v 0.082674 0.620199 -0.002631
v 0.082624 0.620788 -0.005525
v 0.081071 0.620285 -0.000313
v 0.079697 0.621398 0.001650
v 0.082407 0.628749 -0.000558
v 0.082686 0.625055 -0.002063
v 0.083438 0.626583 -0.004717
v 0.081684 0.623895 0.000149
v 0.081132 0.626839 0.001123
v 0.079829 0.625248 0.002200
v 0.080493 0.623536 0.001131
v 0.078391 0.632567 0.007394
v 0.077141 0.631000 0.008764
v 0.079622 0.632568 0.004833
v 0.077448 0.632836 0.005398
v 0.078272 0.630498 0.004655
v 0.076089 0.631913 0.005650
v 0.077326 0.628616 0.005124
v 0.075307 0.626397 0.005051
v 0.023464 0.470323 0.044716
v 0.021668 0.481299 0.045503
v 0.011746 0.478251 0.048048
v 0.012550 0.467750 0.046370
v 0.078695 0.626841 0.003927
v 0.079769 0.628964 0.002778
v 0.081038 0.631526 0.001747
v 0.076295 0.622903 0.003130
v 0.077607 0.621867 0.002930
v 0.078598 0.623254 0.002857
v 0.077181 0.624764 0.003837
v 0.071577 0.619570 0.012268
v 0.069729 0.618044 0.009060
v 0.070083 0.615434 0.005226
v 0.055430 0.457752 0.031372
v 0.069154 0.465579 0.019377
v 0.063635 0.473316 0.015980
v 0.050842 0.466993 0.027116
v 0.065422 0.435242 0.049438
v 0.067342 0.417484 0.060146
v 0.084915 0.422892 0.053436
v 0.085829 0.444572 0.035557
v 0.084048 0.404873 0.067744
v 0.067566 0.400830 0.072219
v 0.081303 0.357459 0.105563
v 0.082216 0.372573 0.093233
v 0.066225 0.371096 0.097461
v 0.065537 0.355741 0.109293
v 0.106329 0.283353 0.139580
v 0.094403 0.285305 0.144643
v 0.087577 0.269236 0.143163
v 0.100830 0.265101 0.136994
v 0.141288 0.381930 0.061828
v 0.150381 0.372886 0.059048
v 0.153111 0.391742 0.053484
v 0.142837 0.400215 0.054600
v 0.096431 0.478660 -0.011200
v 0.089518 0.481109 -0.013777
v 0.084935 0.468264 0.006550
v 0.092193 0.464977 0.011850
v 0.146829 0.296169 0.088836
v 0.141296 0.305359 0.098220
v 0.139341 0.293664 0.105423
v 0.143461 0.284208 0.097143
v 0.113712 0.212004 0.084055
v 0.100694 0.211441 0.099061
v 0.099917 0.194025 0.100143
v 0.113943 0.194310 0.084525
v 0.144988 0.232413 0.022309
v 0.141154 0.216878 0.021063
v 0.140084 0.217134 -0.003623
v 0.143344 0.231631 -0.003336
v 0.108388 0.357246 0.095275
v 0.109907 0.372848 0.083343
v 0.096871 0.373034 0.088310
v 0.095639 0.357923 0.100650
v 0.326724 0.429711 0.015637
v 0.301425 0.430363 0.016996
v 0.302367 0.414454 0.018268
v 0.327474 0.413680 0.016606
v 0.142729 0.129289 0.040133
v 0.144538 0.112668 0.044066
v 0.145076 0.116114 0.018705
v 0.142688 0.132456 0.015829
v 0.194837 0.454258 0.029185
v 0.194843 0.471169 0.012093
v 0.181842 0.473407 0.012091
v 0.180558 0.457077 0.030675
v 0.143832 0.345717 0.072430
v 0.146720 0.358012 0.065573
v 0.139201 0.366229 0.069988
v 0.136467 0.352030 0.078231
v 0.153239 0.259925 -0.007976
v 0.156229 0.276480 -0.010691
v 0.157865 0.277104 0.009678
v 0.155423 0.260723 0.014773
v 0.151758 0.245834 0.019099
v 0.149297 0.244869 -0.005317
v 0.128858 0.354668 0.083886
v 0.130215 0.371653 0.074094
v 0.121114 0.372544 0.078494
v 0.119342 0.356165 0.089758
v 0.078389 0.255123 0.136315
v 0.093923 0.249860 0.128206
v 0.137915 0.108555 0.068689
v 0.136888 0.125678 0.064255
v 0.125810 0.121886 0.085005
v 0.126220 0.104523 0.089772
v 0.085029 0.227042 0.109248
v 0.099349 0.226765 0.098555
v 0.102384 0.238056 0.107998
v 0.087567 0.239340 0.116439
v 0.110701 0.101480 0.107867
v 0.110466 0.118790 0.102475
v 0.093545 0.116859 0.118113
v 0.093685 0.097546 0.124444
v 0.083036 0.388322 0.080815
v 0.067005 0.385623 0.084932
v 0.125915 0.283080 0.124634
v 0.117145 0.282777 0.132599
v 0.112839 0.263990 0.129538
v 0.123204 0.265370 0.121243
v 0.161489 0.345613 0.043643
v 0.169816 0.358814 0.038068
v 0.165391 0.379247 0.048765
v 0.158322 0.360314 0.053579
v 0.149865 0.100350 0.020584
v 0.148442 0.096837 0.046741
v 0.113212 0.083131 0.111898
v 0.095556 0.078473 0.128787
v 0.201283 0.355657 -0.027336
v 0.199270 0.359133 -0.015311
v 0.190033 0.346508 -0.012396
v 0.192763 0.343746 -0.024558
v 0.055185 0.286610 0.146221
v 0.064049 0.266986 0.143313
v 0.076696 0.279329 0.147098
v 0.069771 0.295274 0.146688
v 0.119318 0.249954 0.111417
v 0.107601 0.248471 0.119795
v 0.115727 0.239198 0.098785
v 0.039287 0.277805 0.141359
v 0.049298 0.253851 0.132928
v 0.050278 0.382357 0.088579
v 0.049589 0.368165 0.100539
v 0.050457 0.397379 0.077316
v 0.049577 0.413114 0.066563
v 0.032577 0.409606 0.071135
v 0.033171 0.393807 0.081449
v 0.047499 0.429565 0.057851
v 0.031070 0.425771 0.063022
v 0.040183 0.452448 0.040991
v 0.036920 0.462457 0.036577
v 0.153052 0.346977 0.059152
v 0.149729 0.335665 0.065037
v 0.129052 0.087429 0.093097
v 0.110140 0.414433 -0.096799
v 0.125804 0.420311 -0.089032
v 0.124894 0.403571 -0.093556
v 0.109338 0.396932 -0.101467
v 0.102794 0.465578 0.013554
v 0.104018 0.479298 -0.010370
v 0.176539 0.360434 -0.064682
v 0.176269 0.351024 -0.060387
v 0.165846 0.342271 -0.063327
v 0.165126 0.353487 -0.067409
v 0.201257 0.356607 -0.046703
v 0.199901 0.362833 -0.053231
v 0.213225 0.370671 -0.055997
v 0.214394 0.364494 -0.049463
v 0.139781 0.118943 -0.004426
v 0.136877 0.135318 -0.007731
v 0.119984 0.242982 -0.065001
v 0.128674 0.259148 -0.064526
v 0.137942 0.251558 -0.047487
v 0.130575 0.236260 -0.046729
v 0.016669 0.381684 -0.099961
v 0.035502 0.385047 -0.103395
v 0.035251 0.370200 -0.105791
v 0.016348 0.366968 -0.101907
v 0.074096 0.414114 -0.102198
v 0.053620 0.405381 -0.103123
v 0.053043 0.419094 -0.098959
v 0.073989 0.428667 -0.097134
v 0.092278 0.406551 -0.103319
v 0.091609 0.389229 -0.107537
v 0.149276 0.262496 -0.028367
v 0.152786 0.278756 -0.028709
v 0.161096 0.302043 -0.031215
v 0.166234 0.310818 -0.032014
v 0.167283 0.310506 -0.018074
v 0.162541 0.301397 -0.016169
v 0.082466 0.485766 -0.016279
v 0.089547 0.487139 -0.036300
v 0.080880 0.490448 -0.038816
v 0.048452 0.464999 -0.079436
v 0.058498 0.469939 -0.075181
v 0.061163 0.464360 -0.078430
v 0.048418 0.458785 -0.082840
v 0.037594 0.303128 -0.110785
v 0.039384 0.281282 -0.106575
v 0.017550 0.282245 -0.107430
v 0.016755 0.302712 -0.111104
v 0.171188 0.321466 -0.043435
v 0.169495 0.326198 -0.052005
v 0.179188 0.335484 -0.050716
v 0.181305 0.330512 -0.043541
v 0.161708 0.317899 -0.052983
v 0.164174 0.313392 -0.043421
v 0.158823 0.304621 -0.043750
v 0.155679 0.309377 -0.054921
v 0.136570 0.274341 -0.062172
v 0.143945 0.288853 -0.059293
v 0.149075 0.283339 -0.044923
v 0.143862 0.267610 -0.046380
v 0.018191 0.215072 -0.087757
v 0.017710 0.235887 -0.096729
v 0.037247 0.235038 -0.095303
v 0.037028 0.213454 -0.088782
v 0.206631 0.376557 0.003324
v 0.222087 0.379458 -0.000423
v 0.219411 0.387781 0.013217
v 0.205720 0.384093 0.016662
v 0.219475 0.391352 -0.067830
v 0.218291 0.398060 -0.069298
v 0.228757 0.402671 -0.070632
v 0.229615 0.396393 -0.069726
v 0.244556 0.372429 -0.015457
v 0.264787 0.370974 -0.018302
v 0.261111 0.378634 -0.004597
v 0.240086 0.379573 -0.002575
v 0.113147 0.482865 -0.036727
v 0.105582 0.484522 -0.035795
v 0.111719 0.480009 -0.009953
v 0.230145 0.364521 -0.034470
v 0.229447 0.365619 -0.044648
v 0.246226 0.368063 -0.049522
v 0.247149 0.365996 -0.038794
v 0.326123 0.444732 0.007570
v 0.300857 0.445275 0.008818
v 0.288274 0.367711 -0.033523
v 0.266977 0.366883 -0.031014
v 0.267385 0.366603 -0.043046
v 0.289451 0.369232 -0.046181
v 0.124202 0.221420 -0.045689
v 0.112130 0.226954 -0.062885
v 0.115555 0.123382 -0.042139
v 0.111424 0.140729 -0.045234
v 0.125592 0.138307 -0.028567
v 0.129550 0.121515 -0.025080
v 0.144041 0.102963 -0.003414
v 0.118988 0.105848 -0.040507
v 0.133407 0.104742 -0.023844
v 0.064636 0.498125 -0.034596
v 0.072687 0.494317 -0.037792
v 0.062444 0.490751 -0.054219
v 0.056016 0.496944 -0.049253
v 0.179237 -0.003259 -0.008793
v 0.183000 -0.005905 0.022025
v 0.184627 -0.029920 0.014806
v 0.179157 -0.029923 -0.014801
v 0.032935 0.479180 -0.071814
v 0.029673 0.488484 -0.065625
v 0.043746 0.492244 -0.059153
v 0.048841 0.484696 -0.064878
v 0.177442 0.021826 -0.005688
v 0.180342 0.017926 0.023440
v 0.067448 0.493202 -0.016305
v 0.075138 0.489241 -0.017016
v 0.065004 0.486564 0.000502
v 0.072219 0.480894 0.000581
v 0.058044 0.481571 0.015208
v 0.179469 -0.011802 0.047811
v 0.183829 -0.036679 0.044112
v 0.050099 0.502846 -0.043449
v 0.039269 0.499696 -0.053075
v 0.026766 0.497144 -0.058593
v 0.013756 0.495819 -0.061887
v -0.000504 0.495756 -0.062665
v -0.000609 0.506134 -0.056178
v 0.156426 0.085297 0.021792
v 0.151577 0.087692 -0.004070
v 0.127404 -0.133513 -0.084420
v 0.129477 -0.148398 -0.073603
v 0.096472 -0.147901 -0.082497
v 0.099281 -0.137726 -0.092324
v 0.027297 -0.121941 -0.098477
v 0.065853 -0.132835 -0.098011
v 0.060622 -0.143080 -0.085785
v 0.024372 -0.131173 -0.084783
v 0.034738 -0.010135 -0.111079
v 0.035514 0.011168 -0.104417
v 0.065176 0.011124 -0.103512
v 0.065342 -0.010030 -0.111047
v 0.140909 0.089007 -0.025855
v 0.126114 0.089504 -0.043151
v 0.153969 0.081692 0.048696
v 0.183343 -0.171602 0.056197
v 0.179508 -0.207995 0.052711
v 0.184227 -0.202624 0.014317
v 0.191254 -0.166941 0.015452
v 0.152230 -0.197012 -0.045485
v 0.120740 -0.194517 -0.060346
v 0.125885 -0.169692 -0.066490
v 0.158258 -0.168400 -0.050553
v 0.076718 0.074510 0.143350
v 0.077821 0.054286 0.145485
v 0.097299 0.059380 0.130794
v 0.017349 0.064547 0.164906
v 0.016483 0.044068 0.167121
v 0.037057 0.046824 0.163645
v 0.038461 0.067863 0.161110
v 0.025699 -0.062303 0.141842
v 0.030194 -0.040069 0.148235
v 0.013428 -0.041541 0.151910
v 0.011959 -0.062247 0.144941
v 0.169139 -0.017482 0.071561
v 0.166099 0.002852 0.074341
v 0.148761 -0.003406 0.095129
v 0.151338 -0.023360 0.092852
v 0.055162 -0.152136 -0.067247
v 0.022075 -0.138441 -0.065866
v 0.163732 -0.174060 0.093489
v 0.161760 -0.211755 0.089311
v 0.133701 -0.215497 0.117723
v 0.136433 -0.180386 0.120134
v 0.103075 -0.182548 0.131395
v 0.099807 -0.214631 0.128132
v 0.011220 -0.126442 0.078197
v 0.010668 -0.138678 0.079586
v 0.027796 -0.124575 0.102688
v 0.023037 -0.110039 0.104634
v 0.030676 -0.094908 -0.112445
v 0.064049 -0.100590 -0.112668
v 0.064763 -0.117233 -0.106963
v 0.029720 -0.111170 -0.105864
v 0.108232 0.088932 -0.056593
v 0.102081 0.106258 -0.052927
v 0.084063 0.106382 -0.060997
v 0.081204 0.125856 -0.062300
v 0.099222 0.124832 -0.054636
v 0.080192 0.243345 -0.088738
v 0.089170 0.261146 -0.092484
v 0.105889 0.250472 -0.079870
v 0.097879 0.234351 -0.077107
v 0.054023 0.390867 -0.106621
v 0.054534 0.375431 -0.109457
v 0.083339 -0.184874 -0.066351
v 0.086498 -0.216459 -0.059109
v 0.050959 -0.208295 -0.053890
v 0.041190 -0.167975 -0.056362
v 0.146428 -0.226474 -0.041833
v 0.175191 -0.198173 -0.020701
v 0.167067 -0.229922 -0.019540
v 0.173423 -0.241161 0.050781
v 0.177081 -0.235677 0.013407
v 0.129122 -0.248122 0.114023
v 0.095625 -0.245817 0.122867
v 0.015698 -0.208249 0.087065
v 0.014872 -0.231760 0.076950
v 0.034038 -0.237023 0.099383
v 0.036737 -0.211497 0.108061
v 0.065429 -0.062307 0.125233
v 0.074727 -0.085171 0.124322
v 0.103661 -0.067066 0.119918
v 0.101099 -0.045395 0.118587
v 0.039433 0.089497 0.157291
v 0.022377 0.085662 0.160946
v 0.075606 0.094809 0.139106
v 0.056902 0.092457 0.150393
v 0.057199 0.070961 0.154391
v 0.044647 0.176781 0.141765
v 0.042078 0.156877 0.146338
v 0.061763 0.156508 0.136820
v 0.064861 0.175937 0.132224
v 0.068132 0.196015 0.128140
v 0.047422 0.197117 0.137234
v 0.048240 0.234195 0.123472
v 0.068097 0.229814 0.117949
v 0.070067 0.243589 0.125085
v 0.032987 0.378418 0.091667
v 0.032590 0.363591 0.102212
v 0.174834 -0.040572 0.070253
v 0.013102 -0.174692 -0.029232
v 0.021812 -0.207324 -0.034965
v 0.006838 -0.212517 -0.006619
v 0.003618 -0.185844 0.001457
v 0.175873 0.010266 0.050208
v 0.141079 0.092352 0.071604
v 0.145712 0.076413 0.073624
v 0.139789 0.236556 0.052206
v 0.135724 0.217224 0.045541
v 0.084938 0.288913 0.146362
v 0.082867 0.300600 0.144578
v 0.182459 -0.165266 -0.022892
v 0.123981 -0.278244 0.108394
v 0.091006 -0.276460 0.115785
v 0.085836 -0.305766 0.107734
v 0.118169 -0.307432 0.102107
v 0.007518 -0.252967 0.040061
v 0.011081 -0.281874 0.029667
v 0.017121 -0.286016 0.054979
v 0.015353 -0.258151 0.066033
v 0.015132 -0.310784 0.021247
v 0.017503 -0.338793 0.012445
v 0.020105 -0.344093 0.036030
v 0.019444 -0.315385 0.046786
v 0.156542 -0.247097 0.087043
v 0.159021 -0.301571 0.048111
v 0.165653 -0.272470 0.050057
v 0.150029 -0.277238 0.083770
v 0.144215 -0.306429 0.079519
v 0.118608 -0.223695 -0.054332
v 0.003817 -0.203838 0.062462
v 0.004794 -0.225998 0.051522
v 0.021352 -0.276299 -0.018735
v 0.013845 -0.244588 -0.013109
v 0.031019 -0.242916 -0.037454
v 0.038202 -0.275001 -0.040272
v 0.141680 -0.283306 -0.037671
v 0.143814 -0.255443 -0.038676
v 0.162438 -0.259914 -0.016159
v 0.158365 -0.288214 -0.014863
v 0.169979 -0.265982 0.015355
v 0.163572 -0.294827 0.015007
v 0.147513 -0.357220 0.044174
v 0.152773 -0.329675 0.045963
v 0.137836 -0.334471 0.075594
v 0.131549 -0.361626 0.071350
v 0.154104 -0.349988 0.012858
v 0.158508 -0.322558 0.013724
v 0.151395 -0.342973 -0.014396
v 0.155139 -0.315863 -0.014862
v 0.137866 -0.337176 -0.035302
v 0.140369 -0.310252 -0.037001
v 0.118947 -0.333235 -0.049832
v 0.119068 -0.306833 -0.051438
v 0.093322 -0.304330 -0.057286
v 0.096167 -0.331040 -0.055593
v 0.072289 -0.330052 -0.053883
v 0.067818 -0.303123 -0.054094
v 0.033006 -0.332711 -0.029912
v 0.027788 -0.305477 -0.024282
v 0.044365 -0.303812 -0.043281
v 0.050034 -0.330868 -0.045687
v 0.051565 -0.438573 -0.048542
v 0.045476 -0.410375 -0.046390
v 0.065005 -0.408505 -0.051691
v 0.070360 -0.436244 -0.051405
v 0.087694 -0.434128 -0.055122
v 0.083964 -0.407555 -0.052311
v 0.101920 -0.407005 -0.053024
v 0.106300 -0.433364 -0.055619
v 0.132498 -0.412979 -0.031598
v 0.134939 -0.438851 -0.033413
v 0.122758 -0.434590 -0.048857
v 0.119391 -0.408569 -0.046821
v 0.146193 -0.419238 -0.013254
v 0.146170 -0.444310 -0.014291
v 0.147178 -0.426238 0.010889
v 0.144140 -0.450876 0.009341
v 0.132448 -0.432276 0.035649
v 0.129193 -0.456088 0.032718
v 0.021757 -0.423625 0.004961
v 0.020882 -0.418220 -0.014932
v 0.026462 -0.445372 -0.021917
v 0.025419 -0.450726 -0.001456
v 0.047411 -0.433477 0.046122
v 0.050393 -0.458998 0.034666
v 0.065042 -0.459906 0.055596
v 0.065250 -0.435608 0.066278
v 0.142714 -0.383207 0.042398
v 0.150109 -0.376007 0.012180
v 0.147807 -0.368847 -0.013868
v 0.134633 -0.362810 -0.033228
v 0.037003 -0.358424 -0.035883
v 0.055110 -0.356341 -0.048086
v 0.020413 -0.371414 0.025757
v 0.018470 -0.365762 0.003461
v 0.094852 -0.413022 0.078100
v 0.119792 -0.412284 0.063860
v 0.125467 -0.387416 0.067506
v 0.099383 -0.387794 0.081930
v 0.148548 -0.401241 0.011540
v 0.145910 -0.393993 -0.013443
v 0.132884 -0.387926 -0.031757
v 0.100006 -0.381956 -0.052055
v 0.118484 -0.383793 -0.046268
v 0.080422 -0.381503 -0.051989
v 0.041169 -0.383889 -0.041775
v 0.059979 -0.381876 -0.050400
v 0.021627 -0.398078 0.015175
v 0.019656 -0.392054 -0.005874
v 0.089892 -0.460189 0.062960
v 0.114181 -0.459012 0.053179
v 0.115536 -0.435930 0.058083
v 0.091496 -0.437783 0.072857
v 0.089692 -0.481439 0.051911
v 0.067824 -0.481834 0.044839
v 0.109544 -0.460338 -0.057869
v 0.092410 -0.461212 -0.058326
v 0.125467 -0.461521 -0.050799
v 0.141052 -0.476174 0.008792
v 0.147104 -0.469157 -0.016769
v 0.127125 -0.481439 0.031771
v 0.111015 -0.480588 0.047225
v 0.040155 -0.500307 -0.028549
v 0.038489 -0.503573 -0.010638
v 0.031807 -0.475484 -0.006983
v 0.034318 -0.472274 -0.024683
v 0.060911 -0.494502 -0.055583
v 0.058579 -0.466343 -0.046743
v 0.075456 -0.463861 -0.051995
v 0.077300 -0.491039 -0.064801
v 0.114667 -0.488076 -0.066108
v 0.095925 -0.488435 -0.068882
v 0.131717 -0.488087 -0.058206
v 0.147772 -0.496419 -0.018601
v 0.145640 -0.490694 -0.042178
v 0.139564 -0.464024 -0.037297
v 0.140812 -0.503105 0.010236
v 0.120437 -0.538094 0.028086
v 0.143016 -0.531857 0.010116
v 0.118781 -0.508806 0.030718
v 0.097640 -0.633862 0.015221
v 0.098106 -0.667530 0.010064
v 0.119817 -0.664551 0.009634
v 0.122224 -0.631158 0.015186
v 0.041322 -0.530069 -0.035470
v 0.041651 -0.532351 -0.014924
v 0.079107 -0.520382 -0.075953
v 0.060584 -0.524187 -0.066311
v 0.154844 -0.555053 -0.023896
v 0.152410 -0.550323 -0.049995
v 0.149715 -0.519670 -0.045409
v 0.151501 -0.525021 -0.019511
v 0.043310 -0.627140 -0.028023
v 0.040701 -0.594832 -0.024615
v 0.040858 -0.592891 -0.046267
v 0.043645 -0.625642 -0.048090
v 0.077773 -0.552038 -0.083803
v 0.078238 -0.584905 -0.087997
v 0.060390 -0.587952 -0.077897
v 0.059311 -0.555695 -0.073409
v 0.152099 -0.622098 -0.029076
v 0.151148 -0.619150 -0.053180
v 0.153494 -0.583481 -0.052672
v 0.154989 -0.587371 -0.026995
v 0.122687 -0.567219 0.024894
v 0.124362 -0.598501 0.020018
v 0.145806 -0.592606 0.001134
v 0.145944 -0.561407 0.005638
v 0.095786 -0.569806 0.025172
v 0.097813 -0.600742 0.020465
v 0.056817 -0.695888 -0.047724
v 0.056564 -0.699453 -0.031186
v 0.049593 -0.662735 -0.029766
v 0.049844 -0.660033 -0.048185
v 0.080582 -0.619100 -0.087891
v 0.083528 -0.655005 -0.083723
v 0.067382 -0.656682 -0.075320
v 0.062829 -0.621586 -0.078490
v 0.141890 -0.696173 -0.032510
v 0.139877 -0.694044 -0.052943
v 0.146200 -0.656521 -0.052992
v 0.147450 -0.658497 -0.031217
v 0.117814 -0.700796 0.003734
v 0.135837 -0.698460 -0.010372
v 0.139788 -0.661169 -0.005804
v 0.097762 -0.703111 0.004834
v 0.097169 -0.738618 0.001384
v 0.114287 -0.736721 0.000913
v 0.062080 -0.731000 -0.046831
v 0.063404 -0.733548 -0.031856
v 0.073361 -0.727654 -0.068104
v 0.071702 -0.692676 -0.071314
v 0.085639 -0.690473 -0.078966
v 0.086116 -0.725256 -0.075617
v 0.119281 -0.692558 -0.077096
v 0.116716 -0.726902 -0.073010
v 0.101720 -0.725052 -0.077402
v 0.102793 -0.690735 -0.081109
v 0.132657 -0.728293 -0.051518
v 0.126236 -0.727476 -0.064640
v 0.132096 -0.692943 -0.067787
v 0.136329 -0.730158 -0.032848
v 0.130952 -0.733763 -0.011820
v 0.002708 -0.149262 -0.006200
v 0.009477 -0.154870 -0.017537
v 0.001832 -0.169332 0.012791
v -0.000684 -0.161207 0.024575
v 0.032709 -0.293915 0.080038
v 0.033545 -0.264354 0.090140
v 0.031412 -0.350410 0.059260
v 0.032840 -0.323049 0.070881
v 0.031382 -0.377514 0.047830
v 0.032159 -0.430537 0.025734
v 0.032057 -0.404108 0.036466
v 0.034626 -0.455926 0.015931
v 0.040670 -0.481053 0.010883
v 0.046058 -0.508141 0.008735
v 0.051941 -0.564481 0.001286
v 0.050547 -0.535312 0.005151
v 0.041221 -0.563062 -0.020060
v 0.054520 -0.629647 -0.006404
v 0.052512 -0.596109 -0.002557
v 0.064865 -0.702570 -0.014661
v 0.059137 -0.665910 -0.010586
v 0.071324 -0.736360 -0.017028
v 0.073322 -0.157242 0.129871
v 0.076778 -0.131765 0.129254
v 0.048571 -0.144662 0.121408
v 0.044359 -0.164769 0.119370
v 0.002547 -0.137117 0.046962
v 0.000812 -0.143099 0.046009
v 0.004258 -0.142955 0.061406
v 0.005552 -0.134768 0.060748
v 0.138368 -0.408270 0.039900
v 0.118135 -0.358670 -0.047385
v 0.076366 -0.355815 -0.052645
v 0.098071 -0.356598 -0.053152
v 0.045916 -0.409013 0.058189
v 0.067320 -0.411377 0.074430
v 0.070926 -0.386098 0.081580
v 0.047931 -0.382952 0.068065
v 0.092941 -0.543137 0.028561
v 0.068745 -0.539907 0.020758
v 0.071601 -0.568143 0.016221
v 0.091943 -0.518647 0.033109
v 0.137812 -0.516575 -0.064816
v 0.120260 -0.516304 -0.075251
v 0.100261 -0.548514 -0.087050
v 0.099831 -0.517578 -0.078684
v 0.122568 -0.546791 -0.083352
v 0.053726 -0.330469 0.089610
v 0.050345 -0.356567 0.079302
v 0.075834 -0.360380 0.090273
v 0.080716 -0.333804 0.099172
v 0.107041 0.158570 -0.048451
v 0.120817 0.155471 -0.032611
v 0.139107 0.261802 0.093242
v 0.129910 0.254216 0.102490
v 0.128182 0.242542 0.087757
v 0.139198 0.249908 0.075810
v 0.147050 0.260724 0.067397
v 0.145712 0.272123 0.085133
v 0.151836 0.273304 0.059950
v 0.150144 0.284596 0.077003
v 0.165306 0.337024 0.028733
v 0.173399 0.348285 0.023371
v 0.026280 0.233988 0.128166
v 0.026428 0.216616 0.135786
v 0.048854 0.216242 0.131430
v 0.057364 0.050149 0.156813
v 0.073190 -0.033712 0.133612
v 0.049834 -0.037601 0.141838
v 0.042565 -0.062683 0.135593
v 0.008824 -0.113838 0.102086
v 0.001770 -0.122401 0.084783
v 0.001247 -0.131941 0.061998
v 0.001099 -0.134901 0.046299
v 0.055945 0.209805 -0.085598
v 0.056777 0.231194 -0.091199
v 0.016669 0.395190 -0.097305
v 0.035024 0.398828 -0.100504
v 0.033559 0.424117 -0.094177
v 0.016473 0.420082 -0.092547
v 0.015982 0.431261 -0.090007
v 0.032187 0.435262 -0.090876
v 0.015219 0.485855 -0.069073
v 0.016424 0.475711 -0.074854
v -0.000853 -0.140686 0.029058
v -0.001380 -0.143476 0.020214
v -0.000584 -0.148808 0.042538
v 0.017582 -0.187723 0.095639
v 0.020689 -0.170280 0.101707
v 0.005912 -0.171959 0.078785
v 0.004338 -0.186154 0.071991
v 0.195111 -0.129606 0.020649
v 0.185825 -0.134572 0.060382
v 0.090897 -0.163735 -0.071432
v 0.336474 0.376573 -0.048716
v 0.312363 0.372587 -0.047928
v 0.313956 0.380230 -0.059336
v 0.337875 0.384659 -0.059335
v 0.060809 0.304120 -0.109953
v 0.067416 0.278294 -0.102916
v 0.078525 0.474958 0.002746
v 0.131273 0.480972 -0.004624
v 0.120741 0.480128 -0.008074
v 0.121811 0.468884 0.015283
v 0.130923 0.470195 0.018697
v 0.136918 0.439530 -0.075815
v 0.125662 0.436684 -0.082484
v 0.124813 0.453157 -0.071929
v 0.135318 0.454808 -0.065817
v 0.064128 -0.033421 -0.116563
v 0.033366 -0.032955 -0.115854
v 0.039138 0.150230 -0.071561
v 0.037412 0.170399 -0.077036
v 0.056430 0.167215 -0.075405
v 0.058908 0.147371 -0.070381
v 0.090142 0.291568 -0.101429
v 0.103266 0.276541 -0.091586
v 0.035320 0.300846 0.140028
v 0.051383 0.306447 0.141715
v 0.049935 0.323283 0.133125
v 0.033180 0.319316 0.132743
v 0.281114 0.402173 -0.071460
v 0.288813 0.387470 -0.066987
v 0.265700 0.381402 -0.063958
v 0.259872 0.390032 -0.068818
v 0.160885 -0.141629 -0.057602
v 0.186671 -0.123926 -0.025813
v 0.131981 0.185917 -0.022828
v 0.130527 0.168778 -0.017630
v 0.118773 0.172343 -0.037659
v 0.120802 0.189048 -0.043595
v 0.138381 0.232809 -0.026045
v 0.133783 0.218446 -0.025787
v 0.144844 0.246897 -0.027550
v 0.201675 0.353785 -0.038670
v 0.192394 0.342503 -0.035839
v 0.191039 0.344941 -0.044159
v 0.040351 -0.186976 0.114629
v 0.049812 -0.105835 0.118873
v 0.042908 -0.091121 0.120380
v 0.000469 -0.135323 0.032737
v 0.000851 -0.134541 0.033518
v 0.053449 0.491065 0.016747
v 0.058393 0.494215 0.001953
v 0.247141 0.367369 -0.027459
v 0.229119 0.366822 -0.023536
v 0.173579 0.319328 -0.019917
v 0.182983 0.329666 -0.022112
v 0.180849 0.333385 -0.008108
v 0.172199 0.322570 -0.004504
v 0.173207 0.318883 -0.032859
v 0.182970 0.328628 -0.033954
v 0.132171 0.388047 0.064264
v 0.132848 0.405647 0.055620
v 0.122468 0.408255 0.057553
v 0.122015 0.390683 0.067783
v 0.111063 0.390141 0.071519
v 0.111781 0.408565 0.059788
v 0.098989 0.407133 0.062957
v 0.097905 0.389400 0.075865
v 0.075230 0.457557 0.025990
v 0.060487 0.449355 0.040302
v 0.044064 0.443211 0.049641
v 0.029035 0.439283 0.056017
v 0.016708 0.464475 -0.079804
v 0.036974 0.468100 -0.078488
v 0.032667 0.456090 -0.083984
v 0.015822 0.452869 -0.083790
v 0.000909 0.451284 -0.083179
v 0.000535 0.462210 -0.079562
v 0.047307 0.477860 0.027044
v 0.035003 0.473673 0.037413
v 0.024716 0.459339 0.044923
v 0.327338 0.455144 -0.005119
v 0.302670 0.455994 -0.004707
v 0.057019 0.503249 -0.029797
v 0.059685 0.499252 -0.013644
v 0.328433 0.459529 -0.021521
v 0.303631 0.460483 -0.021546
v 0.113703 0.447705 0.032966
v 0.123262 0.449610 0.032415
v 0.112332 0.467096 0.014086
v 0.044568 0.488103 0.029514
v 0.033408 0.484429 0.039908
v 0.193617 -0.092797 0.029150
v 0.183452 -0.097286 0.064085
v 0.140554 0.145881 0.035186
v 0.135992 0.142736 0.058760
v 0.001649 0.176563 0.147289
v 0.000305 0.156798 0.151748
v 0.021246 0.156695 0.151012
v 0.023407 0.177021 0.146518
v 0.003411 0.232820 0.128855
v 0.003089 0.215030 0.136043
v 0.011188 0.489062 0.050773
v 0.038858 0.112983 0.153253
v 0.040039 0.135923 0.150218
v 0.019512 0.134629 0.154099
v 0.017887 0.108685 0.156626
v 0.008650 0.083656 0.162809
v 0.007041 0.071964 0.164605
v 0.021373 -0.079693 0.134526
v 0.010826 -0.079020 0.136840
v 0.239274 0.433539 0.025326
v 0.238569 0.451360 0.017749
v 0.222151 0.452177 0.022256
v 0.223579 0.433327 0.029034
v 0.076363 0.116226 0.133454
v 0.057704 0.115241 0.145738
v 0.156616 0.334555 0.048626
v 0.159442 0.325566 0.033586
v 0.025911 0.252199 0.130658
v 0.066831 0.311639 0.141252
v 0.065745 0.326528 0.132066
v 0.081657 0.315022 0.138387
v 0.080910 0.328969 0.128989
v 0.000404 -0.129994 0.018388
v -0.000307 -0.138389 0.026496
v 0.222398 0.438517 -0.065295
v 0.224782 0.429822 -0.068304
v 0.213217 0.425440 -0.068489
v 0.210912 0.435528 -0.065964
v 0.000648 -0.196799 0.033554
v 0.000125 -0.180823 0.043785
v 0.017626 -0.140373 -0.043881
v 0.004085 -0.136822 -0.029909
v 0.000273 -0.133223 -0.031517
v 0.000854 -0.125429 -0.045232
v 0.062208 -0.242853 0.116233
v 0.066388 -0.213098 0.123338
v 0.059324 -0.272599 0.107948
v 0.056262 -0.302302 0.099114
v 0.054976 -0.483489 0.026795
v 0.065331 -0.510722 0.026479
v 0.073803 -0.599179 0.011294
v 0.075506 -0.632322 0.006243
v 0.077502 -0.667746 0.001258
v 0.082783 -0.738505 -0.006136
v 0.079889 -0.704304 -0.003084
v 0.330279 0.456951 -0.037511
v 0.333126 0.449658 -0.050954
v 0.307146 0.449102 -0.053282
v 0.303649 0.457510 -0.039140
v 0.286413 0.370983 -0.020043
v 0.308516 0.371911 -0.021436
v 0.306710 0.378303 -0.007723
v 0.283780 0.378199 -0.006240
v 0.331652 0.372874 -0.022939
v 0.310269 0.369599 -0.035116
v 0.334010 0.372479 -0.036455
v 0.337881 0.396595 -0.067075
v 0.313968 0.392098 -0.067467
v 0.311184 0.407268 -0.071155
v 0.336836 0.411144 -0.069973
v 0.335088 0.438552 -0.061098
v 0.336457 0.425339 -0.067744
v 0.311079 0.423271 -0.069234
v 0.310255 0.437542 -0.062892
v 0.327925 0.399277 0.011890
v 0.303331 0.400001 0.013397
v 0.304818 0.388015 0.004374
v 0.328924 0.386981 0.003306
v 0.238335 0.465017 0.003468
v 0.221507 0.467477 0.007846
v 0.180178 0.369561 0.030080
v 0.191607 0.378521 0.021723
v 0.193758 0.390730 0.033902
v 0.180481 0.384389 0.040092
v 0.277036 0.446538 0.011491
v 0.279063 0.458484 -0.003127
v 0.256999 0.461800 -0.000159
v 0.256355 0.449016 0.014691
v 0.279243 0.400045 0.015678
v 0.256328 0.399548 0.018946
v 0.257967 0.388215 0.008603
v 0.281077 0.388414 0.006208
v 0.267036 0.371347 -0.054244
v 0.290040 0.375791 -0.057837
v 0.223809 0.413915 0.030098
v 0.239181 0.414859 0.026870
v 0.154149 0.323441 0.053858
v 0.166398 0.313319 -0.001186
v 0.162048 0.303378 0.001808
v 0.131506 0.268637 0.112830
v 0.132435 0.283893 0.116462
v 0.156531 0.280736 0.031649
v 0.153726 0.265200 0.038139
v 0.136885 0.284669 0.109775
v 0.138174 0.274608 0.104854
v 0.086237 0.212289 0.112248
v 0.026421 0.449290 0.048753
v 0.256096 0.414570 0.023505
v 0.256412 0.432148 0.022158
v 0.242806 0.382737 -0.065138
v 0.245325 0.374724 -0.058865
v 0.227874 0.369681 -0.053580
v 0.226916 0.376934 -0.060616
v 0.123429 0.316623 -0.091214
v 0.130433 0.305424 -0.082590
v 0.117543 0.291396 -0.087731
v 0.108102 0.303769 -0.097605
v 0.223257 0.454220 -0.055771
v 0.210384 0.454502 -0.055554
v 0.212415 0.463259 -0.045491
v 0.227142 0.461777 -0.046740
v 0.215624 0.470513 -0.031260
v 0.219718 0.473862 -0.012358
v 0.236735 0.470967 -0.015441
v 0.232174 0.468228 -0.033510
v 0.188444 -0.057728 0.006650
v 0.181331 -0.056189 -0.023210
v 0.115845 0.064639 0.114138
v 0.132747 0.070071 0.095260
v 0.101079 -0.023241 0.123450
v 0.008789 -0.150085 0.081312
v 0.026560 -0.140586 0.104891
v 0.002564 -0.219743 0.023239
v 0.187502 -0.060028 0.035765
v 0.013102 -0.278545 0.005502
v 0.007307 -0.248555 0.013895
v 0.063641 -0.275353 -0.053491
v 0.058423 -0.244083 -0.053388
v 0.089227 -0.248140 -0.058080
v 0.091070 -0.277244 -0.057615
v 0.118556 -0.252010 -0.052574
v 0.118287 -0.279994 -0.051997
v 0.105371 -0.362499 0.087550
v 0.100698 -0.582478 -0.091224
v 0.122386 -0.617425 -0.085809
v 0.101479 -0.618005 -0.090530
v 0.123013 -0.580601 -0.086914
v 0.140848 -0.547359 -0.070627
v 0.141389 -0.580811 -0.073471
v 0.143327 -0.625795 -0.001897
v 0.102579 -0.654241 -0.086322
v 0.121352 -0.655164 -0.081691
v 0.140097 -0.617250 -0.072879
v 0.136663 -0.655077 -0.070358
v 0.000442 -0.169372 0.052792
v 0.000961 -0.123865 -0.061308
v 0.162966 -0.106416 0.098162
v 0.164443 -0.138141 0.095018
v 0.077586 -0.107463 0.126457
v 0.105773 -0.092807 0.124858
v 0.111498 0.136420 0.097136
v 0.094689 0.135397 0.112220
v 0.113070 0.174841 0.087123
v 0.112401 0.155113 0.091698
v 0.125883 0.157871 0.074101
v 0.126041 0.176794 0.069419
v 0.139966 0.181267 0.025046
v 0.139459 0.163216 0.029881
v 0.138125 0.165787 0.005439
v 0.138656 0.183576 0.000363
v 0.132721 0.151846 -0.012360
v 0.139738 0.148617 0.010858
v 0.073864 0.184148 -0.074485
v 0.074200 0.204700 -0.079777
v 0.091027 0.199276 -0.071616
v 0.090393 0.180128 -0.065506
v 0.032289 -0.082702 0.128085
v 0.002179 -0.151535 0.061006
v 0.070083 -0.184365 0.127916
v 0.105855 -0.150514 0.132031
v 0.137485 -0.145451 0.120644
v 0.226242 0.372116 -0.012270
v 0.156408 0.333896 -0.066861
v 0.154638 0.345384 -0.071747
v 0.255579 0.467050 -0.018650
v 0.250712 0.464351 -0.036442
v 0.237370 0.399053 0.022491
v 0.208196 0.452675 0.026379
v 0.194929 0.432387 0.037770
v 0.209280 0.432358 0.033301
v 0.128281 -0.032561 0.107437
v 0.131432 -0.055500 0.109655
v 0.155789 -0.046332 0.093000
v 0.000686 -0.137502 -0.013501
v 0.000421 -0.131857 -0.021060
v 0.051303 -0.124639 0.120657
v 0.021558 -0.335221 -0.009875
v 0.017948 -0.307758 -0.002006
v 0.024264 -0.361435 -0.017785
v 0.027070 -0.387271 -0.025760
v 0.030208 -0.413742 -0.033415
v 0.036109 -0.440474 -0.039165
v 0.044388 -0.468387 -0.039003
v 0.048663 -0.497412 -0.043543
v 0.040823 -0.561102 -0.041829
v 0.047838 -0.527065 -0.052748
v 0.047262 -0.558292 -0.059376
v 0.048254 -0.590633 -0.063449
v 0.056541 -0.658424 -0.062966
v 0.050858 -0.623765 -0.064665
v 0.062366 -0.693713 -0.060815
v 0.066002 -0.729091 -0.058913
v -0.000516 -0.134495 0.012609
v -0.000349 -0.136647 0.000683
v 0.102822 0.445828 0.033532
v 0.168985 0.329302 0.012217
v 0.177012 0.339444 0.007548
v 0.221349 0.397933 0.025611
v 0.001340 -0.118498 -0.077549
v 0.000918 -0.110020 -0.091724
v 0.286871 0.434575 -0.065402
v 0.282421 0.447458 -0.056895
v 0.236701 0.388181 0.010955
v 0.181757 0.360119 0.016215
v 0.191256 0.370594 0.009003
v 0.525751 0.454941 -0.019150
v 0.545166 0.451291 -0.019139
v 0.545004 0.456048 -0.029892
v 0.525055 0.459069 -0.030969
v 0.525333 0.445966 -0.010116
v 0.544421 0.442232 -0.011231
v 0.521613 0.388961 -0.028575
v 0.541590 0.390506 -0.032862
v 0.540927 0.397889 -0.021733
v 0.521012 0.397299 -0.017600
v 0.561825 0.427821 -0.009420
v 0.543136 0.430870 -0.007359
v 0.541552 0.418576 -0.008342
v 0.560606 0.416767 -0.011384
v 0.522072 0.389425 -0.056570
v 0.502619 0.385643 -0.052704
v 0.501934 0.394151 -0.063546
v 0.521429 0.398404 -0.066117
v 0.440331 0.391112 -0.006417
v 0.424102 0.393342 -0.000977
v 0.426625 0.382447 -0.010216
v 0.442793 0.381019 -0.016569
v 0.485481 0.462444 -0.019229
v 0.505768 0.458567 -0.018980
v 0.504475 0.461447 -0.031898
v 0.483442 0.463319 -0.033052
v 0.481797 0.425768 -0.000500
v 0.459951 0.429063 0.000168
v 0.458550 0.413772 -0.001308
v 0.479999 0.410715 -0.003330
v 0.462299 0.463914 -0.034827
v 0.464438 0.465557 -0.020788
v 0.522344 0.420663 -0.005218
v 0.502492 0.422967 -0.002426
v 0.500785 0.409154 -0.006073
v 0.521048 0.408119 -0.009775
v 0.560717 0.396966 -0.059877
v 0.541531 0.393263 -0.058923
v 0.540859 0.402425 -0.067134
v 0.560229 0.406147 -0.066940
v 0.560147 0.407173 -0.017291
v 0.540720 0.407552 -0.013646
v 0.560407 0.398783 -0.025649
v 0.563240 0.449392 -0.052064
v 0.542685 0.450182 -0.054983
v 0.543856 0.455078 -0.042291
v 0.563945 0.453110 -0.040165
v 0.480754 0.387994 -0.018754
v 0.501303 0.388063 -0.023801
v 0.500591 0.397030 -0.013349
v 0.479823 0.397755 -0.009452
v 0.485403 0.453948 -0.007843
v 0.505615 0.449667 -0.008948
v 0.521939 0.450347 -0.057614
v 0.501002 0.449459 -0.059558
v 0.502466 0.457952 -0.046050
v 0.523350 0.456835 -0.044294
v 0.479884 0.432936 -0.068612
v 0.500209 0.436318 -0.068251
v 0.500072 0.421083 -0.071007
v 0.479931 0.416760 -0.069767
v 0.461875 0.380833 -0.024746
v 0.459973 0.388939 -0.012711
v 0.482833 0.382372 -0.047329
v 0.463242 0.379004 -0.040497
v 0.462766 0.385502 -0.054247
v 0.482237 0.389984 -0.059599
v 0.424293 0.449167 -0.002796
v 0.440832 0.447867 -0.001766
v 0.442537 0.460318 -0.010126
v 0.425048 0.460673 -0.012646
v 0.442744 0.466197 -0.023351
v 0.424616 0.464970 -0.026790
v 0.398384 0.455682 -0.044826
v 0.409759 0.457366 -0.043520
v 0.408217 0.445880 -0.051726
v 0.397415 0.444909 -0.053101
v 0.441599 0.421806 -0.068710
v 0.460184 0.428130 -0.068885
v 0.460402 0.411068 -0.067861
v 0.441430 0.404763 -0.065551
v 0.426830 0.386045 -0.054275
v 0.442564 0.390790 -0.059129
v 0.444557 0.380678 -0.048374
v 0.429503 0.377323 -0.042023
v 0.374808 0.378039 -0.039675
v 0.389826 0.379210 -0.040829
v 0.389196 0.375308 -0.027490
v 0.373879 0.375360 -0.026620
v 0.385632 0.385399 -0.000609
v 0.385055 0.397129 0.007760
v 0.369924 0.397804 0.008937
v 0.370565 0.385862 0.000327
v 0.374162 0.454066 -0.006045
v 0.387671 0.453250 -0.005007
v 0.387420 0.460833 -0.019788
v 0.374006 0.460180 -0.021926
v 0.426483 0.415923 -0.068116
v 0.423692 0.398514 -0.062722
v 0.399171 0.384412 -0.002540
v 0.412348 0.383442 -0.005608
v 0.410543 0.394517 0.003263
v 0.398003 0.395940 0.005893
v 0.396560 0.424287 0.007774
v 0.408940 0.421980 0.005425
v 0.409525 0.436413 0.002740
v 0.398370 0.438405 0.004119
v 0.398774 0.451858 -0.004041
v 0.410543 0.450579 -0.003277
v 0.410830 0.460791 -0.014999
v 0.398831 0.460868 -0.017143
v 0.416723 0.413904 -0.066795
v 0.408352 0.410805 -0.065963
v 0.406666 0.422967 -0.063812
v 0.415148 0.426679 -0.063983
v 0.416238 0.375707 -0.035398
v 0.414663 0.383075 -0.047935
v 0.422508 0.419786 0.002758
v 0.409484 0.407960 0.007091
v 0.423034 0.406086 0.003369
v 0.410482 0.463542 -0.029575
v 0.375941 0.383457 -0.050442
v 0.359590 0.380614 -0.049639
v 0.360262 0.388362 -0.059311
v 0.376311 0.391009 -0.059533
v 0.358137 0.375996 -0.038138
v 0.356225 0.374875 -0.025170
v 0.351505 0.398624 0.010315
v 0.352334 0.386356 0.001775
v 0.351173 0.413187 0.014451
v 0.369937 0.412522 0.012626
v 0.369888 0.427605 0.011316
v 0.350596 0.428257 0.013697
v 0.351843 0.454427 -0.005571
v 0.353063 0.459296 -0.021677
v 0.374303 0.458286 -0.036201
v 0.355063 0.457014 -0.037052
v 0.387481 0.377604 -0.013033
v 0.401146 0.376825 -0.015181
v 0.520829 0.438613 -0.067013
v 0.541587 0.440210 -0.064697
v 0.540637 0.427253 -0.069639
v 0.520299 0.424634 -0.070998
v 0.540360 0.414295 -0.070550
v 0.560109 0.417460 -0.069194
v 0.504370 0.437202 -0.003095
v 0.524139 0.434068 -0.005177
v 0.563111 0.438851 -0.011898
v 0.423160 0.434225 0.001201
v 0.438966 0.432262 0.000458
v 0.396853 0.432753 -0.058783
v 0.386847 0.431156 -0.060838
v 0.386658 0.443286 -0.054658
v 0.425461 0.432488 -0.063362
v 0.421401 0.445898 -0.051865
v 0.440730 0.452564 -0.049840
v 0.440971 0.439485 -0.062405
v 0.399168 0.407673 -0.065356
v 0.388879 0.404869 -0.065578
v 0.387885 0.418307 -0.065425
v 0.397905 0.420588 -0.064268
v 0.372063 0.442074 0.005764
v 0.386608 0.440375 0.004929
v 0.358267 0.439645 -0.059010
v 0.357724 0.449868 -0.049686
v 0.374763 0.451719 -0.047621
v 0.374525 0.441556 -0.056354
v 0.387170 0.453749 -0.046179
v 0.358718 0.427214 -0.065546
v 0.374861 0.429376 -0.062869
v 0.350810 0.442990 0.007189
v 0.376013 0.402499 -0.065614
v 0.359907 0.399999 -0.066148
v 0.359415 0.413746 -0.068097
v 0.375521 0.416157 -0.066524
v 0.520501 0.410741 -0.070721
v 0.500697 0.406726 -0.069498
v 0.429290 0.375559 -0.025195
v 0.444805 0.376293 -0.032529
v 0.414947 0.376106 -0.019243
v 0.522269 0.385802 -0.043015
v 0.541900 0.388709 -0.046622
v 0.482076 0.381716 -0.032028
v 0.502232 0.383507 -0.037966
v 0.480238 0.447690 -0.060610
v 0.401733 0.388003 -0.052974
v 0.412026 0.391385 -0.056835
v 0.402782 0.380796 -0.043381
v 0.353681 0.378363 -0.010618
v 0.372216 0.378212 -0.012276
v 0.415642 0.403436 -0.064871
v 0.330021 0.378069 -0.009058
v 0.423244 0.459618 -0.041466
v 0.387387 0.460492 -0.034148
v 0.398881 0.462021 -0.031916
v 0.564381 0.453213 -0.028425
v 0.483818 0.440661 -0.001394
v 0.438047 0.416923 0.000408
v 0.438749 0.403251 -0.001002
v 0.390073 0.385397 -0.051227
v 0.389783 0.393027 -0.059960
v 0.400271 0.395948 -0.060954
v 0.384655 0.411551 0.011167
v 0.383987 0.426404 0.009649
v 0.561023 0.392065 -0.049031
v 0.397237 0.409945 0.009471
v 0.441304 0.462365 -0.037760
v 0.016516 0.408021 -0.094878
v 0.000177 0.394270 -0.095181
v 0.000442 0.406585 -0.092828
v 0.148857 0.251399 0.044589
v 0.112682 0.228130 0.086849
v 0.125998 0.230717 0.072199
v 0.163147 0.319248 0.016410
v 0.159306 0.307853 0.020885
v 0.195187 0.363330 -0.003802
v 0.185968 0.352025 0.001504
v 0.154591 0.287154 0.052224
v 0.073850 0.639105 -0.009271
v 0.071967 0.632504 -0.011647
v 0.076486 0.651825 -0.009803
v 0.007504 0.096181 0.158977
v -0.005584 0.070679 0.163368
v -0.005703 0.058947 0.164934
v 0.073885 0.624152 0.003663
v 0.071905 0.617970 0.000062
v 0.075855 0.620885 0.002484
v 0.073838 0.626050 0.005760
v 0.073518 0.625114 0.005415
v 0.077145 0.654291 0.000555
v 0.069768 0.624767 -0.012157
v 0.067578 0.615794 -0.010608
v 0.074864 0.640913 0.005832
v 0.048531 0.086544 -0.073611
v 0.053746 0.068801 -0.080045
v 0.027822 0.068963 -0.081996
v 0.024580 0.086191 -0.074474
v 0.000261 0.053983 -0.089505
v -0.000585 0.070846 -0.082398
v 0.031587 0.049719 -0.089595
v 0.151619 0.017434 -0.058818
v 0.147722 0.039467 -0.055523
v 0.163350 0.041860 -0.032018
v 0.167558 0.020729 -0.034323
v 0.166904 0.058370 -0.004957
v 0.173048 0.041844 -0.004876
v 0.156407 0.059572 -0.029951
v 0.170433 0.055079 0.023281
v 0.175858 0.037943 0.023672
v 0.166665 0.049351 0.050553
v 0.171776 0.030656 0.050769
v 0.161517 0.022661 0.074822
v 0.145370 0.014982 0.096197
v 0.126592 -0.012064 0.110642
v 0.124696 0.006670 0.114136
v 0.101732 -0.001289 0.128195
v 0.077232 -0.008539 0.140281
v 0.054149 -0.013946 0.149287
v 0.033503 -0.017353 0.155374
v 0.014795 -0.018970 0.158660
v -0.001826 -0.019797 0.158552
v -0.000655 -0.042570 0.152176
v 0.100238 0.426095 0.049490
v 0.081650 0.482214 -0.056572
v 0.097337 0.485165 -0.035087
v 0.090118 0.479288 -0.056311
v 0.111105 0.431385 -0.090523
v 0.093183 0.423005 -0.097750
v 0.093669 0.438767 -0.090598
v 0.111240 0.449295 -0.080713
v 0.072523 0.472613 -0.070040
v 0.067468 0.475299 -0.069200
v 0.078603 0.468662 -0.072214
v 0.064650 0.458554 -0.081978
v 0.048289 0.450958 -0.086265
v 0.132099 0.479693 -0.029724
v 0.143779 0.479362 -0.024800
v 0.142855 0.469144 -0.045759
v 0.133504 0.469406 -0.051013
v 0.138028 0.424154 -0.082315
v 0.147483 0.427118 -0.076818
v 0.148737 0.412568 -0.080501
v 0.138344 0.408651 -0.086295
v 0.179959 0.477849 -0.010695
v 0.192466 0.477179 -0.009854
v 0.188708 0.472976 -0.030016
v 0.176719 0.471979 -0.031470
v 0.145789 0.441751 -0.069890
v 0.082382 0.311165 -0.108298
v 0.101081 0.319215 -0.104024
v 0.117315 0.328557 -0.098125
v 0.153089 0.357348 -0.075376
v 0.145150 0.336158 -0.077416
v 0.142962 0.349153 -0.081389
v 0.164190 0.365104 -0.071715
v 0.173376 0.370223 -0.068372
v 0.179920 0.433212 0.041327
v 0.180211 0.407166 0.045571
v 0.194715 0.409506 0.039310
v 0.195431 0.379206 -0.062518
v 0.196750 0.373987 -0.060394
v 0.186161 0.365821 -0.059750
v 0.184574 0.371887 -0.062174
v 0.121396 0.480389 -0.033963
v 0.186922 0.462488 -0.045321
v 0.185046 0.452382 -0.056015
v 0.173743 0.449178 -0.056887
v 0.174918 0.460421 -0.046489
v 0.185745 0.440137 -0.062933
v 0.187245 0.427835 -0.067235
v 0.176449 0.424061 -0.068638
v 0.174969 0.436315 -0.064368
v 0.194541 0.385934 -0.064645
v 0.182423 0.378977 -0.064948
v 0.207561 0.469435 0.010568
v 0.155552 0.479703 0.006004
v 0.143146 0.480889 0.000606
v 0.141547 0.469281 0.024113
v 0.152979 0.465614 0.028151
v 0.208934 0.369732 -0.009074
v 0.212457 0.364976 -0.020498
v 0.214430 0.361088 -0.031818
v 0.188796 0.350659 -0.051848
v 0.215168 0.360849 -0.041541
v 0.206507 0.394774 0.028901
v 0.209156 0.411793 0.033844
v 0.140680 0.446653 0.038367
v 0.151967 0.442152 0.040919
v 0.205260 0.475700 -0.010602
v 0.201284 0.472015 -0.030409
v 0.221810 0.386712 -0.066426
v 0.210238 0.380091 -0.062662
v 0.208240 0.384844 -0.064876
v 0.177277 0.342861 -0.056407
v 0.186657 0.358928 -0.056821
v 0.155744 0.479101 -0.019455
v 0.197418 0.453041 -0.056149
v 0.198701 0.463274 -0.045504
v 0.165437 0.432874 -0.067232
v 0.156419 0.429766 -0.071750
v 0.154226 0.443484 -0.064894
v 0.163432 0.445724 -0.060071
v 0.200792 0.419856 -0.068903
v 0.198584 0.431692 -0.066724
v 0.158159 0.415947 -0.075348
v 0.167042 0.419666 -0.071270
v 0.206966 0.391285 -0.066791
v 0.131808 0.449823 0.034859
v 0.123518 0.428491 0.046590
v 0.132883 0.427683 0.046384
v 0.141767 0.422936 0.047478
v 0.152848 0.416508 0.049089
v 0.166280 0.409505 0.049116
v 0.113207 0.427372 0.047750
v 0.409078 0.399663 -0.062805
v 0.224969 0.382985 -0.064722
v 0.233092 0.393037 -0.069147
v 0.238018 0.388779 -0.067994
v 0.286356 0.419898 -0.070525
v 0.002502 0.566286 0.116033
v 0.002961 0.560970 0.113186
v 0.000980 0.589315 0.116985
v 0.001154 0.585844 0.117705
v 0.406371 0.434332 -0.057423
v 0.414000 0.435872 -0.057333
v 0.460039 0.444595 -0.061568
v 0.460767 0.456384 -0.048739
v 0.481459 0.457865 -0.047525
v 0.464029 0.458239 -0.008311
v 0.462138 0.444788 -0.000942
v 0.458756 0.400043 -0.005392
v 0.461320 0.396755 -0.063286
v 0.601387 0.442230 -0.015552
v 0.620239 0.438927 -0.014132
v 0.621520 0.446275 -0.021771
v 0.602340 0.448541 -0.024457
v 0.638543 0.435925 -0.012115
v 0.618953 0.429436 -0.011094
v 0.636816 0.426222 -0.011055
v 0.617532 0.420038 -0.012969
v 0.635051 0.417766 -0.014097
v 0.633778 0.410658 -0.020067
v 0.616524 0.411908 -0.018186
v 0.616638 0.406246 -0.025529
v 0.633845 0.406020 -0.027749
v 0.598427 0.401186 -0.031778
v 0.598875 0.397720 -0.041685
v 0.617470 0.400757 -0.043341
v 0.617147 0.402442 -0.034220
v 0.635348 0.410955 -0.058997
v 0.617668 0.407505 -0.060031
v 0.617923 0.416118 -0.063737
v 0.635816 0.418636 -0.062286
v 0.600751 0.433683 -0.061789
v 0.620031 0.436216 -0.059856
v 0.618889 0.426216 -0.063360
v 0.599340 0.423088 -0.065290
v 0.637742 0.438452 -0.059050
v 0.621158 0.443936 -0.053094
v 0.638611 0.445488 -0.051313
v 0.581684 0.435804 -0.011730
v 0.582754 0.445148 -0.017341
v 0.564083 0.448023 -0.018488
v 0.598264 0.413340 -0.015977
v 0.599041 0.422386 -0.011666
v 0.580429 0.425148 -0.010671
v 0.579575 0.415106 -0.013876
v 0.560867 0.392828 -0.036507
v 0.579965 0.395304 -0.039412
v 0.579393 0.400074 -0.029004
v 0.598101 0.406377 -0.022876
v 0.579192 0.406847 -0.020294
v 0.598978 0.398329 -0.052040
v 0.617527 0.402117 -0.052602
v 0.602880 0.450143 -0.035109
v 0.622024 0.449012 -0.032336
v 0.621992 0.447577 -0.043053
v 0.602807 0.448127 -0.045784
v 0.580034 0.395243 -0.050659
v 0.583581 0.451568 -0.037672
v 0.583295 0.448723 -0.048912
v 0.601935 0.442866 -0.055540
v 0.582315 0.441867 -0.058515
v 0.639910 0.448224 -0.029694
v 0.639771 0.444342 -0.019049
v 0.583405 0.450951 -0.026630
v 0.598900 0.403806 -0.060659
v 0.579845 0.400521 -0.060339
v 0.579674 0.409617 -0.066344
v 0.598819 0.412842 -0.065302
v 0.560852 0.429474 -0.067047
v 0.580916 0.431396 -0.064534
v 0.579828 0.420288 -0.067264
v 0.636672 0.428520 -0.062372
v 0.562141 0.441006 -0.061666
v 0.714868 0.402899 -0.024744
v 0.719457 0.401267 -0.015856
v 0.710611 0.397990 -0.014303
v 0.705658 0.400304 -0.023801
v 0.690569 0.391035 -0.008133
v 0.698846 0.391469 0.001122
v 0.692579 0.395178 0.006757
v 0.682841 0.394884 -0.001371
v 0.723000 0.402626 -0.007579
v 0.714700 0.398143 -0.006169
v 0.722012 0.407321 -0.001788
v 0.730692 0.407058 -0.008113
v 0.730235 0.413821 -0.004785
v 0.737816 0.417175 -0.006704
v 0.736336 0.425266 -0.010273
v 0.725066 0.424064 -0.006683
v 0.719031 0.434592 -0.028966
v 0.732653 0.432262 -0.029210
v 0.730093 0.432847 -0.039268
v 0.716300 0.434941 -0.038611
v 0.721167 0.427973 -0.055987
v 0.708602 0.430776 -0.053955
v 0.712773 0.432919 -0.046194
v 0.726587 0.430106 -0.047448
v 0.708887 0.406230 -0.038198
v 0.710814 0.405380 -0.032852
v 0.701586 0.403742 -0.032786
v 0.699282 0.404950 -0.038601
v 0.719260 0.410363 0.007758
v 0.720542 0.406928 0.006201
v 0.721071 0.414220 -0.000401
v 0.715805 0.418002 0.001246
v 0.674912 0.398674 -0.048635
v 0.674438 0.398920 -0.041779
v 0.664342 0.401066 -0.039379
v 0.663978 0.401074 -0.047231
v 0.668577 0.397894 -0.015489
v 0.665262 0.408687 -0.007999
v 0.658851 0.410392 -0.012497
v 0.663756 0.401474 -0.021896
v 0.674681 0.395664 -0.009036
v 0.680575 0.404915 0.002497
v 0.671694 0.406517 -0.003183
v 0.690961 0.403304 0.009740
v 0.662802 0.403807 -0.056842
v 0.670312 0.401730 -0.059981
v 0.785525 0.411690 -0.010766
v 0.780018 0.411678 -0.010609
v 0.780657 0.410223 -0.015184
v 0.786238 0.410426 -0.015381
v 0.669074 0.419363 -0.067072
v 0.662878 0.418594 -0.065512
v 0.664277 0.427692 -0.064123
v 0.670812 0.428079 -0.063977
v 0.677139 0.419586 -0.069253
v 0.679574 0.428278 -0.064416
v 0.787781 0.423829 -0.010213
v 0.781924 0.424500 -0.010829
v 0.781042 0.420383 -0.008480
v 0.786757 0.419672 -0.008152
v 0.723956 0.404160 -0.024057
v 0.728101 0.403195 -0.015578
v 0.745629 0.404859 -0.017643
v 0.744404 0.406793 -0.012023
v 0.736444 0.404791 -0.013726
v 0.734571 0.404424 -0.022676
v 0.727039 0.406421 -0.041036
v 0.731345 0.405809 -0.034419
v 0.721104 0.406432 -0.034728
v 0.717123 0.406967 -0.041329
v 0.713545 0.404431 -0.051650
v 0.713087 0.402383 -0.057077
v 0.721363 0.402489 -0.058031
v 0.723100 0.404550 -0.052027
v 0.742643 0.405915 -0.047516
v 0.741191 0.405469 -0.052626
v 0.749597 0.408302 -0.053176
v 0.751460 0.408276 -0.048274
v 0.656862 0.418992 -0.064505
v 0.657765 0.428203 -0.063934
v 0.711932 0.421362 -0.071619
v 0.720256 0.419607 -0.074959
v 0.716050 0.412630 -0.080256
v 0.707411 0.414655 -0.076949
v 0.673822 0.434792 -0.057545
v 0.666797 0.435552 -0.058037
v 0.788893 0.425899 -0.014862
v 0.783028 0.426830 -0.015391
v 0.693539 0.412827 0.008794
v 0.682558 0.415810 0.001344
v 0.673340 0.418117 -0.004555
v 0.666498 0.420041 -0.007910
v 0.659963 0.421893 -0.009293
v 0.739383 0.404823 -0.027030
v 0.718354 0.405702 -0.031119
v 0.707158 0.406168 -0.041933
v 0.701311 0.399193 -0.067363
v 0.704072 0.400045 -0.060839
v 0.697365 0.399410 -0.058394
v 0.693624 0.399353 -0.067135
v 0.706081 0.406458 -0.077560
v 0.714749 0.405084 -0.079654
v 0.716007 0.400507 -0.075356
v 0.707881 0.401106 -0.073679
v 0.717492 0.413391 0.011141
v 0.710223 0.419029 0.004666
v 0.668749 0.409736 -0.066243
v 0.662215 0.410241 -0.063304
v 0.656259 0.411474 -0.060660
v 0.686561 0.401494 -0.040639
v 0.688118 0.401193 -0.037053
v 0.675390 0.397220 -0.032325
v 0.674355 0.398637 -0.037519
v 0.695309 0.395249 -0.022226
v 0.701316 0.393281 -0.012386
v 0.683310 0.392185 -0.017866
v 0.663998 0.400861 -0.032178
v 0.656144 0.404221 -0.029942
v 0.656324 0.403739 -0.038113
v 0.656256 0.404443 -0.046516
v 0.656130 0.406748 -0.054832
v 0.647144 0.405503 -0.029131
v 0.647632 0.404444 -0.037432
v 0.647911 0.405250 -0.046177
v 0.648130 0.407937 -0.053816
v 0.650272 0.438712 -0.058652
v 0.659262 0.437062 -0.058462
v 0.649340 0.428929 -0.063352
v 0.649208 0.414779 -0.013803
v 0.647645 0.409167 -0.021267
v 0.656667 0.406511 -0.021303
v 0.651278 0.423873 -0.010162
v 0.705131 0.392966 0.007522
v 0.711080 0.395237 0.003041
v 0.715623 0.395371 0.008302
v 0.711082 0.393482 0.012622
v 0.737554 0.410146 -0.008073
v 0.744748 0.412191 -0.008263
v 0.745490 0.418970 -0.007947
v 0.678356 0.400780 -0.063699
v 0.682476 0.398779 -0.053775
v 0.747926 0.405418 -0.022747
v 0.774954 0.424922 -0.011274
v 0.762979 0.425114 -0.011545
v 0.761753 0.419836 -0.008994
v 0.774198 0.420437 -0.008755
v 0.756610 0.410021 -0.026219
v 0.764339 0.412516 -0.024898
v 0.761991 0.408940 -0.020641
v 0.754351 0.407446 -0.021205
v 0.738839 0.404034 -0.058622
v 0.745807 0.406243 -0.058982
v 0.745829 0.427517 -0.029610
v 0.734329 0.431252 -0.019039
v 0.745298 0.429809 -0.019624
v 0.724702 0.405879 -0.046840
v 0.732402 0.404555 -0.052345
v 0.733839 0.405399 -0.047254
v 0.742645 0.405377 -0.029247
v 0.738931 0.405609 -0.034014
v 0.746372 0.406561 -0.032812
v 0.748832 0.406590 -0.027252
v 0.695355 0.406246 -0.075268
v 0.697056 0.417180 -0.074155
v 0.780209 0.415709 -0.008383
v 0.785838 0.415333 -0.008415
v 0.648719 0.419418 -0.062953
v 0.648350 0.412438 -0.059470
v 0.714907 0.406146 -0.046386
v 0.721439 0.431823 -0.018317
v 0.705305 0.405234 -0.045916
v 0.736325 0.419257 -0.065694
v 0.743659 0.419556 -0.066601
v 0.743046 0.413416 -0.067888
v 0.735699 0.412997 -0.068897
v 0.775780 0.414793 -0.024090
v 0.782832 0.415913 -0.023684
v 0.781830 0.412019 -0.020149
v 0.774421 0.410826 -0.020118
v 0.752296 0.406871 -0.016381
v 0.760484 0.407898 -0.015796
v 0.759753 0.409968 -0.011272
v 0.751133 0.408699 -0.011515
v 0.751678 0.413692 -0.008915
v 0.760480 0.414645 -0.009010
v 0.776805 0.420764 -0.025159
v 0.765831 0.419164 -0.025963
v 0.764693 0.425588 -0.022910
v 0.776587 0.425995 -0.021598
v 0.696105 0.433696 -0.052062
v 0.704950 0.427856 -0.062145
v 0.692958 0.430855 -0.059716
v 0.732445 0.426019 -0.058215
v 0.727037 0.420204 -0.066272
v 0.716556 0.424667 -0.064357
v 0.701303 0.424247 -0.068564
v 0.754852 0.418469 -0.031983
v 0.753708 0.423785 -0.033578
v 0.754879 0.423819 -0.025830
v 0.703134 0.402863 -0.051878
v 0.773216 0.415393 -0.008549
v 0.671680 0.438221 -0.016833
v 0.679664 0.436188 -0.016451
v 0.681474 0.441396 -0.028710
v 0.672399 0.443148 -0.027364
v 0.773171 0.409221 -0.015066
v 0.772850 0.410753 -0.010584
v 0.737734 0.403771 -0.064888
v 0.738490 0.406015 -0.069785
v 0.743825 0.408124 -0.068139
v 0.744031 0.406372 -0.064130
v 0.690034 0.427181 -0.066012
v 0.725622 0.418088 -0.078101
v 0.722738 0.410487 -0.082873
v 0.682269 0.433591 -0.058126
v 0.676439 0.439057 -0.048758
v 0.684994 0.436708 -0.050179
v 0.740642 0.426229 -0.048301
v 0.699593 0.435430 -0.044917
v 0.687746 0.438157 -0.042991
v 0.678299 0.440944 -0.040100
v 0.670848 0.443204 -0.038724
v 0.669264 0.440713 -0.048217
v 0.775841 0.427407 -0.015976
v 0.783654 0.425764 -0.020827
v 0.651351 0.444807 -0.049391
v 0.661050 0.442710 -0.048427
v 0.652508 0.447063 -0.039148
v 0.662544 0.445151 -0.038478
v 0.692766 0.438959 -0.026910
v 0.690633 0.439501 -0.035212
v 0.705781 0.436673 -0.028544
v 0.702773 0.436977 -0.037508
v 0.742562 0.430559 -0.039623
v 0.798019 0.421130 -0.021995
v 0.797386 0.416978 -0.022781
v 0.789072 0.416360 -0.023396
v 0.789918 0.421152 -0.022908
v 0.783630 0.421124 -0.023995
v 0.789724 0.425199 -0.019981
v 0.708098 0.433222 -0.017677
v 0.753684 0.409304 -0.032199
v 0.692869 0.432815 -0.014300
v 0.702706 0.426275 -0.002980
v 0.712867 0.427385 -0.006196
v 0.686173 0.425703 -0.003364
v 0.676259 0.428462 -0.008310
v 0.662250 0.431567 -0.010950
v 0.668751 0.430180 -0.010445
v 0.653140 0.433393 -0.010927
v 0.696745 0.421158 0.004007
v 0.793778 0.410356 -0.016195
v 0.793087 0.411089 -0.011249
v 0.664263 0.439801 -0.016962
v 0.654299 0.441983 -0.017305
v 0.707094 0.393602 -0.003594
v 0.696005 0.403861 -0.044975
v 0.694032 0.401749 -0.049343
v 0.690426 0.398882 -0.056239
v 0.686257 0.399805 -0.065918
v 0.653849 0.447189 -0.027845
v 0.634524 0.403681 -0.036164
v 0.634806 0.403857 -0.044993
v 0.639362 0.448007 -0.040825
v 0.793548 0.414371 -0.008535
v 0.752841 0.414610 -0.052389
v 0.754459 0.413958 -0.050361
v 0.700128 0.395443 0.012195
v 0.707768 0.395825 0.016697
v 0.711067 0.407586 0.018860
v 0.702320 0.410074 0.014579
v 0.699469 0.402097 0.015121
v 0.708291 0.401101 0.018909
v 0.685871 0.401170 -0.043554
v 0.684973 0.400215 -0.047729
v 0.686717 0.419068 -0.071567
v 0.685333 0.408413 -0.072790
v 0.752737 0.419557 -0.008900
v 0.753533 0.425003 -0.012188
v 0.745700 0.425625 -0.011628
v 0.763572 0.427791 -0.017153
v 0.758325 0.416894 -0.027455
v 0.756363 0.414389 -0.031057
v 0.691004 0.399062 -0.030993
v 0.678526 0.394846 -0.026044
v 0.719108 0.401058 0.005136
v 0.716256 0.399884 0.000224
v 0.735640 0.405719 -0.040738
v 0.752117 0.425721 -0.046281
v 0.752306 0.428714 -0.039593
v 0.743701 0.406286 -0.040303
v 0.794793 0.418440 -0.008134
v 0.795912 0.422641 -0.010103
v 0.753920 0.428164 -0.018646
v 0.730318 0.402778 -0.058556
v 0.753787 0.420278 -0.049321
v 0.747160 0.422436 -0.052388
v 0.720913 0.404371 -0.081119
v 0.664347 0.445194 -0.027160
v 0.787512 0.412083 -0.020441
v 0.795256 0.412320 -0.020902
v 0.797495 0.424112 -0.019361
v 0.796554 0.424915 -0.014774
v 0.676617 0.409421 -0.069562
v 0.697495 0.404746 -0.041858
v 0.634945 0.406164 -0.053008
v 0.705594 0.416864 0.010417
v 0.714526 0.412976 0.015763
v 0.751094 0.407746 -0.040306
v 0.730402 0.416829 -0.071907
v 0.750665 0.423564 -0.055276
v 0.746455 0.424889 -0.061379
v 0.740282 0.425048 -0.059991
v 0.753755 0.419023 -0.053708
v 0.803317 0.424442 -0.014578
v 0.804018 0.423658 -0.019057
v 0.802939 0.422217 -0.009869
v 0.801269 0.417985 -0.008332
v 0.799450 0.414160 -0.008880
v 0.804278 0.420908 -0.021592
v 0.803351 0.417053 -0.022297
v 0.800724 0.412595 -0.020530
v 0.809729 0.420355 -0.021585
v 0.810637 0.422955 -0.018886
v 0.815591 0.419938 -0.009308
v 0.817117 0.421870 -0.011252
v 0.813550 0.422462 -0.011589
v 0.810227 0.421830 -0.009928
v 0.820375 0.418959 -0.009928
v 0.821639 0.421433 -0.011623
v 0.817345 0.423372 -0.014638
v 0.812890 0.423507 -0.014324
v 0.822231 0.423099 -0.015144
v 0.821743 0.422291 -0.018656
v 0.817060 0.422387 -0.018013
v 0.813406 0.422936 -0.017096
v 0.809227 0.423991 -0.014370
v 0.824566 0.418721 -0.011807
v 0.826842 0.419346 -0.015891
v 0.826237 0.422263 -0.015564
v 0.824771 0.421087 -0.012364
v 0.807288 0.417677 -0.008581
v 0.813850 0.416790 -0.009131
v 0.819238 0.415965 -0.010153
v 0.823433 0.415852 -0.012412
v 0.812913 0.413501 -0.010127
v 0.818543 0.413573 -0.011654
v 0.821926 0.413832 -0.013755
v 0.812711 0.411355 -0.012800
v 0.818323 0.412281 -0.014052
v 0.805202 0.413958 -0.009240
v 0.804240 0.411247 -0.011866
v 0.820820 0.413058 -0.014988
v 0.825483 0.416703 -0.016519
v 0.816060 0.421357 -0.020483
v 0.821063 0.420576 -0.020839
v 0.815383 0.419350 -0.021956
v 0.820491 0.418547 -0.021881
v 0.825157 0.422148 -0.018770
v 0.825206 0.420062 -0.019949
v 0.798559 0.411157 -0.011554
v 0.799144 0.410778 -0.016504
v 0.804694 0.410793 -0.016471
v 0.812916 0.410877 -0.017221
v 0.806218 0.412906 -0.020400
v 0.808774 0.416847 -0.022186
v 0.814704 0.416569 -0.022201
v 0.813538 0.413194 -0.020894
v 0.819576 0.416081 -0.021689
v 0.818832 0.413688 -0.020406
v 0.818526 0.412261 -0.017466
v 0.822666 0.415463 -0.020200
v 0.824150 0.417679 -0.020429
v 0.823407 0.414712 -0.017043
v 0.821343 0.413409 -0.017370
v 0.821292 0.414090 -0.019517
v 0.791699 0.412758 -0.042031
v 0.784460 0.413065 -0.040643
v 0.784016 0.412132 -0.045003
v 0.791432 0.412046 -0.046572
v 0.791980 0.424613 -0.039295
v 0.785267 0.425324 -0.038597
v 0.785261 0.420345 -0.036976
v 0.792023 0.419364 -0.038051
v 0.791307 0.426974 -0.044682
v 0.784681 0.427935 -0.044009
v 0.777384 0.425738 -0.037273
v 0.763715 0.424571 -0.035493
v 0.763796 0.418922 -0.034316
v 0.777417 0.420357 -0.035894
v 0.762372 0.414592 -0.050345
v 0.760915 0.411109 -0.046817
v 0.784925 0.416021 -0.038216
v 0.791975 0.415271 -0.039231
v 0.776066 0.415914 -0.051710
v 0.784581 0.416563 -0.052929
v 0.784166 0.413369 -0.049555
v 0.775551 0.412521 -0.048204
v 0.760770 0.409898 -0.041058
v 0.761871 0.410822 -0.035687
v 0.763211 0.414437 -0.034095
v 0.776624 0.421148 -0.052386
v 0.763410 0.420675 -0.050648
v 0.763162 0.426275 -0.047346
v 0.776881 0.426190 -0.049298
v 0.776854 0.415763 -0.036551
v 0.775316 0.411461 -0.043139
v 0.776064 0.412432 -0.038742
v 0.776816 0.428258 -0.042972
v 0.784749 0.425676 -0.050245
v 0.801342 0.421130 -0.054228
v 0.801596 0.417126 -0.054996
v 0.791860 0.416671 -0.054085
v 0.792013 0.421109 -0.053808
v 0.784917 0.421109 -0.053134
v 0.791524 0.425204 -0.050583
v 0.802031 0.411982 -0.048747
v 0.802009 0.412311 -0.043952
v 0.802150 0.414538 -0.040985
v 0.763235 0.428770 -0.040919
v 0.801888 0.418301 -0.039893
v 0.801480 0.423413 -0.040787
v 0.791599 0.413341 -0.051079
v 0.801622 0.413471 -0.052847
v 0.800746 0.424560 -0.051240
v 0.800436 0.426083 -0.045784
v 0.808418 0.425159 -0.047107
v 0.808380 0.423810 -0.052029
v 0.809438 0.422874 -0.042250
v 0.809054 0.418110 -0.041180
v 0.808542 0.414667 -0.042243
v 0.808659 0.421163 -0.054542
v 0.808405 0.417702 -0.055294
v 0.807759 0.413981 -0.053529
v 0.815563 0.421010 -0.055414
v 0.816488 0.423484 -0.053297
v 0.828863 0.420618 -0.046307
v 0.829307 0.423284 -0.047853
v 0.824232 0.423195 -0.046880
v 0.823324 0.421255 -0.044705
v 0.820552 0.423668 -0.046631
v 0.817526 0.422804 -0.044138
v 0.824061 0.424388 -0.050315
v 0.819785 0.424305 -0.049422
v 0.829617 0.425350 -0.051518
v 0.828658 0.424230 -0.054822
v 0.823230 0.423604 -0.053252
v 0.819640 0.423647 -0.052128
v 0.833498 0.421036 -0.048786
v 0.833121 0.423506 -0.048949
v 0.815579 0.424723 -0.048578
v 0.815247 0.418346 -0.042669
v 0.822193 0.417917 -0.044125
v 0.828414 0.417740 -0.046289
v 0.832854 0.418187 -0.049255
v 0.821436 0.414569 -0.045061
v 0.827704 0.415180 -0.047361
v 0.831230 0.416128 -0.050197
v 0.820879 0.412350 -0.047984
v 0.827001 0.413671 -0.049892
v 0.813818 0.414661 -0.043433
v 0.812997 0.412493 -0.046192
v 0.829780 0.415105 -0.051221
v 0.834400 0.419530 -0.053181
v 0.835587 0.422472 -0.052892
v 0.834753 0.425597 -0.052344
v 0.822534 0.422256 -0.054930
v 0.828305 0.422260 -0.056010
v 0.822143 0.420840 -0.056570
v 0.828020 0.420769 -0.057187
v 0.832874 0.424675 -0.055516
v 0.833152 0.422770 -0.056141
v 0.808072 0.412588 -0.045179
v 0.807756 0.412303 -0.049526
v 0.812657 0.412102 -0.050464
v 0.820488 0.412242 -0.052357
v 0.812812 0.414063 -0.054354
v 0.814460 0.417878 -0.056081
v 0.821257 0.418191 -0.056972
v 0.820427 0.414738 -0.055767
v 0.827018 0.418525 -0.057130
v 0.826302 0.415802 -0.056134
v 0.826469 0.413758 -0.053431
v 0.830916 0.418239 -0.056251
v 0.832512 0.420417 -0.056529
v 0.832295 0.417227 -0.053443
v 0.829910 0.415498 -0.053611
v 0.829314 0.416476 -0.055628
v 0.779106 0.411662 -0.064624
v 0.773620 0.412103 -0.062841
v 0.771960 0.409759 -0.066691
v 0.777660 0.409176 -0.068602
v 0.779490 0.422451 -0.065500
v 0.773122 0.423520 -0.063008
v 0.774459 0.419918 -0.061078
v 0.780232 0.419418 -0.063517
v 0.778197 0.423457 -0.069955
v 0.771254 0.424530 -0.068100
v 0.766707 0.423853 -0.060718
v 0.757288 0.423716 -0.057824
v 0.759038 0.418833 -0.055966
v 0.768485 0.419698 -0.058649
v 0.774566 0.415893 -0.061099
v 0.780193 0.415639 -0.063218
v 0.762998 0.410821 -0.072045
v 0.769935 0.411635 -0.074095
v 0.770639 0.409701 -0.070948
v 0.763713 0.409103 -0.068644
v 0.753525 0.408141 -0.061008
v 0.756140 0.410241 -0.057156
v 0.758315 0.414025 -0.055892
v 0.762805 0.415498 -0.073818
v 0.751740 0.414432 -0.070217
v 0.752384 0.420702 -0.068949
v 0.762949 0.421418 -0.071737
v 0.768734 0.415227 -0.058829
v 0.765319 0.408919 -0.064426
v 0.767398 0.411364 -0.060577
v 0.764256 0.424772 -0.066073
v 0.769881 0.421295 -0.073290
v 0.786224 0.416674 -0.079258
v 0.786060 0.412579 -0.079168
v 0.776078 0.411703 -0.076360
v 0.776146 0.416140 -0.077100
v 0.769607 0.415830 -0.075533
v 0.776953 0.420949 -0.074762
v 0.786694 0.408975 -0.071667
v 0.787887 0.410831 -0.067569
v 0.788759 0.414678 -0.066142
v 0.754500 0.424963 -0.063395
v 0.751481 0.409474 -0.068715
v 0.789083 0.418101 -0.066434
v 0.788805 0.421014 -0.068240
v 0.776441 0.409362 -0.073123
v 0.785805 0.409671 -0.076209
v 0.786719 0.420553 -0.076863
v 0.787520 0.422634 -0.072384
v 0.794209 0.422051 -0.074102
v 0.793261 0.420511 -0.078615
v 0.795669 0.420640 -0.069960
v 0.795460 0.417453 -0.068405
v 0.794559 0.414201 -0.068161
v 0.792824 0.416772 -0.080775
v 0.792514 0.413234 -0.080515
v 0.791442 0.410153 -0.077694
v 0.797651 0.416618 -0.082263
v 0.799241 0.419913 -0.080057
v 0.812319 0.418455 -0.074125
v 0.812243 0.419900 -0.075826
v 0.807753 0.419688 -0.074551
v 0.807697 0.418785 -0.072535
v 0.804347 0.420434 -0.073932
v 0.801975 0.420251 -0.071803
v 0.807057 0.421301 -0.077764
v 0.803012 0.421191 -0.076489
v 0.811606 0.421354 -0.079278
v 0.809730 0.419752 -0.082513
v 0.805312 0.419561 -0.080801
v 0.802298 0.420380 -0.079270
v 0.815867 0.418587 -0.076627
v 0.815254 0.420251 -0.077241
v 0.799511 0.421433 -0.075488
v 0.800707 0.417094 -0.069843
v 0.806768 0.416262 -0.071359
v 0.811828 0.415898 -0.073367
v 0.815016 0.415761 -0.076252
v 0.805553 0.413208 -0.071605
v 0.810664 0.413198 -0.073820
v 0.813319 0.413375 -0.076384
v 0.804202 0.410546 -0.073066
v 0.809500 0.411142 -0.075238
v 0.799378 0.413768 -0.069805
v 0.797687 0.410971 -0.071221
v 0.811795 0.412043 -0.076886
v 0.815409 0.415830 -0.080697
v 0.816428 0.418965 -0.080882
v 0.815547 0.421453 -0.080622
v 0.804032 0.418346 -0.082664
v 0.808854 0.417988 -0.083880
v 0.802972 0.415900 -0.083389
v 0.808200 0.415787 -0.084278
v 0.813119 0.420162 -0.083091
v 0.813076 0.418485 -0.083820
v 0.793205 0.411093 -0.069568
v 0.791824 0.409483 -0.073232
v 0.796288 0.409556 -0.074498
v 0.803043 0.409405 -0.076625
v 0.795758 0.410329 -0.078753
v 0.796804 0.413237 -0.081446
v 0.802275 0.413090 -0.082722
v 0.802033 0.410460 -0.080399
v 0.807659 0.413323 -0.083470
v 0.807517 0.411150 -0.081552
v 0.808402 0.410306 -0.078323
v 0.811257 0.413612 -0.082840
v 0.812267 0.416012 -0.083749
v 0.813395 0.413419 -0.079965
v 0.811387 0.411746 -0.079296
v 0.810306 0.411986 -0.081586
v 0.751843 0.408152 -0.065097
v 0.753846 0.405348 -0.086938
v 0.749936 0.405864 -0.084103
v 0.747965 0.403959 -0.086693
v 0.751782 0.403349 -0.089508
v 0.754038 0.414976 -0.089872
v 0.749630 0.416016 -0.086726
v 0.751215 0.413074 -0.083744
v 0.755547 0.412381 -0.086933
v 0.751374 0.414923 -0.094281
v 0.746715 0.415900 -0.091392
v 0.744402 0.416198 -0.082936
v 0.736016 0.416587 -0.076661
v 0.738706 0.412539 -0.074610
v 0.746174 0.412983 -0.080069
v 0.725707 0.403994 -0.082148
v 0.731538 0.403963 -0.084933
v 0.733649 0.402529 -0.081802
v 0.727194 0.401774 -0.078529
v 0.751257 0.409201 -0.082908
v 0.755297 0.408711 -0.086125
v 0.739640 0.404442 -0.089872
v 0.744240 0.404637 -0.093188
v 0.746028 0.403482 -0.089949
v 0.741707 0.403056 -0.086771
v 0.730266 0.401331 -0.074798
v 0.736014 0.402750 -0.078653
v 0.738001 0.404773 -0.075784
v 0.733954 0.402568 -0.071450
v 0.739250 0.407792 -0.074700
v 0.738494 0.407821 -0.091784
v 0.730167 0.407263 -0.086653
v 0.729551 0.412339 -0.086513
v 0.738906 0.412528 -0.091496
v 0.746566 0.409012 -0.079643
v 0.743680 0.403536 -0.083633
v 0.745491 0.405744 -0.080860
v 0.741312 0.416394 -0.087469
v 0.744304 0.412327 -0.094819
v 0.753384 0.406718 -0.102054
v 0.753629 0.403802 -0.100350
v 0.748139 0.404175 -0.096353
v 0.747542 0.407453 -0.098405
v 0.743399 0.407941 -0.095289
v 0.748715 0.411721 -0.097819
v 0.757040 0.402697 -0.093280
v 0.759364 0.404664 -0.090791
v 0.760680 0.407872 -0.089984
v 0.732198 0.417611 -0.081700
v 0.761195 0.411117 -0.090855
v 0.760027 0.413618 -0.093512
v 0.749812 0.402926 -0.092913
v 0.755059 0.402413 -0.096919
v 0.754657 0.410602 -0.101357
v 0.757233 0.413583 -0.097670
v 0.762001 0.413066 -0.100556
v 0.759535 0.410113 -0.104189
v 0.764545 0.412780 -0.096278
v 0.765151 0.410411 -0.093569
v 0.764369 0.407354 -0.092727
v 0.758039 0.406136 -0.104613
v 0.758062 0.403775 -0.102674
v 0.758882 0.402722 -0.099316
v 0.762455 0.405968 -0.106831
v 0.764558 0.409704 -0.106565
v 0.777008 0.409479 -0.101686
v 0.776217 0.410698 -0.103246
v 0.773172 0.410953 -0.101870
v 0.773518 0.410239 -0.099733
v 0.770195 0.411689 -0.101160
v 0.768862 0.411771 -0.098751
v 0.771490 0.411639 -0.104971
v 0.768356 0.411811 -0.103573
v 0.774923 0.411525 -0.106814
v 0.773136 0.409133 -0.109771
v 0.769729 0.409705 -0.108227
v 0.767374 0.410595 -0.106419
v 0.779457 0.409160 -0.104422
v 0.778482 0.410636 -0.104950
v 0.765766 0.412293 -0.102398
v 0.768905 0.409777 -0.095955
v 0.773419 0.408688 -0.098122
v 0.777658 0.407654 -0.100821
v 0.779529 0.406846 -0.104195
v 0.772368 0.406411 -0.097614
v 0.776448 0.405547 -0.100596
v 0.778132 0.404940 -0.103644
v 0.770395 0.404165 -0.098017
v 0.774684 0.403778 -0.100990
v 0.767613 0.407174 -0.094885
v 0.765706 0.404683 -0.095294
v 0.776691 0.403895 -0.103167
v 0.778737 0.406143 -0.107534
v 0.778996 0.408559 -0.108342
v 0.777906 0.411002 -0.108436
v 0.768362 0.407857 -0.109348
v 0.772570 0.407023 -0.110773
v 0.767035 0.405370 -0.108742
v 0.772261 0.404827 -0.110029
v 0.775874 0.409336 -0.110488
v 0.776248 0.407400 -0.110574
v 0.762774 0.404496 -0.093445
v 0.760770 0.402758 -0.095719
v 0.763688 0.402690 -0.097644
v 0.768418 0.402368 -0.100099
v 0.762257 0.402507 -0.101306
v 0.761734 0.403622 -0.104622
v 0.766760 0.403265 -0.106834
v 0.767099 0.402017 -0.103675
v 0.772000 0.403159 -0.108129
v 0.772215 0.402265 -0.105556
v 0.773192 0.402456 -0.102740
v 0.775683 0.403792 -0.107834
v 0.776174 0.405240 -0.109573
v 0.777609 0.404405 -0.106230
v 0.776079 0.403334 -0.104778
v 0.775036 0.403033 -0.106248
v 0.725461 0.406848 -0.084015
v 0.726409 0.410302 0.016907
v 0.727748 0.407617 0.013230
v 0.725742 0.397925 0.011318
v 0.722362 0.393785 0.014114
v 0.718753 0.392944 0.018730
v 0.717399 0.395501 0.022590
v 0.718129 0.399889 0.024640
v 0.727850 0.403403 0.011124
v 0.723683 0.410526 0.021344
v 0.720301 0.405927 0.024510
v 0.728503 0.404654 0.030449
v 0.731500 0.409420 0.026795
v 0.725717 0.398414 0.030724
v 0.724285 0.393855 0.027801
v 0.724541 0.391615 0.022949
v 0.733590 0.409455 0.021418
v 0.734057 0.406627 0.016990
v 0.732983 0.401744 0.014539
v 0.740371 0.408583 0.026218
v 0.741134 0.408145 0.032992
v 0.743629 0.394279 0.040890
v 0.744048 0.397995 0.042699
v 0.740556 0.398384 0.040508
v 0.739057 0.394640 0.038853
v 0.738555 0.399443 0.038610
v 0.734776 0.397196 0.036324
v 0.742793 0.403554 0.040696
v 0.740643 0.403539 0.038478
v 0.745742 0.407107 0.038217
v 0.742836 0.406826 0.037216
v 0.746020 0.403257 0.043457
v 0.747245 0.398135 0.044455
v 0.749321 0.401963 0.044603
v 0.748157 0.395549 0.042925
v 0.737049 0.403716 0.035805
v 0.731350 0.392593 0.032006
v 0.738019 0.391498 0.035628
v 0.744173 0.391583 0.038152
v 0.749279 0.393602 0.039509
v 0.738536 0.389823 0.030710
v 0.745442 0.391011 0.033832
v 0.749623 0.393380 0.035612
v 0.740476 0.391385 0.026116
v 0.746595 0.392570 0.030487
v 0.730505 0.390447 0.026541
v 0.731868 0.391496 0.021058
v 0.749456 0.393960 0.032907
v 0.752795 0.397860 0.039165
v 0.752162 0.399578 0.043036
v 0.746874 0.407870 0.034611
v 0.748566 0.406623 0.040586
v 0.750512 0.406675 0.037129
v 0.746868 0.407251 0.030053
v 0.751356 0.405165 0.033556
v 0.750781 0.405256 0.042652
v 0.752762 0.404276 0.040177
v 0.726852 0.392425 0.017832
v 0.730140 0.396163 0.014873
v 0.734984 0.395664 0.018088
v 0.742689 0.395384 0.023156
v 0.738306 0.401337 0.017888
v 0.740057 0.406301 0.021060
v 0.746680 0.404775 0.026127
v 0.745376 0.400530 0.023231
v 0.751061 0.402676 0.030571
v 0.749802 0.399529 0.028763
v 0.748241 0.395685 0.028728
v 0.752589 0.400147 0.033775
v 0.753450 0.402178 0.036824
v 0.751985 0.396797 0.035570
v 0.750780 0.396219 0.032508
v 0.751434 0.398684 0.031819
v 0.722221 0.400544 -0.076810
v 0.725063 0.400007 -0.071748
v 0.718242 0.399898 -0.070131
v 0.709837 0.399361 -0.068668
v 0.700946 0.400956 -0.072488
v 0.711919 0.400403 -0.062745
v 0.720295 0.400786 -0.064424
v 0.729605 0.401507 -0.066183
v 0.706852 0.401731 -0.056485
v 0.037076 0.644104 0.095954
v 0.040414 0.642996 0.093960
v 0.041650 0.637416 0.091143
v 0.039158 0.637063 0.092979
v 0.036047 0.636965 0.094755
v 0.032275 0.637089 0.095900
v 0.026822 0.644216 0.097189
v 0.032290 0.644658 0.097217
v 0.017440 0.638682 0.094186
v 0.019220 0.640123 0.094384
v 0.018174 0.637800 0.094474
v 0.024174 0.637557 0.095735
v 0.020501 0.637877 0.094748
v 0.044189 0.640615 0.090114
v 0.044980 0.639534 0.088904
v 0.042628 0.641830 0.091976
v 0.028150 0.637282 0.096210
v 0.044673 0.638599 0.088618
v 0.043487 0.637922 0.089438
v 0.022276 0.642648 0.095756
v 0.036301 0.639152 0.094804
v 0.032426 0.639289 0.096107
v 0.027688 0.641920 0.096957
v 0.032507 0.642026 0.096621
v 0.024449 0.639228 0.096089
v 0.021998 0.639061 0.095271
v 0.039244 0.638933 0.093074
v 0.028212 0.639389 0.096558
v 0.036765 0.641579 0.095149
v 0.021503 0.640044 0.095243
v 0.023670 0.641076 0.096203
v 0.044203 0.639415 0.089458
v 0.044001 0.639020 0.089341
v 0.016616 0.406947 0.074164
v 0.016615 0.390397 0.084343
v 0.039786 0.640970 0.093346
v 0.043017 0.638897 0.090174
v 0.041429 0.638886 0.091500
v 0.041828 0.640357 0.091676
v 0.043325 0.639812 0.090298
v 0.276972 0.430912 0.019246
v 0.277924 0.414567 0.020379
v 0.278342 0.463170 -0.021181
v 0.273629 0.458787 -0.042156
v 0.059517 0.136799 0.141570
v 0.105131 0.176099 -0.053553
v 0.106592 0.193719 -0.059913
v 0.036938 0.191905 -0.082984
v 0.055741 0.188154 -0.080471
v 0.135569 0.179250 0.048792
v 0.135246 0.160699 0.053301
v 0.098247 0.174097 0.102642
v 0.096755 0.154304 0.106948
v 0.126011 0.139416 0.079492
v 0.078066 0.144927 -0.065855
v 0.075133 0.164001 -0.069658
v 0.091914 0.161114 -0.060749
v 0.095518 0.142895 -0.057651
v 0.018324 0.173553 -0.073501
v 0.018178 0.194624 -0.080411
v 0.141559 0.199328 0.021811
v 0.140268 0.200577 -0.003095
v 0.121951 0.205713 -0.046208
v 0.108013 0.210821 -0.062451
v 0.075508 0.224443 -0.083858
v 0.092590 0.217588 -0.074507
v 0.085441 0.194913 0.114917
v 0.069227 0.214051 0.123357
v 0.136606 0.198097 0.046209
v 0.025469 0.197351 0.141632
v 0.037839 0.257602 -0.101457
v 0.059864 0.253589 -0.097298
v 0.133157 0.202529 -0.025931
v 0.032088 0.350293 0.113550
v 0.032408 0.334945 0.123705
v 0.049066 0.338575 0.122850
v 0.048966 0.353556 0.111832
v 0.065216 0.341192 0.121107
v 0.080783 0.342784 0.117639
v 0.094827 0.343371 0.112869
v 0.127293 0.339806 0.094941
v 0.118031 0.341742 0.101405
v 0.142057 0.333498 0.080397
v 0.135228 0.337514 0.088038
v 0.148574 0.323799 0.071788
v 0.153230 0.311724 0.060164
v 0.155863 0.299963 0.045346
v 0.156755 0.313521 0.038498
v 0.152392 0.298103 0.067925
v 0.148230 0.310107 0.079935
v 0.142051 0.318856 0.089762
v 0.018886 0.295581 0.137397
v 0.021664 0.273297 0.136828
v 0.016088 0.422930 0.064953
v 0.480915 0.402250 -0.066851
v 0.600198 0.432637 -0.010991
v 0.031423 0.445932 -0.087642
v 0.015627 0.441908 -0.087108
v 0.000625 0.429890 -0.088143
v 0.000501 0.440631 -0.085595
v 0.098717 0.475509 -0.058457
v 0.086298 0.462873 -0.076001
v 0.068354 0.450923 -0.086012
v 0.049928 0.441732 -0.090484
v 0.125827 0.214347 0.066835
v 0.034166 0.411719 -0.097722
v 0.051919 0.431303 -0.094588
v 0.072356 0.441070 -0.091322
v 0.091458 0.453506 -0.081537
v 0.109612 0.468760 -0.063757
v 0.123252 0.469090 -0.056165
v 0.143615 0.455966 -0.060364
v 0.152781 0.456496 -0.054472
v 0.153566 0.469117 -0.040037
v 0.164671 0.470317 -0.035247
v 0.162870 0.458172 -0.049809
v 0.241958 0.458724 -0.049565
v 0.255177 0.452851 -0.054272
v 0.263054 0.443472 -0.061361
v 0.267159 0.431597 -0.067580
v 0.266707 0.418773 -0.071286
v 0.261445 0.406123 -0.071845
v 0.250717 0.396187 -0.070601
v 0.212204 0.377833 -0.060961
v 0.198806 0.370865 -0.058445
v 0.167602 0.333246 -0.058330
v 0.159137 0.324831 -0.060878
v 0.127241 0.281225 -0.075868
v 0.137499 0.296483 -0.071705
v 0.116845 0.266111 -0.079259
v 0.102814 0.053719 -0.077298
v 0.095960 0.071089 -0.070781
v 0.116069 0.072741 -0.061063
v 0.122916 0.056054 -0.066650
v 0.022505 0.105543 -0.065764
v 0.044613 0.105922 -0.067327
v 0.163650 0.070455 0.022888
v 0.159233 0.073321 -0.004570
v 0.148692 0.074424 -0.028012
v 0.133913 0.074135 -0.046639
v 0.160578 0.066132 0.050128
v 0.078829 0.033778 0.146484
v 0.099415 0.039560 0.132156
v 0.015758 0.023832 0.167078
v 0.036121 0.025796 0.163985
v 0.151481 0.059763 0.074892
v 0.057312 0.029097 0.157407
v 0.118977 0.046014 0.115385
v 0.137250 0.052640 0.096258
v 0.089175 0.088191 -0.065634
v 0.069529 0.087623 -0.070827
v 0.065116 0.106327 -0.065611
v 0.035606 0.322328 -0.113516
v 0.056186 0.324529 -0.113437
v 0.077136 0.328600 -0.111705
v 0.093595 0.352375 -0.109819
v 0.110450 0.360726 -0.103832
v 0.112886 0.343492 -0.102193
v 0.095989 0.335156 -0.107963
v 0.139187 0.377206 -0.087325
v 0.150445 0.383558 -0.081459
v 0.151832 0.369928 -0.078960
v 0.140820 0.362581 -0.084782
v 0.162493 0.376316 -0.075237
v 0.171414 0.381973 -0.070863
v 0.181335 0.388083 -0.067191
v 0.193167 0.394342 -0.066999
v 0.188630 0.416324 -0.068989
v 0.178067 0.411520 -0.070126
v 0.138336 0.392695 -0.087919
v 0.124582 0.386506 -0.095931
v 0.035279 0.354476 -0.108002
v 0.016375 0.351109 -0.103970
v 0.157682 0.294302 0.026112
v 0.159036 0.290713 0.005164
v 0.158284 0.289810 -0.013813
v 0.156406 0.291026 -0.030137
v 0.154226 0.294567 -0.044394
v 0.150277 0.299599 -0.057158
v 0.145077 0.306717 -0.068136
v 0.152041 0.316255 -0.064347
v 0.140059 0.316008 -0.077169
v 0.148365 0.325228 -0.071760
v 0.135084 0.326487 -0.084623
v 0.130492 0.338646 -0.090358
v 0.127495 0.353386 -0.093884
v 0.125518 0.369353 -0.095964
v 0.092222 0.370715 -0.109635
v 0.108882 0.378715 -0.103748
v 0.073886 0.381842 -0.110156
v 0.073769 0.398754 -0.106598
v 0.074876 0.346117 -0.113291
v 0.074253 0.363778 -0.112756
v 0.069654 0.484192 -0.059320
v 0.053877 0.476639 -0.070309
v 0.238760 0.406732 -0.071643
v 0.248784 0.407502 -0.071944
v 0.242425 0.399402 -0.071125
v 0.236902 0.400723 -0.070889
v 0.251536 0.417429 -0.071448
v 0.238585 0.424805 -0.070309
v 0.251357 0.428318 -0.069185
v 0.239519 0.415391 -0.071592
v 0.248146 0.438565 -0.065238
v 0.236120 0.433941 -0.067608
v 0.242646 0.446826 -0.060775
v 0.232699 0.441702 -0.064062
v 0.229617 0.446768 -0.061098
v 0.234304 0.451979 -0.057273
v 0.197803 0.442245 -0.062556
v 0.209931 0.444860 -0.061788
v 0.221580 0.446110 -0.061231
v 0.205334 0.399510 -0.068490
v 0.217156 0.406119 -0.070215
v 0.228443 0.411391 -0.071205
v 0.227033 0.420470 -0.070420
v 0.215475 0.415250 -0.070242
v 0.203213 0.409003 -0.069201
v 0.034870 0.338344 -0.111261
v 0.054349 0.341978 -0.113902
v 0.161003 0.389169 -0.077235
v 0.169997 0.393465 -0.072929
v 0.179640 0.397835 -0.069104
v 0.190660 0.403941 -0.068255
v 0.168593 0.406492 -0.073197
v 0.159576 0.402471 -0.077592
v 0.149390 0.397760 -0.082067
v 0.054648 0.358822 -0.111777
v 0.016165 0.335432 -0.108402
v 0.165379 0.436871 0.041987
v 0.166503 0.460955 0.030420
v 0.168679 0.476338 0.010197
v 0.167576 0.478502 -0.014301
v 0.000408 0.473711 -0.075136
v 0.402762 0.375242 -0.030389
v -0.001734 0.283227 -0.108119
v -0.002500 0.303031 -0.111273
v 0.000222 0.217363 -0.084660
v -0.000591 0.236718 -0.096769
v 0.041765 0.128486 -0.067679
v 0.020620 0.130521 -0.064678
v 0.019141 0.153016 -0.068036
v -0.001114 0.086996 -0.073979
v -0.000890 0.106212 -0.062275
v 0.000364 0.155323 -0.063291
v 0.000443 0.176388 -0.068038
v 0.017561 0.259240 -0.103363
v 0.016315 0.320623 -0.113209
v -0.001934 0.334961 -0.106701
v -0.001204 0.349581 -0.101814
v -0.000991 0.365892 -0.099714
v 0.107350 0.315445 0.128989
v 0.107126 0.329239 0.119020
v 0.094968 0.329637 0.124423
v 0.095432 0.315919 0.134258
v 0.126566 0.313332 0.114812
v 0.126780 0.326342 0.105525
v 0.117567 0.328075 0.112496
v 0.117552 0.314601 0.122375
v 0.134759 0.323613 0.097957
v 0.134340 0.310713 0.106792
v 0.107477 0.300605 0.136350
v 0.117875 0.299920 0.129652
v 0.095710 0.301244 0.141577
v 0.133445 0.297519 0.113640
v 0.126383 0.299167 0.121878
v 0.008133 0.525785 0.086598
v 0.007638 0.530167 0.101919
v 0.002088 0.570848 0.116640
v 0.001693 0.575106 0.114830
v 0.002538 0.515194 0.064839
v 0.002907 0.507173 0.059595
v 0.000001 0.553481 0.113141
v 0.000303 0.539884 0.112952
v -0.000427 0.596153 0.118270
v -0.000441 0.592825 0.116920
v -0.000256 0.582268 0.118098
v -0.000163 0.578533 0.116831
v 0.003288 0.497433 0.055401
v 0.002136 0.521449 0.073221
v 0.003327 0.476094 0.048898
v 0.003350 0.465746 0.046520
v 0.013450 0.457121 0.046268
v 0.014357 0.446316 0.050150
v 0.017331 0.314478 0.131835
v 0.016237 0.357579 0.102403
v 0.015728 0.346446 0.115189
v 0.016334 0.373427 0.093191
v 0.015371 0.435635 0.057262
v 0.003371 0.486772 0.051812
v -0.000003 0.566152 0.116206
v 0.000016 0.560823 0.113351
v -0.000382 0.589115 0.116880
v -0.000305 0.585733 0.117495
v 0.001684 0.405473 0.075234
v 0.001040 0.388393 0.085181
v 0.016279 0.330685 0.124137
v 0.002558 0.293555 0.136163
v 0.002955 0.270814 0.135461
v 0.002335 0.421416 0.065533
v 0.003205 0.250551 0.129526
v 0.171834 -0.107779 -0.050896
v 0.153245 -0.124460 -0.069826
v 0.144833 -0.111524 -0.080302
v 0.159328 -0.099120 -0.067228
v 0.168685 -0.056427 -0.048334
v 0.168465 -0.031794 -0.041454
v 0.169059 -0.005303 -0.037288
v 0.124124 -0.119256 -0.092431
v 0.094289 -0.103003 -0.106796
v 0.097476 -0.121317 -0.101496
v 0.153782 -0.007894 -0.061433
v 0.153748 -0.034110 -0.064786
v 0.150317 -0.094296 -0.075573
v 0.152362 -0.079717 -0.073090
v 0.166568 -0.079989 -0.057164
v 0.119951 -0.102314 -0.097219
v 0.138938 -0.099190 -0.085665
v 0.059461 0.050080 -0.087223
v 0.063651 0.031005 -0.095356
v 0.035222 0.031100 -0.097194
v 0.141495 0.058407 -0.050738
v 0.128847 0.036917 -0.072450
v 0.001074 -0.100966 -0.100715
v 0.136705 -0.081983 -0.087001
v 0.092030 -0.082168 -0.110882
v 0.117090 -0.082903 -0.099907
v 0.091756 -0.010169 -0.105667
v 0.115088 -0.010344 -0.095232
v 0.114389 -0.035259 -0.099991
v 0.091138 -0.033986 -0.110797
v 0.135596 -0.009873 -0.080738
v 0.133087 0.014616 -0.076858
v 0.090635 0.011972 -0.098965
v 0.113042 0.013244 -0.089935
v 0.108622 0.034873 -0.084098
v 0.135811 -0.036208 -0.084261
v 0.090612 -0.058562 -0.112916
v 0.061881 -0.057100 -0.118941
v 0.031367 -0.055108 -0.117091
v 0.000827 -0.056355 -0.114268
v 0.000290 -0.033360 -0.114267
v 0.087146 0.032770 -0.091316
v 0.075422 0.069909 -0.076609
v 0.082340 0.051757 -0.083673
v 0.061865 0.127020 -0.066321
v 0.111951 -0.335212 0.095468
v -0.000575 -0.146573 0.008014
v -0.001405 -0.154996 0.035871
v 0.179792 -0.068248 0.069601
v 0.190851 -0.088142 -0.006071
v 0.180365 -0.083670 -0.035023
v 0.007437 -0.160649 0.081861
v 0.023913 -0.155416 0.105057
v 0.160682 -0.074364 0.095876
v 0.106779 -0.120640 0.129741
v 0.000864 -0.160212 0.059020
v 0.152760 -0.058267 -0.068833
v 0.135741 -0.060626 -0.086314
v 0.115275 -0.060151 -0.101280
v 0.062662 -0.079947 -0.117421
v 0.030760 -0.076759 -0.115970
v 0.001019 -0.076139 -0.110268
v 0.021445 -0.096541 0.120748
v 0.009985 -0.091108 0.128191
v 0.017643 -0.090049 0.129102
v 0.001181 -0.079542 0.136121
v 0.001532 -0.092287 0.126643
v 0.010345 -0.101658 0.116827
v 0.001848 -0.103243 0.114550
v 0.001930 -0.116829 0.103497
v 0.079040 0.012907 0.144772
v 0.101080 0.019257 0.131436
v 0.015240 0.002954 0.163936
v 0.035035 0.004573 0.160994
v 0.156825 0.041896 0.075148
v 0.056448 0.007927 0.154952
v 0.121954 0.026467 0.115772
v 0.141759 0.034178 0.096868
v -0.000111 0.012563 -0.105243
v 0.000199 0.034001 -0.097932
v -0.003243 0.002289 0.163622
v 0.000677 0.529679 0.102359
v 0.001342 0.525123 0.086647
v -0.001827 0.713269 0.089472
v -0.001055 0.520521 -0.048687
v -0.000874 0.657928 0.108677
v -0.000085 0.574877 0.114881
v -0.000382 0.598348 0.121095
v 0.003514 0.455169 0.045521
v 0.003398 0.444161 0.049110
v -0.000039 -0.131919 0.006758
v 0.002933 0.433773 0.056980
v 0.000127 -0.132354 -0.006321
v 0.000430 0.197591 -0.075532
v 0.068321 -0.764079 -0.029582
v 0.066576 -0.762146 -0.044586
v 0.070148 -0.790289 -0.040452
v 0.070034 -0.791532 -0.026282
v 0.085279 -0.756711 -0.073002
v 0.073654 -0.759144 -0.064946
v 0.099892 -0.755896 -0.074720
v 0.113185 -0.756847 -0.069741
v 0.109213 -0.785522 -0.067226
v 0.097942 -0.784872 -0.073439
v 0.121136 -0.757643 -0.060773
v 0.123628 -0.786592 -0.047595
v 0.126780 -0.758446 -0.049193
v 0.130711 -0.760121 -0.031677
v 0.126080 -0.787067 -0.030889
v 0.124567 -0.764062 -0.012096
v 0.120233 -0.790336 -0.011719
v 0.110347 -0.767097 -0.000126
v 0.074791 -0.766479 -0.014691
v 0.074209 -0.793109 -0.010563
v 0.084742 -0.785587 -0.071491
v 0.075639 -0.787851 -0.061420
v 0.072218 -0.789228 -0.050674
v 0.068599 -0.760922 -0.055357
v 0.069933 -0.817718 -0.036685
v 0.065534 -0.818128 -0.021708
v 0.084196 -0.813650 -0.071436
v 0.077864 -0.815644 -0.057944
v 0.106047 -0.812845 -0.065640
v 0.097058 -0.812326 -0.074892
v 0.124297 -0.813665 -0.046643
v 0.114789 -0.813186 -0.055738
v 0.116693 -0.786012 -0.057626
v 0.125081 -0.813451 -0.030858
v 0.118623 -0.815465 -0.008726
v 0.070832 -0.818574 -0.004620
v 0.074251 -0.816895 -0.047014
v 0.124453 -0.905139 0.141377
v 0.123323 -0.900855 0.141010
v 0.118978 -0.900710 0.142080
v 0.117777 -0.905644 0.143028
v 0.086765 -0.905251 0.153542
v 0.085018 -0.895589 0.155887
v 0.076927 -0.897029 0.154050
v 0.075761 -0.908188 0.151927
v 0.104024 -0.905861 0.151467
v 0.104765 -0.908946 0.147979
v 0.109531 -0.909001 0.147112
v 0.111534 -0.905924 0.150129
v 0.144018 -0.901392 0.111689
v 0.143781 -0.905773 0.109259
v 0.147836 -0.905533 0.107324
v 0.149315 -0.901885 0.108496
v 0.131326 -0.904923 0.130163
v 0.131406 -0.909130 0.127168
v 0.135366 -0.908528 0.125407
v 0.137230 -0.905442 0.127079
v 0.087280 -0.891618 0.133123
v 0.073665 -0.890412 0.131148
v 0.074910 -0.895104 0.144810
v 0.086885 -0.892897 0.146598
v 0.068903 -0.903535 0.141144
v 0.067179 -0.900688 0.126076
v 0.074028 -0.908166 0.124712
v 0.075662 -0.908071 0.138351
v 0.086753 -0.908337 0.127398
v 0.087154 -0.908266 0.139726
v 0.093793 -0.901426 0.131263
v 0.095369 -0.901188 0.144814
v 0.112320 -0.900797 0.131670
v 0.107564 -0.893814 0.132958
v 0.109861 -0.897712 0.144423
v 0.115533 -0.903602 0.142414
v 0.096899 -0.894190 0.135099
v 0.101836 -0.897892 0.146035
v 0.093261 -0.903803 0.134164
v 0.098191 -0.908814 0.130212
v 0.101582 -0.908885 0.142127
v 0.096487 -0.904362 0.146390
v 0.107405 -0.908012 0.129215
v 0.110249 -0.908957 0.140231
v 0.124206 -0.893847 0.125099
v 0.113947 -0.894812 0.128035
v 0.116817 -0.899101 0.136958
v 0.124242 -0.898618 0.135368
v 0.112354 -0.906316 0.137201
v 0.110360 -0.904274 0.128055
v 0.115464 -0.908558 0.124906
v 0.117614 -0.909177 0.134788
v 0.124718 -0.907811 0.123075
v 0.124809 -0.909216 0.133629
v 0.128978 -0.900168 0.124753
v 0.128848 -0.903821 0.134540
v 0.142654 -0.899882 0.110855
v 0.139250 -0.893174 0.111789
v 0.138281 -0.897990 0.121223
v 0.140926 -0.903935 0.120062
v 0.131646 -0.893920 0.115882
v 0.132482 -0.897527 0.123445
v 0.127637 -0.902055 0.124754
v 0.128444 -0.899550 0.118171
v 0.130497 -0.907536 0.114055
v 0.129606 -0.909089 0.122063
v 0.138516 -0.907292 0.109986
v 0.136986 -0.909048 0.119754
v 0.152249 -0.892551 0.095551
v 0.151158 -0.895416 0.103497
v 0.152648 -0.900939 0.101809
v 0.153229 -0.899242 0.092296
v 0.145831 -0.892124 0.100625
v 0.145689 -0.894985 0.106651
v 0.141538 -0.899762 0.107105
v 0.143113 -0.897655 0.101990
v 0.142604 -0.905724 0.098461
v 0.141921 -0.906435 0.104466
v 0.148830 -0.905081 0.093881
v 0.148754 -0.906462 0.102016
v 0.090519 -0.890604 0.119428
v 0.073285 -0.886792 0.117092
v 0.077877 -0.908233 0.147462
v 0.066858 -0.898821 0.111896
v 0.084330 -0.908191 0.148040
v 0.089949 -0.908314 0.115731
v 0.074248 -0.907531 0.110352
v 0.092170 -0.901383 0.125650
v 0.109856 -0.900589 0.150045
v 0.109220 -0.908200 0.113420
v 0.109722 -0.902174 0.122596
v 0.105016 -0.900626 0.150859
v 0.108481 -0.890874 0.117370
v 0.125435 -0.891631 0.108036
v 0.119420 -0.908999 0.140230
v 0.123261 -0.909127 0.139460
v 0.126933 -0.907970 0.106337
v 0.129092 -0.898612 0.115847
v 0.136784 -0.900743 0.126780
v 0.140572 -0.907072 0.095222
v 0.143590 -0.897647 0.101973
v 0.133325 -0.900738 0.128326
v 0.141053 -0.890051 0.096509
v 0.148764 -0.898628 0.108128
v 0.149393 -0.905808 0.083828
v 0.154586 -0.898194 0.080863
v 0.145954 -0.897962 0.110125
v 0.152048 -0.889807 0.085340
v 0.083169 -0.794375 0.000426
v 0.083887 -0.768394 -0.003648
v 0.095569 -0.769337 0.001402
v 0.094028 -0.795277 0.004549
v 0.107285 -0.793243 0.001521
v 0.080932 -0.818320 0.007730
v 0.092938 -0.818341 0.011084
v 0.105616 -0.817842 0.005672
v 0.129128 -0.835217 -0.032142
v 0.125789 -0.834079 -0.048791
v 0.115632 -0.833672 -0.059322
v 0.107641 -0.833200 -0.069850
v 0.097185 -0.833298 -0.078324
v 0.069107 -0.839566 0.001229
v 0.078775 -0.837103 0.017414
v 0.092158 -0.835623 0.022713
v 0.106974 -0.835909 0.015534
v 0.068803 -0.881598 0.100926
v 0.086730 -0.879339 0.102224
v 0.082705 -0.870618 0.083491
v 0.068351 -0.880286 0.080114
v 0.104052 -0.881755 0.098445
v 0.100908 -0.870303 0.079719
v 0.120814 -0.882965 0.090487
v 0.117008 -0.873725 0.071795
v 0.136519 -0.884181 0.080370
v 0.131842 -0.877423 0.062496
v 0.150003 -0.886662 0.071261
v 0.145155 -0.883192 0.053193
v 0.155724 -0.896259 0.066406
v 0.152410 -0.892952 0.047890
v 0.062985 -0.897350 0.095368
v 0.064728 -0.894998 0.074717
v 0.072642 -0.908263 0.092260
v 0.074043 -0.907992 0.071935
v 0.088889 -0.908768 0.091455
v 0.089063 -0.908338 0.070272
v 0.147679 -0.905111 0.049640
v 0.149624 -0.907136 0.068657
v 0.106987 -0.908441 0.087184
v 0.106414 -0.907287 0.065926
v 0.123772 -0.909109 0.080916
v 0.122633 -0.907964 0.059881
v 0.137939 -0.909104 0.074245
v 0.136512 -0.908164 0.053963
v 0.078602 -0.863856 0.059948
v 0.097160 -0.857718 0.059692
v 0.112578 -0.862377 0.050776
v 0.127178 -0.868639 0.040536
v 0.140122 -0.877728 0.030909
v 0.148173 -0.888304 0.026155
v 0.126845 -0.856940 0.013368
v 0.135770 -0.874833 0.005727
v 0.141419 -0.886416 0.003606
v 0.137048 -0.884927 -0.019494
v 0.134205 -0.872105 -0.019477
v 0.126901 -0.870877 -0.059435
v 0.130795 -0.870632 -0.041995
v 0.134771 -0.883701 -0.042555
v 0.131233 -0.884878 -0.060858
v 0.129002 -0.855408 -0.013972
v 0.127511 -0.853661 -0.037030
v 0.122648 -0.852488 -0.053633
v 0.116021 -0.884976 -0.082122
v 0.114775 -0.869681 -0.082078
v 0.122326 -0.870672 -0.071580
v 0.125812 -0.885124 -0.072970
v 0.100402 -0.886777 -0.086828
v 0.099416 -0.870849 -0.089192
v 0.083765 -0.874049 -0.078568
v 0.084407 -0.888938 -0.078351
v 0.110571 -0.851083 -0.075594
v 0.116846 -0.852015 -0.065428
v 0.098541 -0.851344 -0.082897
v 0.084612 -0.854302 -0.074537
v 0.076026 -0.875991 -0.060253
v 0.077787 -0.856476 -0.057606
v 0.075456 -0.890273 -0.061539
v 0.069214 -0.878702 0.055916
v 0.069646 -0.891239 0.051345
v 0.110252 -0.848710 0.031463
v 0.093400 -0.846621 0.039384
v 0.075768 -0.853866 0.032588
v 0.068117 -0.875568 0.029755
v 0.072589 -0.889222 0.025627
v 0.067729 -0.876236 0.005129
v 0.073996 -0.888250 0.002572
v 0.077348 -0.901159 0.048314
v 0.080792 -0.895558 0.023159
v 0.081443 -0.894195 0.000379
v 0.068272 -0.876479 -0.015792
v 0.072985 -0.888717 -0.017531
v 0.071474 -0.875977 -0.032716
v 0.073090 -0.889175 -0.033679
v 0.073469 -0.889844 -0.047028
v 0.073980 -0.876125 -0.046024
v 0.071542 -0.858108 -0.033386
v 0.074628 -0.856990 -0.045192
v 0.068304 -0.859464 -0.016413
v 0.067610 -0.857946 0.005954
v 0.144742 -0.900827 0.027186
v 0.140050 -0.896910 0.004456
v 0.134718 -0.894292 -0.018139
v 0.131492 -0.894948 -0.040713
v 0.126251 -0.896086 -0.057894
v 0.120830 -0.896317 -0.068735
v 0.112681 -0.895709 -0.076704
v 0.099798 -0.895716 -0.079053
v 0.087901 -0.897241 -0.073716
v 0.081694 -0.899237 -0.060429
v 0.079654 -0.900010 -0.047857
v 0.080113 -0.896279 -0.019689
v 0.079098 -0.898980 -0.035212
v 0.065273 -0.840620 -0.018343
v 0.068590 -0.839509 -0.034887
v 0.072837 -0.838414 -0.045825
v 0.084346 -0.835429 -0.071236
v 0.077888 -0.836951 -0.056193
v 0.090338 -0.904680 0.045645
v 0.106583 -0.904110 0.041292
v 0.121898 -0.904579 0.035682
v 0.134641 -0.904571 0.030690
v 0.131860 -0.901095 0.007105
v 0.120168 -0.901383 0.010785
v 0.105530 -0.901529 0.015489
v 0.091332 -0.899376 0.020247
v 0.127022 -0.899322 -0.015261
v 0.116614 -0.900479 -0.011725
v 0.103239 -0.900570 -0.008179
v 0.090962 -0.898845 -0.002971
v 0.088752 -0.901181 -0.023253
v 0.099522 -0.901808 -0.028703
v 0.111628 -0.901227 -0.031982
v 0.121684 -0.899584 -0.036446
v 0.117095 -0.899826 -0.052708
v 0.107637 -0.900993 -0.047666
v 0.096678 -0.901936 -0.043946
v 0.087682 -0.902043 -0.039049
v 0.113222 -0.899597 -0.062154
v 0.100089 -0.899210 -0.071809
v 0.108048 -0.899301 -0.068765
v 0.092215 -0.900458 -0.068924
v 0.088824 -0.901522 -0.059647
v 0.087726 -0.902118 -0.049747
v 0.095489 -0.901064 -0.060130
v 0.095811 -0.901550 -0.052948
v 0.105420 -0.900546 -0.056732
v 0.102938 -0.900059 -0.063065
v 0.095912 -0.900350 -0.065495
v 0.099719 -0.899881 -0.066906
v 0.119717 -0.838618 -0.004964
v 0.000135 0.485444 -0.069245
v 0.000683 0.418663 -0.090650
v 0.075582 -0.496995 0.036707
v 0.090421 -0.498586 0.039615
v 0.106580 -0.496645 0.040048
v 0.135230 -0.082302 0.115298
v 0.078003 0.136258 0.127683
v 0.082995 0.174823 0.118193
v 0.080219 0.155318 0.122524
v 0.137187 -0.113366 0.119846
v 0.126622 0.195955 0.067067
v 0.001204 -0.091855 -0.104596
v -0.000270 0.380476 -0.097439
v 0.107168 0.343049 0.107333
v 0.000065 -0.009971 -0.110859
v 0.075632 0.626085 0.011553
v 0.073359 0.624410 0.010315
v 0.072703 0.621192 0.009428
v 0.072041 0.619400 0.005856
v 0.071669 0.617457 0.002868
v 0.070977 0.616736 0.000569
v 0.074109 0.621877 0.006799
v 0.072480 0.624364 0.003815
v 0.073406 0.624630 0.006590
v 0.074614 0.623643 0.008229
v 0.000831 0.370087 0.093135
v 0.000614 0.354931 0.103047
v 0.000969 0.344795 0.116359
v 0.001279 0.328901 0.124762
v -0.000038 0.570751 0.116871
v -0.005151 0.082801 0.161194
v -0.004065 0.097304 0.157582
v 0.000118 0.133360 -0.059766
v -0.004964 0.042268 0.166907
v -0.002723 0.113180 0.155229
v -0.000870 0.260546 -0.104191
v 0.002194 0.312590 0.131823
v -0.004169 0.022786 0.166806
v -0.001982 0.320800 -0.112645
v -0.001089 0.135507 0.154438
v 0.000415 -0.062789 0.144490
v 0.002468 0.196240 0.141845
v -0.045159 0.684966 0.084923
v -0.055236 0.676009 0.075629
v -0.049666 0.667191 0.086346
v -0.038914 0.672185 0.094328
v -0.045457 0.659140 0.093511
v -0.035733 0.661409 0.099807
v -0.061707 0.664406 0.067293
v -0.056596 0.659512 0.078137
v -0.061993 0.623171 0.073737
v -0.060205 0.632339 0.072931
v -0.065352 0.629372 0.064573
v -0.065842 0.617062 0.064905
v -0.060493 0.596776 0.074547
v -0.061409 0.586814 0.064416
v -0.056613 0.579751 0.075550
v -0.054847 0.589886 0.083939
v -0.023552 0.606939 0.105004
v -0.026633 0.612572 0.102908
v -0.032555 0.606944 0.102941
v -0.028663 0.600513 0.104787
v -0.014339 0.617311 0.108628
v -0.010146 0.621174 0.113888
v -0.010511 0.626246 0.108805
v -0.015451 0.621913 0.104844
v -0.018252 0.601724 0.105789
v -0.023428 0.595069 0.104904
v -0.017007 0.608591 0.108220
v -0.018946 0.612562 0.105510
v -0.013396 0.604098 0.118465
v -0.010531 0.605146 0.122822
v -0.011470 0.610570 0.122612
v -0.014689 0.608637 0.116583
v -0.016741 0.602109 0.109955
v -0.013246 0.599281 0.111962
v -0.014481 0.602017 0.114667
v -0.016697 0.605501 0.112288
v -0.013700 0.613027 0.112406
v -0.010460 0.616138 0.118560
v -0.006335 0.618107 0.124561
v -0.007273 0.611142 0.128926
v -0.038655 0.586824 0.099809
v -0.033161 0.583602 0.101911
v -0.028771 0.589260 0.103975
v -0.034042 0.593814 0.103100
v -0.014267 0.596115 0.109195
v -0.016985 0.581024 0.111762
v -0.011583 0.582559 0.115347
v -0.011488 0.586364 0.114729
v -0.017444 0.584922 0.111144
v -0.043261 0.571545 0.092450
v -0.043133 0.562937 0.089711
v -0.036973 0.564397 0.095466
v -0.037242 0.571178 0.097097
v -0.034466 0.558317 0.095302
v -0.040640 0.554495 0.088425
v -0.030435 0.540813 0.091730
v -0.025640 0.548441 0.100795
v -0.030526 0.553070 0.096959
v -0.036053 0.547133 0.089294
v -0.014575 0.554732 0.108326
v -0.019685 0.544387 0.106163
v -0.012874 0.541524 0.110538
v -0.008853 0.553815 0.110966
v -0.016142 0.574826 0.108299
v -0.016475 0.577676 0.110696
v -0.020348 0.576406 0.107330
v -0.019911 0.574404 0.105645
v -0.023734 0.573934 0.103096
v -0.023667 0.574662 0.103798
v -0.025149 0.575279 0.103602
v -0.025326 0.573735 0.102418
v -0.021999 0.574208 0.104264
v -0.022807 0.573116 0.103615
v -0.020787 0.572469 0.105189
v -0.017493 0.572039 0.108184
v -0.004948 0.570974 0.116072
v -0.004080 0.575212 0.114378
v -0.007186 0.575148 0.113330
v -0.008626 0.571218 0.114722
v -0.023783 0.576966 0.105286
v -0.021307 0.578871 0.107939
v -0.022566 0.581895 0.107742
v -0.025937 0.578775 0.104920
v -0.028861 0.580993 0.103886
v -0.030919 0.576803 0.101554
v -0.027497 0.576122 0.102846
v -0.024451 0.571921 0.102359
v -0.027911 0.573062 0.101331
v -0.027091 0.570118 0.100705
v -0.025064 0.567293 0.101929
v -0.022415 0.570332 0.103984
v -0.019317 0.569049 0.107147
v -0.021819 0.564918 0.104746
v -0.017182 0.563144 0.108274
v -0.014930 0.567878 0.111089
v -0.024806 0.585427 0.106245
v -0.031906 0.572089 0.099579
v -0.035793 0.577800 0.099348
v -0.031371 0.567385 0.098705
v -0.029092 0.563069 0.099311
v -0.020467 0.556695 0.104990
v -0.025485 0.559416 0.101557
v -0.022796 0.535370 0.096726
v -0.014422 0.531652 0.100566
v -0.041881 0.652470 0.095563
v -0.033581 0.653454 0.099294
v -0.042159 0.644333 0.092878
v -0.038504 0.645383 0.095241
v -0.039165 0.648160 0.095312
v -0.043805 0.646591 0.091910
v -0.054710 0.635121 0.078400
v -0.056317 0.628535 0.078837
v -0.050537 0.633591 0.082193
v -0.050118 0.637585 0.082975
v -0.043417 0.626733 0.090850
v -0.040936 0.633686 0.091718
v -0.043891 0.634383 0.089026
v -0.047537 0.627767 0.087341
v -0.037320 0.633367 0.093936
v -0.038603 0.626994 0.093559
v -0.033717 0.628189 0.095487
v -0.033227 0.633674 0.095313
v -0.032548 0.648970 0.097029
v -0.033029 0.646037 0.096800
v -0.026799 0.645409 0.096555
v -0.025358 0.648489 0.097009
v -0.016936 0.638096 0.093476
v -0.014021 0.637885 0.095103
v -0.014666 0.642106 0.095240
v -0.017833 0.640650 0.093900
v -0.018213 0.636524 0.094178
v -0.016277 0.634980 0.095492
v -0.036452 0.706934 0.079769
v -0.050790 0.697730 0.070034
v -0.031792 0.691432 0.093516
v -0.060601 0.685175 0.061082
v -0.067369 0.669796 0.054241
v -0.057435 0.569909 0.068325
v -0.050719 0.564742 0.080432
v -0.050139 0.574459 0.085108
v -0.055113 0.559050 0.064030
v -0.048200 0.554146 0.078055
v -0.033539 0.536265 0.077343
v -0.042525 0.544096 0.076936
v -0.060486 0.566451 0.048090
v -0.056531 0.558298 0.042323
v -0.049374 0.548412 0.059767
v -0.060858 0.571385 0.028157
v -0.058049 0.568338 0.020878
v -0.050792 0.549664 0.033450
v -0.035187 0.515522 0.040345
v -0.047085 0.519633 0.028580
v -0.047823 0.507684 0.025283
v -0.036664 0.503761 0.037790
v -0.062263 0.576455 0.054808
v -0.067297 0.639024 0.055525
v -0.068793 0.625528 0.053535
v -0.063065 0.640436 0.066671
v -0.070798 0.697901 0.026100
v -0.076388 0.680439 0.024633
v -0.072530 0.676044 0.040451
v -0.066970 0.693194 0.045250
v -0.043112 0.731889 0.030202
v -0.058539 0.716881 0.028066
v -0.055667 0.709624 0.051668
v -0.040990 0.722038 0.057777
v -0.078049 0.680897 0.008545
v -0.071890 0.698481 0.003760
v -0.072762 0.692214 -0.017141
v -0.078580 0.678396 -0.007747
v -0.059995 0.716710 -0.000053
v -0.060954 0.710198 -0.025687
v -0.058978 0.571533 0.009410
v -0.056051 0.553502 0.014176
v -0.054101 0.537831 0.016070
v -0.046816 0.533749 0.031835
v -0.043624 0.722064 -0.031224
v -0.043338 0.731629 -0.002246
v -0.065590 0.649538 -0.048885
v -0.072491 0.641996 -0.034651
v -0.075971 0.657545 -0.027980
v -0.068513 0.667765 -0.043941
v -0.055014 0.657231 -0.064370
v -0.057531 0.678142 -0.059065
v -0.053524 0.596592 -0.040199
v -0.046204 0.597051 -0.054244
v -0.039823 0.581756 -0.042812
v -0.046259 0.581283 -0.031098
v -0.052332 0.654476 0.086983
v -0.055911 0.648321 0.080651
v -0.051119 0.645878 0.086239
v -0.047572 0.649803 0.090883
v -0.065001 0.652354 0.060076
v -0.060662 0.650408 0.071277
v -0.073541 0.660482 0.035380
v -0.077332 0.665073 0.022298
v -0.079759 0.664893 -0.003018
v -0.079346 0.666197 0.010145
v -0.074845 0.635383 -0.022859
v -0.077043 0.645590 -0.018450
v -0.059642 0.579537 -0.004937
v -0.052670 0.579907 -0.019005
v -0.048887 0.562029 -0.014306
v -0.055643 0.558715 -0.001531
v -0.035381 0.565844 -0.034748
v -0.041404 0.564951 -0.024759
v -0.052456 0.527139 -0.001638
v -0.047050 0.530048 -0.015153
v -0.048207 0.517583 -0.018323
v -0.052102 0.514238 -0.004585
v -0.041531 0.518267 -0.030328
v -0.039744 0.532175 -0.026520
v -0.031983 0.532594 -0.035544
v -0.032690 0.517867 -0.039137
v -0.013441 0.499049 0.051822
v -0.024054 0.501239 0.045834
v -0.026168 0.491029 0.043476
v -0.014433 0.489455 0.048758
v -0.053973 0.503495 -0.008630
v -0.051388 0.507681 -0.023287
v -0.059121 0.595990 -0.026060
v -0.064014 0.596852 -0.015281
v -0.044816 0.507956 -0.035897
v -0.046851 0.544655 -0.013848
v -0.039417 0.547297 -0.024243
v -0.027230 0.565941 -0.042938
v -0.030849 0.581203 -0.052221
v -0.020891 0.617351 0.102931
v -0.023868 0.631571 0.096445
v -0.019714 0.633043 0.096060
v -0.020816 0.635929 0.095078
v -0.024480 0.635213 0.095722
v -0.013688 0.673737 0.105651
v -0.026656 0.674260 0.101247
v -0.024223 0.660715 0.104622
v -0.011578 0.656769 0.106704
v -0.050582 0.602771 0.092527
v -0.044686 0.592763 0.097030
v -0.038816 0.600379 0.101352
v -0.041695 0.609137 0.098469
v -0.047244 0.639103 0.085912
v -0.046326 0.640976 0.088078
v -0.048807 0.641160 0.085614
v -0.041463 0.579616 0.096160
v -0.048154 0.583594 0.091013
v -0.067771 0.610680 0.053263
v -0.057957 0.641016 0.075322
v -0.023175 0.742256 0.033154
v -0.022345 0.730557 0.064350
v -0.023737 0.742269 -0.002095
v -0.023932 0.732472 -0.032821
v -0.041091 0.685844 -0.069706
v -0.022765 0.693868 -0.076076
v -0.022119 0.668286 -0.084613
v -0.039809 0.663007 -0.076277
v -0.034280 0.598162 -0.065288
v -0.022738 0.533976 -0.041736
v -0.023247 0.517921 -0.044550
v -0.020506 0.712283 0.086232
v -0.016683 0.692885 0.099346
v -0.069451 0.655251 0.047425
v -0.061414 0.614649 0.077336
v -0.058142 0.607677 0.083205
v -0.054003 0.618566 0.086926
v -0.056505 0.622684 0.082037
v -0.063953 0.605603 0.068166
v -0.064967 0.596750 0.055620
v -0.065763 0.588435 0.041499
v -0.063621 0.577262 0.034260
v -0.069981 0.683749 -0.036240
v -0.077025 0.671271 -0.021433
v -0.042814 0.706402 -0.054437
v -0.059491 0.696685 -0.046311
v -0.078596 0.660893 -0.015125
v -0.023617 0.715641 -0.058103
v -0.011116 0.590531 0.113647
v -0.009641 0.594444 0.113184
v -0.018190 0.590269 0.109024
v -0.010137 0.566873 0.113916
v -0.011869 0.561938 0.110838
v -0.006759 0.561251 0.112175
v -0.005754 0.566381 0.115329
v -0.013590 0.526867 0.085232
v -0.023125 0.530461 0.081269
v -0.012919 0.508675 0.056278
v -0.022998 0.511083 0.049756
v -0.009658 0.602587 0.117141
v -0.010009 0.601839 0.115066
v -0.008127 0.602065 0.115529
v -0.008183 0.602948 0.117490
v -0.022476 0.575448 0.105126
v -0.006879 0.582742 0.117292
v -0.006996 0.578953 0.115880
v -0.003985 0.578703 0.116540
v -0.003895 0.582360 0.117905
v -0.038294 0.536695 0.056123
v -0.035001 0.527185 0.045438
v -0.052424 0.510686 0.010755
v -0.052963 0.523403 0.013908
v -0.053561 0.541753 -0.000381
v -0.032602 0.549135 -0.033661
v -0.023991 0.550517 -0.040205
v -0.013655 0.551481 -0.044833
v -0.016542 0.566652 -0.048533
v -0.023467 0.527157 0.065985
v -0.023003 0.520443 0.055943
v -0.013029 0.517434 0.062153
v -0.013056 0.523380 0.071423
v -0.004288 0.599945 0.118664
v -0.005198 0.598827 0.116646
v -0.003323 0.596770 0.117498
v -0.002877 0.598970 0.120186
v -0.010805 0.599955 0.113470
v -0.008840 0.597158 0.113387
v -0.008566 0.599018 0.113466
v -0.011597 0.601220 0.115136
v -0.011028 0.602590 0.117744
v -0.006448 0.603347 0.122315
v -0.006269 0.603881 0.127084
v -0.009217 0.603247 0.120693
v -0.006044 0.601147 0.117239
v -0.006331 0.599926 0.115441
v -0.008161 0.600645 0.113944
v -0.009787 0.600878 0.113931
v -0.006764 0.603231 0.120287
v -0.008516 0.603090 0.118996
v -0.005747 0.624042 0.119190
v -0.004270 0.507227 0.059212
v -0.004535 0.515868 0.064812
v -0.023070 0.574208 0.103610
v -0.024363 0.652562 0.100696
v -0.048376 0.616888 0.092488
v -0.028187 0.618401 0.100298
v -0.028558 0.624175 0.098058
v -0.034482 0.621352 0.097145
v -0.034429 0.614172 0.099878
v -0.015633 0.649474 0.100441
v -0.010734 0.643858 0.099310
v -0.006676 0.645831 0.104969
v -0.010147 0.637384 0.099119
v -0.013269 0.632465 0.098284
v -0.011358 0.630117 0.103479
v -0.006662 0.636647 0.106718
v -0.046840 0.644145 0.088726
v -0.044698 0.642706 0.090446
v -0.016498 0.625717 0.101080
v -0.017822 0.629231 0.097883
v -0.022903 0.626738 0.098033
v -0.022101 0.622007 0.100261
v -0.041040 0.618619 0.095549
v -0.052997 0.641164 0.081531
v -0.049875 0.630072 0.083987
v -0.063737 0.592074 -0.001438
v -0.067603 0.602795 -0.008308
v -0.066044 0.585144 0.016674
v -0.065173 0.586746 0.012856
v -0.060473 0.581391 0.015169
v -0.063087 0.580827 0.019545
v -0.078207 0.635454 -0.002041
v -0.077829 0.635822 0.001819
v -0.078316 0.642469 0.002263
v -0.078286 0.641617 -0.005234
v -0.077825 0.638334 0.008303
v -0.076888 0.634494 0.008650
v -0.076755 0.634010 0.011971
v -0.077788 0.641357 0.010425
v -0.075851 0.638838 0.017755
v -0.076763 0.650682 0.020717
v -0.078711 0.652738 0.010424
v -0.070930 0.636910 0.040756
v -0.073541 0.645642 0.030398
v -0.073217 0.633800 0.023819
v -0.071745 0.625388 0.028575
v -0.066574 0.591667 0.027393
v -0.065180 0.584529 0.023934
v -0.061321 0.584749 0.007696
v -0.052276 0.635962 -0.064650
v -0.063213 0.631125 -0.050508
v -0.069157 0.626561 -0.036194
v -0.071971 0.623336 -0.023605
v -0.040172 0.642290 -0.076730
v -0.025794 0.642564 -0.083358
v -0.070700 0.620027 0.041111
v -0.069910 0.614343 0.029802
v -0.059174 0.612771 -0.047420
v -0.049506 0.615706 -0.061815
v -0.064535 0.610848 -0.033079
v -0.068400 0.610859 -0.021088
v -0.036950 0.621939 -0.074013
v -0.020354 0.619224 -0.080100
v -0.019229 0.597969 -0.071280
v -0.070472 0.593899 0.017303
v -0.070989 0.588329 0.018048
v -0.067944 0.586904 0.019576
v -0.068516 0.592487 0.021306
v -0.068674 0.602764 0.028713
v -0.068255 0.604966 0.040354
v -0.005984 0.630019 0.113637
v -0.006047 0.540255 0.112627
v -0.004166 0.553654 0.112619
v -0.006230 0.590350 0.116088
v -0.006715 0.586481 0.116883
v -0.003709 0.585876 0.117510
v -0.003360 0.589542 0.116819
v -0.018763 0.646018 0.096056
v -0.018286 0.581669 -0.059015
v -0.012574 0.535407 -0.044980
v -0.012520 0.519314 -0.047531
v -0.035737 0.506418 -0.045172
v -0.024926 0.505386 -0.050877
v -0.003058 0.593252 0.116691
v -0.005755 0.593844 0.115779
v -0.006189 0.602629 0.119059
v -0.011475 0.578613 0.114096
v -0.006447 0.598614 0.115139
v -0.005721 0.596589 0.115531
v -0.001342 0.596219 0.118244
v -0.001550 0.592904 0.116996
v -0.028664 0.629836 0.096422
v -0.028771 0.634338 0.095869
v -0.004736 0.601678 0.121139
v -0.003652 0.600823 0.123668
v -0.038786 0.493246 0.034722
v -0.048839 0.496383 0.021494
v -0.001880 0.578588 0.116751
v -0.001887 0.582178 0.118084
v -0.071665 0.618731 0.020704
v -0.073330 0.625898 0.018609
v -0.074452 0.621294 0.013731
v -0.072609 0.615216 0.015421
v -0.004578 0.498118 0.054941
v -0.053300 0.499643 0.006344
v -0.013343 0.505666 -0.054290
v -0.046072 0.635651 0.086864
v -0.047073 0.637299 0.085484
v -0.021413 0.643559 0.094979
v -0.013124 0.571541 0.112063
v -0.011424 0.575033 0.111382
v -0.004837 0.521714 0.073698
v -0.001333 0.598414 0.121114
v -0.074980 0.628365 0.005744
v -0.074531 0.624785 0.006511
v -0.077163 0.624073 0.008295
v -0.077448 0.627211 0.008832
v -0.079022 0.630498 0.013328
v -0.080310 0.633698 0.011655
v -0.081408 0.630333 0.010292
v -0.079883 0.627560 0.010986
v -0.075676 0.631193 0.015772
v -0.076784 0.626713 0.013844
v -0.082684 0.634999 0.009916
v -0.082332 0.632369 0.008781
v -0.077754 0.635476 0.005871
v -0.080155 0.636216 0.008537
v -0.081366 0.637895 0.004151
v -0.085070 0.636073 0.006161
v -0.083170 0.637577 -0.001933
v -0.087496 0.635248 0.000920
v -0.083287 0.633852 -0.007285
v -0.088131 0.632154 -0.004567
v -0.069635 0.600405 0.021256
v -0.068695 0.601278 0.014901
v -0.082849 0.627838 -0.009982
v -0.088285 0.627091 -0.007672
v -0.082124 0.620329 -0.011832
v -0.087342 0.620129 -0.009386
v -0.081051 0.611755 -0.011238
v -0.085388 0.612745 -0.009140
v -0.079575 0.604584 -0.008374
v -0.083655 0.605929 -0.006633
v -0.077283 0.595583 -0.003955
v -0.081516 0.599363 -0.002133
v -0.084176 0.630457 -0.003682
v -0.083519 0.633367 0.000113
v -0.076674 0.631829 -0.003908
v -0.082721 0.634033 0.004977
v -0.073706 0.619255 0.000061
v -0.072749 0.617376 0.000384
v -0.074845 0.618398 0.003533
v -0.073247 0.620392 0.001832
v -0.073080 0.613383 0.012044
v -0.072650 0.608063 0.012130
v -0.071928 0.607997 0.015800
v -0.070515 0.604184 0.011597
v -0.069799 0.608668 0.010514
v -0.069878 0.605398 0.010316
v -0.069169 0.612845 0.010010
v -0.070172 0.603986 0.008796
v -0.071052 0.602370 0.009837
v -0.069194 0.604911 0.008172
v -0.068884 0.605798 0.009048
v -0.067985 0.607661 0.008170
v -0.068181 0.610734 0.005831
v -0.071163 0.609861 0.021465
v -0.068088 0.598481 0.001141
v -0.071381 0.606559 -0.003177
v -0.078756 0.594545 0.003681
v -0.075655 0.588751 0.003416
v -0.072966 0.585439 0.015860
v -0.074474 0.584998 0.010459
v -0.075328 0.626788 -0.005084
v -0.074742 0.620300 -0.006585
v -0.066125 0.592486 0.007944
v -0.073664 0.613785 -0.006116
v -0.079734 0.603102 -0.001076
v -0.077259 0.599885 0.003193
v -0.082140 0.607845 -0.004445
v -0.072033 0.599118 0.011859
v -0.074989 0.598708 0.007830
v -0.076506 0.593100 0.009518
v -0.073715 0.593107 0.014073
v -0.075385 0.603601 0.003841
v -0.078548 0.606067 0.001022
v -0.072232 0.605759 0.002939
v -0.075234 0.608299 0.000527
v -0.070882 0.604221 0.006159
v -0.072816 0.602270 0.006945
v -0.068703 0.607676 0.002297
v -0.071719 0.611290 -0.000300
v -0.068689 0.605645 0.006027
v -0.078187 0.611384 -0.000388
v -0.075325 0.614333 -0.000396
v -0.078682 0.617577 0.001080
v -0.080607 0.615106 -0.000481
v -0.080984 0.609556 -0.001570
v -0.082941 0.613831 -0.003101
v -0.082839 0.613577 -0.006618
v -0.083628 0.619230 -0.003895
v -0.083554 0.620017 -0.007097
v -0.082111 0.619105 -0.001125
v -0.080723 0.620052 0.001246
v -0.084392 0.626112 -0.006091
v -0.083718 0.624367 -0.003207
v -0.083443 0.628273 -0.001414
v -0.082819 0.622924 -0.000596
v -0.082342 0.625932 0.000801
v -0.081626 0.622280 0.000934
v -0.080998 0.623955 0.002295
v -0.079741 0.631566 0.007279
v -0.078562 0.629808 0.008666
v -0.081084 0.631796 0.004543
v -0.079649 0.629338 0.004625
v -0.078819 0.630768 0.005817
v -0.077361 0.629716 0.006172
v -0.078621 0.627187 0.005249
v -0.076605 0.625114 0.004247
v -0.017265 0.468000 0.046181
v -0.005915 0.466692 0.046952
v -0.005207 0.477015 0.048633
v -0.015919 0.478504 0.046637
v -0.081063 0.627930 0.002701
v -0.079969 0.625466 0.004009
v -0.082310 0.630754 0.001205
v -0.077662 0.621486 0.002157
v -0.078678 0.623323 0.003436
v -0.079853 0.621770 0.002711
v -0.078841 0.620342 0.002152
v -0.072835 0.617210 0.010945
v -0.070733 0.615731 0.007681
v -0.070679 0.613231 0.003828
v -0.050010 0.455715 0.031236
v -0.046178 0.464382 0.028130
v -0.060278 0.470333 0.016230
v -0.065177 0.463385 0.018842
v -0.061039 0.434976 0.047789
v -0.082354 0.443383 0.033584
v -0.081723 0.422053 0.051754
v -0.063929 0.416849 0.058022
v -0.081192 0.404131 0.066587
v -0.065111 0.400210 0.070162
v -0.078439 0.356043 0.104726
v -0.063116 0.355038 0.108152
v -0.063831 0.370196 0.095940
v -0.079440 0.371349 0.092152
v -0.098231 0.282249 0.139465
v -0.092213 0.264740 0.136483
v -0.079117 0.268994 0.142045
v -0.086732 0.284670 0.143980
v -0.140618 0.377983 0.060761
v -0.142543 0.397116 0.052520
v -0.153489 0.388265 0.051008
v -0.149719 0.368475 0.057795
v -0.092723 0.476106 -0.012038
v -0.088851 0.462298 0.010057
v -0.080853 0.466393 0.005320
v -0.085520 0.479086 -0.014182
v -0.141141 0.293050 0.091644
v -0.136956 0.281377 0.099857
v -0.132924 0.290650 0.107536
v -0.135855 0.302342 0.100363
v -0.108244 0.212366 0.084642
v -0.110451 0.194631 0.084743
v -0.095680 0.194740 0.100337
v -0.094195 0.211982 0.099386
v -0.142989 0.231306 0.022716
v -0.145359 0.229956 -0.002846
v -0.144454 0.215869 -0.004656
v -0.143226 0.215876 0.021025
v -0.105397 0.354989 0.095283
v -0.092695 0.356018 0.100216
v -0.094091 0.371300 0.087950
v -0.107414 0.370567 0.083342
v -0.325062 0.424571 0.013769
v -0.325269 0.408456 0.014152
v -0.300701 0.409255 0.015987
v -0.300212 0.425126 0.015151
v -0.147192 0.130722 0.031186
v -0.146052 0.133411 0.007083
v -0.148413 0.116404 0.010443
v -0.148821 0.113339 0.034635
v -0.190588 0.451073 0.025646
v -0.176562 0.454450 0.026368
v -0.175188 0.471100 0.007430
v -0.188380 0.468356 0.008137
v -0.140585 0.340563 0.072344
v -0.133623 0.347366 0.078285
v -0.137598 0.361902 0.069399
v -0.144675 0.353137 0.064940
v -0.154611 0.257420 -0.005016
v -0.153478 0.258234 0.017639
v -0.156592 0.274312 0.011894
v -0.157806 0.273693 -0.008514
v -0.148933 0.243817 0.021117
v -0.150427 0.242574 -0.003242
v -0.126032 0.351142 0.083729
v -0.116548 0.353196 0.089568
v -0.118973 0.369430 0.078505
v -0.128302 0.367593 0.073799
v -0.085668 0.250101 0.127076
v -0.070100 0.255434 0.134602
v -0.143121 0.109694 0.058413
v -0.132453 0.105507 0.079708
v -0.131366 0.123746 0.076441
v -0.141957 0.127345 0.055175
v -0.077553 0.227830 0.108550
v -0.079864 0.239726 0.115088
v -0.094084 0.238219 0.106219
v -0.092111 0.226870 0.098435
v -0.118091 0.101716 0.098369
v -0.101500 0.098034 0.115631
v -0.099373 0.117866 0.111382
v -0.116313 0.120482 0.094925
v -0.080549 0.387336 0.079504
v -0.064709 0.385272 0.083375
v -0.118026 0.280936 0.125576
v -0.114911 0.264140 0.121869
v -0.104314 0.263437 0.129599
v -0.108937 0.281111 0.133042
v -0.158792 0.341271 0.041559
v -0.156610 0.355328 0.052091
v -0.165914 0.375621 0.045700
v -0.168162 0.353692 0.035573
v -0.151226 0.099651 0.012844
v -0.151595 0.096739 0.037228
v -0.120609 0.082781 0.101266
v -0.103850 0.078481 0.118858
v -0.202761 0.349815 -0.031443
v -0.192405 0.338317 -0.027225
v -0.189884 0.340902 -0.013534
v -0.200657 0.352768 -0.018492
v -0.048311 0.287089 0.144796
v -0.063514 0.295286 0.145693
v -0.068978 0.279258 0.145820
v -0.056119 0.267465 0.141454
v -0.111181 0.249273 0.111584
v -0.107701 0.238790 0.098166
v -0.099309 0.248297 0.119395
v -0.032356 0.278636 0.140099
v -0.041351 0.254115 0.131721
v -0.047975 0.382037 0.086531
v -0.047496 0.368081 0.098889
v -0.047652 0.397019 0.075225
v -0.030645 0.393961 0.079803
v -0.028648 0.409750 0.069685
v -0.045776 0.412923 0.064624
v -0.025632 0.425900 0.061826
v -0.042363 0.429404 0.056376
v -0.033645 0.451100 0.041658
v -0.030666 0.460256 0.038334
v -0.150096 0.342043 0.058349
v -0.146144 0.330689 0.064808
v -0.135032 0.087484 0.082292
v -0.103525 0.415537 -0.098020
v -0.102924 0.398370 -0.103218
v -0.118312 0.404114 -0.096610
v -0.118798 0.420475 -0.091846
v -0.100995 0.475890 -0.010922
v -0.100166 0.462428 0.012013
v -0.172730 0.359271 -0.070621
v -0.161004 0.353602 -0.072959
v -0.163771 0.342350 -0.067672
v -0.173123 0.349831 -0.065721
v -0.200914 0.351608 -0.051161
v -0.214083 0.360183 -0.054409
v -0.213242 0.367484 -0.060953
v -0.198557 0.358849 -0.056879
v -0.141990 0.118726 -0.011856
v -0.138702 0.135599 -0.015705
v -0.123966 0.244081 -0.068098
v -0.134399 0.236551 -0.047761
v -0.142330 0.251285 -0.046902
v -0.134122 0.259977 -0.065857
v -0.017531 0.382794 -0.100310
v -0.017756 0.368181 -0.102701
v -0.035629 0.372064 -0.106329
v -0.034957 0.386960 -0.103438
v -0.068701 0.417036 -0.100857
v -0.067487 0.431238 -0.095151
v -0.049154 0.421503 -0.097562
v -0.050222 0.408000 -0.101572
v -0.086677 0.408645 -0.102872
v -0.086704 0.391350 -0.107657
v -0.156298 0.276523 -0.027113
v -0.152440 0.260663 -0.025891
v -0.163376 0.300501 -0.032008
v -0.163858 0.299212 -0.016426
v -0.167873 0.308748 -0.019189
v -0.167390 0.309226 -0.033264
v -0.079054 0.483626 -0.016113
v -0.077605 0.489088 -0.037519
v -0.085278 0.485505 -0.035486
v -0.045977 0.467207 -0.078518
v -0.045575 0.461082 -0.081772
v -0.057550 0.466982 -0.076819
v -0.056038 0.471798 -0.074075
v -0.041089 0.304655 -0.112782
v -0.020976 0.303136 -0.112420
v -0.020537 0.282600 -0.109197
v -0.041932 0.282600 -0.109145
v -0.171980 0.319697 -0.045584
v -0.180757 0.327480 -0.046421
v -0.178072 0.332927 -0.054080
v -0.169418 0.325101 -0.054659
v -0.163028 0.317935 -0.055319
v -0.157835 0.309702 -0.056432
v -0.161118 0.304039 -0.044978
v -0.165723 0.312699 -0.045160
v -0.141848 0.275113 -0.062154
v -0.148341 0.266918 -0.044947
v -0.153508 0.281773 -0.044261
v -0.148681 0.289277 -0.059983
v -0.016974 0.215110 -0.090033
v -0.035092 0.213533 -0.092575
v -0.036453 0.235854 -0.098576
v -0.017667 0.236618 -0.098379
v -0.208736 0.372056 0.001964
v -0.208296 0.379846 0.015378
v -0.221245 0.384063 0.011092
v -0.223437 0.375574 -0.003702
v -0.220851 0.390236 -0.073046
v -0.231404 0.395617 -0.074620
v -0.230403 0.402335 -0.075616
v -0.219418 0.397389 -0.074622
v -0.244761 0.368659 -0.020170
v -0.240411 0.375911 -0.006945
v -0.260495 0.374410 -0.008798
v -0.264114 0.366881 -0.023102
v -0.108795 0.479457 -0.036962
v -0.109255 0.475990 -0.010973
v -0.101152 0.481362 -0.035397
v -0.230848 0.360018 -0.039594
v -0.246967 0.362348 -0.044084
v -0.246353 0.365109 -0.054526
v -0.229758 0.361652 -0.050279
v -0.324578 0.439911 0.006019
v -0.299996 0.440467 0.007308
v -0.286980 0.364094 -0.038533
v -0.288714 0.366393 -0.050818
v -0.266938 0.364178 -0.048139
v -0.266109 0.363470 -0.036252
v -0.115449 0.228245 -0.068104
v -0.128326 0.221685 -0.049255
v -0.116212 0.122037 -0.047879
v -0.130799 0.120452 -0.031653
v -0.126210 0.137637 -0.035856
v -0.111312 0.139580 -0.051957
v -0.144265 0.101438 -0.009225
v -0.119117 0.103703 -0.044313
v -0.133364 0.102863 -0.028606
v -0.063299 0.496106 -0.033917
v -0.055345 0.495640 -0.048510
v -0.061078 0.490060 -0.053406
v -0.070562 0.492842 -0.037027
v -0.179919 -0.005625 -0.012184
v -0.180511 -0.032401 -0.016815
v -0.185693 -0.032299 0.011394
v -0.183661 -0.007926 0.017437
v -0.032045 0.479060 -0.071377
v -0.048169 0.484460 -0.064096
v -0.043292 0.491383 -0.058568
v -0.029692 0.487460 -0.065009
v -0.180799 0.015937 0.018591
v -0.177310 0.018936 -0.010095
v -0.066111 0.490443 -0.015559
v -0.073095 0.486968 -0.016553
v -0.069786 0.477801 0.000764
v -0.063213 0.483085 0.001112
v -0.055228 0.477895 0.016079
v -0.184304 -0.038392 0.041185
v -0.179825 -0.013566 0.044009
v -0.049888 0.500710 -0.042697
v -0.039329 0.498013 -0.052666
v -0.027155 0.496103 -0.058356
v -0.014176 0.495248 -0.061514
v -0.151313 0.085113 -0.009294
v -0.157217 0.083247 0.014230
v -0.126327 -0.134904 -0.085986
v -0.097862 -0.138637 -0.094259
v -0.095636 -0.149181 -0.085602
v -0.129260 -0.149567 -0.076467
v -0.025783 -0.121698 -0.100042
v -0.022073 -0.131268 -0.086134
v -0.059289 -0.142832 -0.087972
v -0.064528 -0.132603 -0.100014
v -0.034414 -0.010797 -0.112219
v -0.064903 -0.011855 -0.112266
v -0.065351 0.010016 -0.105135
v -0.035464 0.011219 -0.106037
v -0.125580 0.086881 -0.046194
v -0.140116 0.086185 -0.029756
v -0.156360 0.080239 0.039354
v -0.184421 -0.172757 0.054740
v -0.192644 -0.167762 0.014570
v -0.186545 -0.203421 0.013522
v -0.180558 -0.208758 0.051240
v -0.153853 -0.198287 -0.047221
v -0.159251 -0.169400 -0.052206
v -0.126623 -0.170920 -0.069251
v -0.122121 -0.195643 -0.062857
v -0.085699 0.074728 0.134406
v -0.105372 0.059019 0.120784
v -0.087125 0.054396 0.136472
v -0.028897 0.064988 0.161873
v -0.049692 0.068156 0.155455
v -0.048451 0.046835 0.158750
v -0.027530 0.044114 0.164663
v -0.026798 -0.064001 0.139754
v -0.012045 -0.063010 0.143310
v -0.015480 -0.042410 0.150182
v -0.032689 -0.041665 0.145699
v -0.170422 -0.019821 0.068350
v -0.152167 -0.024918 0.090158
v -0.151005 -0.006554 0.090159
v -0.167124 0.000217 0.068998
v -0.020381 -0.137787 -0.067618
v -0.053065 -0.152801 -0.072252
v -0.162616 -0.212511 0.087483
v -0.164635 -0.175969 0.090922
v -0.132469 -0.216322 0.116082
v -0.096707 -0.215546 0.126564
v -0.099787 -0.184121 0.129739
v -0.135029 -0.182146 0.118503
v -0.007877 -0.126333 0.075835
v -0.019815 -0.110345 0.101988
v -0.023961 -0.124968 0.100343
v -0.008478 -0.138504 0.076264
v -0.028847 -0.095367 -0.112939
v -0.028212 -0.110916 -0.107084
v -0.063237 -0.118013 -0.109065
v -0.062669 -0.101634 -0.113857
v -0.102648 0.104422 -0.056101
v -0.108605 0.086612 -0.059205
v -0.084810 0.104958 -0.064049
v -0.099316 0.123538 -0.059743
v -0.081137 0.125050 -0.067058
v -0.081676 0.245222 -0.094126
v -0.099760 0.235910 -0.083146
v -0.109033 0.252210 -0.084827
v -0.091554 0.263602 -0.097326
v -0.052731 0.377593 -0.109705
v -0.051471 0.393137 -0.106183
v -0.083478 -0.186279 -0.069231
v -0.040702 -0.170195 -0.059880
v -0.052172 -0.209680 -0.056406
v -0.087574 -0.217743 -0.061779
v -0.148128 -0.227264 -0.043103
v -0.169260 -0.230394 -0.020659
v -0.176599 -0.199273 -0.021837
v -0.179618 -0.236322 0.012286
v -0.174773 -0.241383 0.049602
v -0.128124 -0.248785 0.112296
v -0.092607 -0.246973 0.121160
v -0.012276 -0.208901 0.083545
v -0.032384 -0.212568 0.105427
v -0.030739 -0.238033 0.096600
v -0.012216 -0.232519 0.073148
v -0.065807 -0.063902 0.122907
v -0.101420 -0.047554 0.116757
v -0.101956 -0.069663 0.118520
v -0.071888 -0.086870 0.122302
v -0.032464 0.086085 0.157953
v -0.049035 0.089820 0.152688
v -0.067331 0.071237 0.146924
v -0.065928 0.092450 0.144229
v -0.083829 0.094975 0.131656
v -0.041843 0.176396 0.141574
v -0.062244 0.175863 0.132119
v -0.061607 0.156118 0.135862
v -0.041818 0.156437 0.145751
v -0.042131 0.196756 0.136733
v -0.062589 0.196131 0.127827
v -0.040015 0.234452 0.122736
v -0.062377 0.244084 0.123490
v -0.060327 0.230674 0.116870
v -0.031306 0.378468 0.090110
v -0.030935 0.364225 0.101125
v -0.174583 -0.042503 0.066919
v -0.013371 -0.175968 -0.032883
v -0.002004 -0.186009 -0.003196
v -0.006319 -0.212980 -0.011566
v -0.022601 -0.208331 -0.038509
v -0.177055 0.008562 0.045201
v -0.145595 0.092532 0.060995
v -0.150059 0.075428 0.063349
v -0.134165 0.235169 0.052983
v -0.134800 0.216593 0.046255
v -0.077050 0.300091 0.143723
v -0.078115 0.288237 0.145443
v -0.183267 -0.165960 -0.023470
v -0.123265 -0.279501 0.107086
v -0.118297 -0.308454 0.100967
v -0.085183 -0.307320 0.106435
v -0.088918 -0.277831 0.114001
v -0.006871 -0.254303 0.035562
v -0.014001 -0.259521 0.062248
v -0.016729 -0.287484 0.051572
v -0.012042 -0.283064 0.025509
v -0.016143 -0.312473 0.017446
v -0.019858 -0.317162 0.043424
v -0.021294 -0.345371 0.033405
v -0.019081 -0.340213 0.009365
v -0.157117 -0.247155 0.086035
v -0.160957 -0.301918 0.047116
v -0.145379 -0.307242 0.078584
v -0.150737 -0.278037 0.082850
v -0.167499 -0.272702 0.049213
v -0.120487 -0.224540 -0.055983
v -0.002985 -0.226996 0.046667
v -0.001185 -0.204322 0.057701
v -0.022285 -0.277762 -0.022943
v -0.039737 -0.276315 -0.043273
v -0.032040 -0.244226 -0.041148
v -0.013919 -0.245723 -0.017934
v -0.144044 -0.283544 -0.038439
v -0.160631 -0.288199 -0.015599
v -0.164479 -0.259845 -0.017111
v -0.145804 -0.255788 -0.039552
v -0.172606 -0.266286 0.014541
v -0.166166 -0.295054 0.014317
v -0.150187 -0.357848 0.043474
v -0.133856 -0.362499 0.070989
v -0.139812 -0.335447 0.074515
v -0.155187 -0.330397 0.045444
v -0.156784 -0.350498 0.012532
v -0.161134 -0.323152 0.013442
v -0.157115 -0.315954 -0.015417
v -0.153547 -0.343172 -0.015158
v -0.139669 -0.337358 -0.036309
v -0.142119 -0.310620 -0.037736
v -0.120991 -0.307346 -0.052591
v -0.120555 -0.333474 -0.050884
v -0.095402 -0.304929 -0.058694
v -0.069508 -0.303940 -0.055969
v -0.073839 -0.330532 -0.055371
v -0.097632 -0.331215 -0.056840
v -0.034400 -0.333768 -0.032901
v -0.051671 -0.331412 -0.047909
v -0.046013 -0.304975 -0.045873
v -0.028951 -0.307120 -0.027863
v -0.051870 -0.438067 -0.048625
v -0.070559 -0.435570 -0.051915
v -0.065448 -0.408559 -0.051949
v -0.046024 -0.410728 -0.046623
v -0.088215 -0.433730 -0.055790
v -0.106620 -0.433121 -0.056435
v -0.102713 -0.407442 -0.053604
v -0.084745 -0.407584 -0.052884
v -0.134058 -0.413656 -0.032960
v -0.120414 -0.409056 -0.047555
v -0.123383 -0.434699 -0.049675
v -0.136229 -0.439216 -0.034522
v -0.147744 -0.444899 -0.015449
v -0.147734 -0.419752 -0.014342
v -0.147424 -0.451661 0.007823
v -0.150488 -0.427384 0.009747
v -0.136518 -0.433308 0.034439
v -0.133881 -0.457139 0.031766
v -0.023596 -0.424266 0.003600
v -0.027705 -0.451197 -0.002228
v -0.027096 -0.445514 -0.022270
v -0.022112 -0.419061 -0.015810
v -0.050341 -0.433910 0.044907
v -0.068062 -0.436410 0.065343
v -0.068474 -0.460324 0.054434
v -0.053532 -0.459407 0.033425
v -0.153378 -0.376693 0.011493
v -0.145817 -0.384176 0.041459
v -0.136553 -0.363165 -0.034203
v -0.149978 -0.369177 -0.014583
v -0.038580 -0.359305 -0.037822
v -0.056764 -0.357003 -0.049482
v -0.022641 -0.372528 0.023757
v -0.020610 -0.367137 0.000953
v -0.097369 -0.413838 0.077035
v -0.101105 -0.388594 0.080814
v -0.128252 -0.388344 0.067283
v -0.122904 -0.413328 0.063227
v -0.151714 -0.402302 0.010936
v -0.147922 -0.394457 -0.014172
v -0.134294 -0.388202 -0.032805
v -0.119838 -0.384069 -0.047167
v -0.101161 -0.382269 -0.052922
v -0.081492 -0.381888 -0.052830
v -0.061184 -0.382463 -0.050925
v -0.042329 -0.384625 -0.042588
v -0.021081 -0.393151 -0.007877
v -0.023340 -0.398932 0.013415
v -0.093398 -0.460848 0.061795
v -0.094617 -0.438536 0.072168
v -0.119616 -0.436834 0.057678
v -0.118318 -0.459779 0.052195
v -0.093264 -0.481853 0.050745
v -0.071610 -0.481983 0.043672
v -0.092494 -0.460393 -0.059661
v -0.110011 -0.460112 -0.059070
v -0.126198 -0.461654 -0.052033
v -0.149055 -0.469845 -0.018095
v -0.145137 -0.476668 0.006812
v -0.131326 -0.481986 0.029916
v -0.115101 -0.481017 0.045518
v -0.040709 -0.499271 -0.029236
v -0.035403 -0.471863 -0.024723
v -0.035243 -0.476173 -0.007224
v -0.041417 -0.502705 -0.011164
v -0.060246 -0.493271 -0.056526
v -0.076490 -0.489971 -0.066153
v -0.075426 -0.462984 -0.053298
v -0.058954 -0.465641 -0.047170
v -0.095794 -0.487983 -0.070682
v -0.114680 -0.487738 -0.068183
v -0.132087 -0.488195 -0.060336
v -0.150810 -0.496554 -0.020793
v -0.140838 -0.464510 -0.039002
v -0.146131 -0.491028 -0.044075
v -0.144758 -0.503309 0.008062
v -0.124491 -0.537819 0.026516
v -0.122442 -0.509005 0.028893
v -0.146739 -0.531923 0.007201
v -0.100637 -0.632779 0.014633
v -0.125602 -0.630363 0.013787
v -0.123030 -0.663862 0.008323
v -0.101172 -0.666590 0.009703
v -0.044072 -0.530899 -0.015765
v -0.041642 -0.528513 -0.036173
v -0.059625 -0.523041 -0.067425
v -0.077988 -0.519575 -0.077534
v -0.157351 -0.555124 -0.026538
v -0.154203 -0.525116 -0.022307
v -0.150206 -0.519951 -0.047399
v -0.152650 -0.550405 -0.051820
v -0.045068 -0.625503 -0.028140
v -0.042838 -0.624175 -0.047631
v -0.040035 -0.591243 -0.046048
v -0.042627 -0.593150 -0.025061
v -0.076532 -0.551320 -0.084102
v -0.058005 -0.554760 -0.073865
v -0.058625 -0.586884 -0.077595
v -0.076646 -0.584164 -0.087890
v -0.155028 -0.621901 -0.030681
v -0.157877 -0.587338 -0.029237
v -0.153711 -0.583407 -0.054427
v -0.151571 -0.618848 -0.055028
v -0.126288 -0.566707 0.023055
v -0.149226 -0.561271 0.002993
v -0.149301 -0.592145 -0.001399
v -0.127662 -0.597913 0.018527
v -0.098439 -0.568939 0.023807
v -0.100357 -0.599761 0.019581
v -0.056526 -0.695049 -0.045825
v -0.049579 -0.658863 -0.046829
v -0.051367 -0.661372 -0.029034
v -0.058764 -0.698294 -0.030111
v -0.079267 -0.618557 -0.087295
v -0.061267 -0.620672 -0.078154
v -0.066491 -0.656108 -0.073795
v -0.082550 -0.654708 -0.082454
v -0.144362 -0.696422 -0.033192
v -0.150415 -0.658444 -0.032322
v -0.146425 -0.656405 -0.054267
v -0.140209 -0.694241 -0.053237
v -0.120926 -0.700490 0.003286
v -0.143124 -0.660837 -0.007187
v -0.139084 -0.698396 -0.011238
v -0.116829 -0.736731 0.000636
v -0.099948 -0.738519 0.002488
v -0.100828 -0.702478 0.004965
v -0.065710 -0.732488 -0.030288
v -0.062046 -0.730276 -0.044208
v -0.072271 -0.727478 -0.066311
v -0.084946 -0.725245 -0.074079
v -0.084778 -0.690413 -0.077562
v -0.070795 -0.692279 -0.069727
v -0.118525 -0.692656 -0.076924
v -0.101830 -0.690732 -0.080231
v -0.100756 -0.725391 -0.076458
v -0.115813 -0.727408 -0.072722
v -0.132996 -0.728754 -0.051228
v -0.131393 -0.693073 -0.067965
v -0.125990 -0.728072 -0.064322
v -0.138061 -0.730553 -0.032814
v -0.133706 -0.733991 -0.012163
v -0.002469 -0.148681 -0.009271
v 0.001433 -0.160959 0.021229
v -0.000257 -0.169227 0.008518
v -0.007985 -0.155100 -0.021842
v -0.031789 -0.295477 0.077439
v -0.031331 -0.265492 0.087405
v -0.032566 -0.351670 0.057132
v -0.032862 -0.324820 0.068483
v -0.033101 -0.378464 0.046358
v -0.034104 -0.404848 0.035236
v -0.034097 -0.431455 0.024917
v -0.037032 -0.456636 0.015608
v -0.043935 -0.481514 0.010430
v -0.049452 -0.507525 0.008007
v -0.053950 -0.563250 0.000939
v -0.043238 -0.561413 -0.020796
v -0.053247 -0.534442 0.004699
v -0.056531 -0.628010 -0.006323
v -0.054433 -0.594483 -0.002842
v -0.061523 -0.664628 -0.009749
v -0.067374 -0.701508 -0.013467
v -0.073435 -0.735580 -0.015310
v -0.068832 -0.159203 0.128143
v -0.039247 -0.166130 0.117034
v -0.043531 -0.146025 0.119176
v -0.072313 -0.133982 0.127853
v -0.001167 -0.137071 0.045171
v -0.003345 -0.134523 0.058503
v -0.003329 -0.142988 0.058222
v -0.000656 -0.143412 0.043197
v -0.141760 -0.409295 0.038680
v -0.119835 -0.358921 -0.048366
v -0.099350 -0.356867 -0.054228
v -0.077876 -0.356211 -0.053753
v -0.048166 -0.409856 0.057454
v -0.049564 -0.383584 0.066328
v -0.072071 -0.386846 0.079837
v -0.069109 -0.412120 0.073510
v -0.096089 -0.542561 0.027348
v -0.073744 -0.566982 0.015271
v -0.071495 -0.539212 0.019687
v -0.094964 -0.518672 0.031853
v -0.119644 -0.516166 -0.076647
v -0.137544 -0.516778 -0.066370
v -0.099201 -0.548211 -0.087523
v -0.121395 -0.546900 -0.083765
v -0.099141 -0.517223 -0.080160
v -0.053804 -0.332161 0.087848
v -0.080975 -0.335173 0.097854
v -0.076402 -0.361598 0.088419
v -0.051101 -0.357794 0.076950
v -0.120688 0.154274 -0.039661
v -0.106083 0.156884 -0.055198
v -0.131806 0.259693 0.095480
v -0.132035 0.248590 0.077302
v -0.120347 0.241983 0.088300
v -0.122162 0.252913 0.103695
v -0.140580 0.258159 0.069664
v -0.139080 0.269130 0.088194
v -0.144341 0.281403 0.080132
v -0.146757 0.270193 0.062942
v -0.162743 0.333616 0.026309
v -0.171145 0.343411 0.020193
v -0.041439 0.216187 0.130593
v -0.019637 0.216101 0.135128
v -0.018897 0.233793 0.127519
v -0.068156 0.050127 0.149424
v -0.075584 -0.035796 0.129651
v -0.043312 -0.064584 0.133351
v -0.052261 -0.039281 0.138544
v -0.004793 -0.114020 0.100785
v -0.054225 0.209569 -0.090960
v -0.056228 0.232047 -0.095792
v -0.033720 0.400948 -0.100071
v -0.016757 0.396570 -0.097513
v -0.031260 0.425977 -0.093039
v -0.030054 0.437252 -0.089681
v -0.014631 0.432386 -0.089148
v -0.015251 0.421252 -0.091909
v -0.014911 0.485466 -0.068788
v -0.015886 0.475495 -0.074419
v 0.000518 -0.141121 0.027212
v 0.000378 -0.148948 0.039661
v 0.000647 -0.143344 0.017921
v -0.013935 -0.188459 0.092424
v -0.001637 -0.186518 0.068079
v -0.003527 -0.172342 0.075298
v -0.016648 -0.170999 0.098574
v -0.185694 -0.136624 0.058637
v -0.195943 -0.131711 0.019107
v -0.090248 -0.165421 -0.075428
v -0.335679 0.374281 -0.053187
v -0.337626 0.382929 -0.063551
v -0.313769 0.378548 -0.063596
v -0.311708 0.370280 -0.052574
v -0.063400 0.306419 -0.112799
v -0.069901 0.280611 -0.106957
v -0.075083 0.472637 0.002286
v -0.127986 0.476941 -0.007221
v -0.128398 0.466231 0.015668
v -0.118929 0.465029 0.012498
v -0.118096 0.476389 -0.009889
v -0.130786 0.439036 -0.078870
v -0.129501 0.453619 -0.068279
v -0.118658 0.452566 -0.073488
v -0.118961 0.436685 -0.084662
v -0.032438 -0.033563 -0.116627
v -0.063311 -0.035171 -0.117503
v -0.037060 0.148807 -0.075511
v -0.057082 0.146315 -0.075472
v -0.053923 0.165915 -0.080322
v -0.034874 0.169468 -0.080418
v -0.093170 0.294597 -0.105206
v -0.107209 0.279262 -0.095357
v -0.029810 0.301653 0.139184
v -0.029798 0.319894 0.132064
v -0.046400 0.323462 0.132355
v -0.046229 0.306933 0.140873
v -0.281318 0.401557 -0.075222
v -0.260312 0.389506 -0.073224
v -0.266056 0.379785 -0.068548
v -0.289219 0.386505 -0.071094
v -0.187289 -0.126047 -0.026922
v -0.161575 -0.142514 -0.058777
v -0.135510 0.185354 -0.029036
v -0.123295 0.188528 -0.050944
v -0.120333 0.171156 -0.045558
v -0.132569 0.168110 -0.024924
v -0.141553 0.231979 -0.025973
v -0.138426 0.217719 -0.028204
v -0.147518 0.245361 -0.025669
v -0.189405 0.340689 -0.046927
v -0.191385 0.337555 -0.038724
v -0.202412 0.348413 -0.042237
v -0.035397 -0.188003 0.112436
v -0.046348 -0.106703 0.116575
v -0.040594 -0.091909 0.118334
v 0.000160 -0.135467 0.031556
v -0.057158 0.490132 0.003169
v -0.051198 0.486448 0.017885
v -0.230117 0.362675 -0.027914
v -0.246960 0.363507 -0.032568
v -0.173922 0.317286 -0.021204
v -0.171405 0.320393 -0.006142
v -0.180312 0.329379 -0.009533
v -0.182750 0.325848 -0.023801
v -0.182731 0.325011 -0.036315
v -0.174048 0.317115 -0.034659
v -0.131276 0.384233 0.063359
v -0.120467 0.387259 0.067675
v -0.121021 0.405372 0.056946
v -0.131892 0.402581 0.054216
v -0.108958 0.387702 0.071695
v -0.095461 0.387693 0.075490
v -0.096247 0.405646 0.062640
v -0.109528 0.406393 0.059582
v -0.071239 0.455888 0.024694
v -0.055288 0.448389 0.039154
v -0.037898 0.442565 0.048887
v -0.022697 0.438642 0.055451
v -0.016260 0.464504 -0.079763
v -0.014965 0.453755 -0.083886
v -0.030928 0.457479 -0.083434
v -0.035200 0.469217 -0.077899
v -0.043372 0.473727 0.028266
v -0.029540 0.470282 0.038996
v -0.018101 0.457670 0.046366
v -0.325819 0.450854 -0.007231
v -0.301512 0.451675 -0.006738
v -0.056766 0.500480 -0.028577
v -0.059040 0.495507 -0.012374
v -0.302630 0.456662 -0.023713
v -0.327276 0.455855 -0.023790
v -0.110862 0.444886 0.030989
v -0.109750 0.463366 0.011723
v -0.120532 0.446074 0.029726
v -0.041161 0.483175 0.030643
v -0.028539 0.480288 0.041151
v -0.194164 -0.095261 0.026223
v -0.183081 -0.099022 0.061376
v -0.139719 0.144422 0.051621
v -0.144281 0.147294 0.027483
v -0.020370 0.176586 0.146470
v -0.020601 0.156521 0.150829
v -0.004870 0.487772 0.051427
v -0.045321 0.113066 0.150266
v -0.024712 0.109024 0.155786
v -0.021941 0.134529 0.153609
v -0.042802 0.135439 0.148378
v -0.019153 0.083992 0.160742
v -0.018455 0.072686 0.162390
v -0.020422 -0.080348 0.132881
v -0.009294 -0.079428 0.135755
v -0.239383 0.428154 0.023304
v -0.222854 0.428586 0.026796
v -0.219691 0.446907 0.020391
v -0.237289 0.445856 0.016075
v -0.063680 0.114943 0.141402
v -0.081858 0.116220 0.127651
v -0.153476 0.330290 0.047495
v -0.157144 0.322515 0.032035
v -0.018673 0.252431 0.130121
v -0.061983 0.311497 0.140354
v -0.062146 0.326343 0.131455
v -0.077161 0.327984 0.128595
v -0.076839 0.314342 0.137995
v 0.000151 -0.138875 0.025877
v -0.220647 0.438099 -0.068484
v -0.208603 0.435047 -0.069845
v -0.211884 0.425091 -0.073313
v -0.224003 0.429703 -0.072125
v 0.002035 -0.181006 0.039536
v 0.001053 -0.197177 0.028467
v -0.015831 -0.140378 -0.046904
v -0.003772 -0.135497 -0.031921
v -0.058627 -0.244271 0.114160
v -0.062199 -0.214348 0.121414
v -0.056736 -0.274727 0.105507
v -0.055025 -0.304304 0.097105
v -0.058044 -0.483473 0.025885
v -0.068547 -0.510429 0.025617
v -0.075947 -0.597898 0.010919
v -0.077699 -0.631077 0.006568
v -0.080437 -0.666686 0.002044
v -0.082791 -0.703503 -0.002290
v -0.085101 -0.738157 -0.003704
v -0.329387 0.454665 -0.040311
v -0.303197 0.455275 -0.041812
v -0.307182 0.447152 -0.055688
v -0.332959 0.447445 -0.053692
v -0.285085 0.366673 -0.025063
v -0.282447 0.373689 -0.010672
v -0.304970 0.373692 -0.012078
v -0.306962 0.367978 -0.026454
v -0.330163 0.369763 -0.027756
v -0.332920 0.369988 -0.041141
v -0.309103 0.366681 -0.040074
v -0.337889 0.395519 -0.070766
v -0.337181 0.409992 -0.073345
v -0.311401 0.406426 -0.074623
v -0.314304 0.391244 -0.071469
v -0.335391 0.436926 -0.063905
v -0.310862 0.435906 -0.065428
v -0.311946 0.422246 -0.072187
v -0.336945 0.424082 -0.070796
v -0.325692 0.394012 0.008696
v -0.326530 0.382222 -0.000839
v -0.302981 0.382737 0.000814
v -0.301608 0.394644 0.010618
v -0.217568 0.462890 0.005483
v -0.235969 0.460009 0.001584
v -0.180969 0.365778 0.027777
v -0.181247 0.381334 0.037290
v -0.194909 0.386666 0.032145
v -0.193769 0.374230 0.020852
v -0.276584 0.441382 0.009862
v -0.255908 0.443441 0.013021
v -0.255723 0.456697 -0.001647
v -0.277993 0.453625 -0.004846
v -0.277968 0.395324 0.013018
v -0.279746 0.383790 0.002732
v -0.257225 0.384166 0.005018
v -0.256103 0.395005 0.016709
v -0.289878 0.374150 -0.062371
v -0.267096 0.369544 -0.059151
v -0.224981 0.409481 0.027937
v -0.240746 0.409552 0.024503
v -0.150641 0.319202 0.053608
v -0.161665 0.300869 0.001630
v -0.165467 0.311205 -0.002386
v -0.123664 0.267083 0.114326
v -0.125114 0.281633 0.118029
v -0.150192 0.262463 0.041014
v -0.153974 0.277654 0.034054
v -0.130908 0.272479 0.107061
v -0.129809 0.282109 0.111693
v -0.079202 0.212854 0.112143
v -0.019500 0.448175 0.049163
v -0.256742 0.426512 0.020099
v -0.256344 0.409487 0.021257
v -0.243260 0.381283 -0.069800
v -0.227370 0.374937 -0.065719
v -0.228258 0.367109 -0.059094
v -0.245588 0.372779 -0.063846
v -0.125219 0.319345 -0.093896
v -0.110649 0.307351 -0.100468
v -0.121684 0.294117 -0.090551
v -0.133949 0.307784 -0.084520
v -0.220400 0.453134 -0.057833
v -0.224227 0.460474 -0.048977
v -0.208312 0.462021 -0.048036
v -0.206781 0.453204 -0.058069
v -0.210977 0.469130 -0.034009
v -0.229227 0.466198 -0.035698
v -0.233725 0.466963 -0.017617
v -0.214806 0.470637 -0.015030
v -0.181777 -0.059303 -0.024943
v -0.190146 -0.060400 0.004373
v -0.138443 0.069401 0.084705
v -0.122839 0.063924 0.103434
v -0.103765 -0.026211 0.119390
v -0.022258 -0.140844 0.102056
v -0.006475 -0.150077 0.077731
v -0.001514 -0.220564 0.017821
v -0.188427 -0.061953 0.032639
v -0.006893 -0.249587 0.008764
v -0.013653 -0.279913 0.000921
v -0.065201 -0.276464 -0.055824
v -0.093230 -0.277951 -0.059329
v -0.090943 -0.249088 -0.059776
v -0.059883 -0.245608 -0.055968
v -0.120893 -0.280399 -0.053111
v -0.120741 -0.252549 -0.053662
v -0.106632 -0.362692 0.086715
v -0.099080 -0.581987 -0.091342
v -0.121192 -0.617407 -0.086350
v -0.121770 -0.580379 -0.087631
v -0.100134 -0.617647 -0.090473
v -0.140566 -0.581025 -0.074337
v -0.139979 -0.547323 -0.071905
v -0.146548 -0.625404 -0.003728
v -0.101738 -0.654174 -0.085678
v -0.120530 -0.654897 -0.082379
v -0.139685 -0.617104 -0.074404
v -0.136149 -0.654996 -0.071608
v 0.001385 -0.169464 0.049347
v -0.164641 -0.140813 0.092828
v -0.162138 -0.109410 0.095793
v -0.103100 -0.095803 0.123291
v -0.073435 -0.109908 0.125347
v -0.097667 0.136472 0.107847
v -0.114653 0.138281 0.091692
v -0.111495 0.175911 0.085691
v -0.125862 0.177633 0.067826
v -0.127332 0.159388 0.070044
v -0.113033 0.156756 0.088536
v -0.142630 0.181155 0.021299
v -0.142344 0.182949 -0.004744
v -0.140594 0.165789 -0.001361
v -0.142381 0.164080 0.023872
v -0.142303 0.149526 0.002748
v -0.133696 0.151618 -0.019917
v -0.071920 0.183551 -0.081290
v -0.089605 0.179327 -0.073422
v -0.090887 0.198964 -0.079683
v -0.072936 0.204482 -0.086759
v -0.031004 -0.083380 0.125967
v -0.001292 -0.151886 0.057990
v -0.065715 -0.185855 0.126246
v -0.102184 -0.153032 0.130439
v -0.135782 -0.148375 0.119156
v -0.227552 0.368027 -0.016230
v -0.152354 0.346409 -0.076113
v -0.155886 0.334844 -0.070567
v -0.248957 0.462013 -0.038242
v -0.253992 0.462820 -0.020485
v -0.238381 0.394544 0.020507
v -0.204648 0.448168 0.023933
v -0.207841 0.428009 0.030825
v -0.192985 0.428999 0.034840
v -0.129107 -0.035376 0.105324
v -0.155820 -0.048491 0.090811
v -0.130736 -0.058474 0.108355
v -0.000960 -0.136855 -0.014920
v -0.046681 -0.125968 0.118561
v -0.018614 -0.309276 -0.005994
v -0.022745 -0.336775 -0.013059
v -0.025736 -0.362663 -0.020445
v -0.028140 -0.388353 -0.027422
v -0.030850 -0.414285 -0.034056
v -0.036476 -0.440440 -0.039332
v -0.044697 -0.467828 -0.039011
v -0.048552 -0.496084 -0.044578
v -0.040436 -0.559505 -0.042066
v -0.046218 -0.557117 -0.059765
v -0.047412 -0.525800 -0.053484
v -0.046276 -0.589334 -0.063565
v -0.049069 -0.622606 -0.063713
v -0.055673 -0.657525 -0.061693
v -0.061362 -0.693103 -0.058970
v -0.064711 -0.728513 -0.056356
v 0.000168 -0.134643 0.011953
v -0.000403 -0.136255 -0.000155
v -0.099722 0.444005 0.032197
v -0.166952 0.326572 0.009969
v -0.175303 0.335407 0.004910
v -0.223392 0.393677 0.024003
v -0.287530 0.433633 -0.067837
v -0.282651 0.445793 -0.059176
v -0.237179 0.384768 0.007667
v -0.181725 0.355206 0.014729
v -0.192996 0.365670 0.008597
v -0.522326 0.453002 -0.022215
v -0.521466 0.456952 -0.035309
v -0.541610 0.453820 -0.033723
v -0.541893 0.449204 -0.021659
v -0.522028 0.443812 -0.012514
v -0.541311 0.440053 -0.013255
v -0.519793 0.385887 -0.029419
v -0.518716 0.394178 -0.018363
v -0.538644 0.394808 -0.022516
v -0.539599 0.387471 -0.033650
v -0.559189 0.425463 -0.010856
v -0.558056 0.414086 -0.012369
v -0.538940 0.415901 -0.009512
v -0.540343 0.428643 -0.009087
v -0.520451 0.387127 -0.057867
v -0.519660 0.396106 -0.067961
v -0.500273 0.392108 -0.065369
v -0.501286 0.383546 -0.054140
v -0.437486 0.388405 -0.008313
v -0.440667 0.378460 -0.018779
v -0.424182 0.379508 -0.012524
v -0.421449 0.389759 -0.002759
v -0.482013 0.460898 -0.023268
v -0.480201 0.461912 -0.037827
v -0.500906 0.459688 -0.036535
v -0.502268 0.456803 -0.022479
v -0.478928 0.423623 -0.002555
v -0.477457 0.408649 -0.004658
v -0.455675 0.411633 -0.003310
v -0.457056 0.427026 -0.002561
v -0.461427 0.463769 -0.025246
v -0.459665 0.462415 -0.039609
v -0.519659 0.418415 -0.006568
v -0.518428 0.405202 -0.010830
v -0.498289 0.406604 -0.007186
v -0.499799 0.421069 -0.004104
v -0.558875 0.394400 -0.061346
v -0.558326 0.403631 -0.069219
v -0.539014 0.400024 -0.069207
v -0.539755 0.390882 -0.060167
v -0.557659 0.404223 -0.017972
v -0.558152 0.395752 -0.026164
v -0.538179 0.404530 -0.014575
v -0.560323 0.447545 -0.056243
v -0.560958 0.451343 -0.044539
v -0.540621 0.453280 -0.046924
v -0.539702 0.448362 -0.059176
v -0.478829 0.385360 -0.019830
v -0.477489 0.395375 -0.010346
v -0.498353 0.394149 -0.014178
v -0.499508 0.385182 -0.024667
v -0.482226 0.452185 -0.010788
v -0.502340 0.447815 -0.011568
v -0.518717 0.448957 -0.061880
v -0.520100 0.455128 -0.048988
v -0.499182 0.456236 -0.050616
v -0.498147 0.447823 -0.062982
v -0.477855 0.431602 -0.071674
v -0.478128 0.415322 -0.071961
v -0.498032 0.419474 -0.073348
v -0.497854 0.434863 -0.071319
v -0.457578 0.386630 -0.014380
v -0.460085 0.378366 -0.026563
v -0.481718 0.380334 -0.049231
v -0.480962 0.388226 -0.061500
v -0.461812 0.383892 -0.056583
v -0.462025 0.376950 -0.042621
v -0.422278 0.447331 -0.005938
v -0.422506 0.459752 -0.016932
v -0.439460 0.459281 -0.014358
v -0.437964 0.446704 -0.005305
v -0.440312 0.464481 -0.028096
v -0.422658 0.463439 -0.031310
v -0.397659 0.454363 -0.048658
v -0.397595 0.443900 -0.056990
v -0.408576 0.444998 -0.055531
v -0.408965 0.456542 -0.047834
v -0.440292 0.420700 -0.071524
v -0.439888 0.403876 -0.067497
v -0.458682 0.409894 -0.070030
v -0.458505 0.426965 -0.071977
v -0.425915 0.385216 -0.056654
v -0.428413 0.375987 -0.044360
v -0.443742 0.379303 -0.050684
v -0.441489 0.389798 -0.061546
v -0.373561 0.376100 -0.043445
v -0.372038 0.373291 -0.031048
v -0.387743 0.373575 -0.031737
v -0.388924 0.377856 -0.044030
v -0.383146 0.381587 -0.004496
v -0.367746 0.381635 -0.003826
v -0.367379 0.392608 0.005677
v -0.382497 0.392612 0.005005
v -0.372169 0.450556 -0.008957
v -0.372476 0.457124 -0.024932
v -0.385468 0.458370 -0.023415
v -0.385656 0.450597 -0.008347
v -0.425441 0.414997 -0.070808
v -0.422402 0.398232 -0.065209
v -0.396541 0.381143 -0.005664
v -0.395466 0.391740 0.003996
v -0.408166 0.390859 0.001379
v -0.409891 0.380267 -0.008110
v -0.394714 0.420262 0.006019
v -0.396478 0.435363 0.001447
v -0.407707 0.433698 0.000241
v -0.407153 0.418583 0.003772
v -0.396851 0.449429 -0.007213
v -0.396894 0.459115 -0.021456
v -0.409206 0.458799 -0.018966
v -0.408955 0.448329 -0.006486
v -0.415504 0.413058 -0.069444
v -0.414924 0.425241 -0.066212
v -0.406583 0.421908 -0.066535
v -0.407446 0.409984 -0.068742
v -0.413744 0.381966 -0.050421
v -0.415114 0.374129 -0.038294
v -0.420314 0.416874 0.000943
v -0.420611 0.402456 0.001792
v -0.407652 0.404199 0.005860
v -0.409320 0.461633 -0.034025
v -0.374982 0.381504 -0.053697
v -0.375756 0.389540 -0.062938
v -0.359769 0.386659 -0.062851
v -0.358742 0.378490 -0.053453
v -0.356881 0.373778 -0.042541
v -0.354532 0.372056 -0.029762
v -0.349773 0.381959 -0.002461
v -0.348932 0.393340 0.007003
v -0.348828 0.407630 0.012036
v -0.348462 0.423090 0.011773
v -0.367769 0.422535 0.009678
v -0.367569 0.406758 0.010769
v -0.350084 0.450383 -0.007736
v -0.351526 0.455941 -0.024245
v -0.373207 0.456343 -0.039246
v -0.354072 0.454841 -0.039922
v -0.399062 0.374180 -0.019306
v -0.385461 0.374820 -0.017537
v -0.518228 0.437129 -0.070226
v -0.518060 0.423026 -0.073532
v -0.538235 0.425604 -0.072609
v -0.539110 0.438330 -0.068038
v -0.557966 0.415433 -0.071867
v -0.538326 0.412351 -0.072871
v -0.521110 0.431926 -0.007067
v -0.501427 0.435270 -0.005200
v -0.560259 0.436732 -0.013765
v -0.421004 0.431988 -0.001353
v -0.436579 0.429955 -0.002580
v -0.397265 0.431839 -0.062566
v -0.386633 0.442048 -0.058209
v -0.387113 0.430119 -0.064767
v -0.425082 0.431077 -0.066001
v -0.440056 0.437863 -0.065491
v -0.439581 0.450425 -0.053009
v -0.421455 0.444161 -0.055149
v -0.398999 0.406935 -0.068372
v -0.398077 0.419538 -0.067702
v -0.388046 0.417381 -0.068984
v -0.388640 0.404257 -0.068729
v -0.369975 0.437795 0.003294
v -0.384420 0.436875 0.002295
v -0.358101 0.437937 -0.062250
v -0.374028 0.440055 -0.059805
v -0.373968 0.449897 -0.050747
v -0.357389 0.447859 -0.052609
v -0.386377 0.452122 -0.049557
v -0.358621 0.426128 -0.068919
v -0.374538 0.428356 -0.066663
v -0.348735 0.438476 0.005352
v -0.375583 0.401817 -0.069013
v -0.375221 0.415436 -0.070103
v -0.359184 0.412874 -0.071545
v -0.359581 0.398791 -0.069824
v -0.518566 0.408790 -0.072758
v -0.498830 0.404952 -0.071236
v -0.427609 0.373136 -0.027984
v -0.443428 0.374185 -0.034916
v -0.413037 0.373507 -0.022570
v -0.520644 0.383061 -0.043923
v -0.540111 0.385880 -0.047583
v -0.480665 0.379218 -0.033495
v -0.500885 0.380734 -0.039155
v -0.477621 0.446451 -0.064195
v -0.401028 0.387067 -0.056156
v -0.402005 0.379648 -0.046157
v -0.411230 0.390618 -0.059894
v -0.351412 0.374652 -0.015280
v -0.369770 0.375007 -0.016745
v -0.414925 0.402790 -0.068229
v -0.328126 0.374134 -0.013540
v -0.422223 0.458293 -0.045522
v -0.397221 0.460475 -0.036120
v -0.385995 0.458493 -0.037756
v -0.561315 0.450906 -0.031971
v -0.480763 0.438963 -0.003835
v -0.435441 0.414759 -0.002130
v -0.435877 0.400330 -0.002868
v -0.399727 0.395400 -0.064307
v -0.389235 0.392374 -0.063247
v -0.389272 0.384293 -0.054229
v -0.382141 0.421946 0.007903
v -0.382478 0.406571 0.009507
v -0.559181 0.388974 -0.050055
v -0.395135 0.405874 0.007879
v -0.438837 0.461746 -0.042629
v -0.015932 0.409259 -0.094671
v -0.143905 0.248669 0.046534
v -0.105848 0.228043 0.086781
v -0.119225 0.230745 0.072106
v -0.157945 0.304973 0.020649
v -0.161376 0.316699 0.015120
v -0.186089 0.346796 0.000693
v -0.196251 0.357819 -0.005089
v -0.150457 0.283646 0.054709
v -0.076935 0.637356 -0.010288
v -0.075148 0.630283 -0.012976
v -0.079073 0.650767 -0.010093
v -0.016196 0.096335 0.158267
v -0.074605 0.623040 0.002011
v -0.072295 0.615770 -0.001117
v -0.076899 0.619293 0.000954
v -0.074116 0.624059 0.003700
v -0.074206 0.625085 0.004098
v -0.079545 0.652968 0.000047
v -0.072809 0.622105 -0.013590
v -0.070747 0.613211 -0.012163
v -0.077877 0.638879 0.005918
v -0.050372 0.085241 -0.075994
v -0.026379 0.085675 -0.076570
v -0.028877 0.068364 -0.083183
v -0.054941 0.067611 -0.081904
v -0.031728 0.049452 -0.091009
v -0.150907 0.014753 -0.060791
v -0.167013 0.017967 -0.037327
v -0.161916 0.038650 -0.035859
v -0.146043 0.036511 -0.057728
v -0.166849 0.055069 -0.010694
v -0.155289 0.056048 -0.034435
v -0.172696 0.038753 -0.010115
v -0.176601 0.035206 0.017826
v -0.171158 0.052260 0.016518
v -0.172963 0.028602 0.044463
v -0.168490 0.047137 0.043251
v -0.163838 0.020378 0.068264
v -0.149513 0.012410 0.089794
v -0.129794 -0.015277 0.106078
v -0.106027 -0.003149 0.122235
v -0.129254 0.004512 0.107619
v -0.059093 -0.014633 0.144186
v -0.082072 -0.010221 0.134350
v -0.019201 -0.019428 0.156469
v -0.038394 -0.017903 0.151719
v -0.097491 0.424360 0.048957
v -0.077827 0.482107 -0.054916
v -0.085336 0.478826 -0.054655
v -0.092998 0.482820 -0.034375
v -0.103824 0.432123 -0.090981
v -0.104559 0.448990 -0.080222
v -0.086521 0.441028 -0.088854
v -0.086403 0.425107 -0.096526
v -0.068989 0.474455 -0.068102
v -0.064770 0.476647 -0.067620
v -0.073860 0.470371 -0.069743
v -0.045066 0.453346 -0.084850
v -0.060593 0.461392 -0.079702
v -0.127727 0.476219 -0.032228
v -0.128106 0.467323 -0.053255
v -0.137333 0.467488 -0.049014
v -0.138573 0.476317 -0.028220
v -0.131788 0.423976 -0.085940
v -0.132335 0.408446 -0.090136
v -0.142871 0.412085 -0.085935
v -0.141531 0.426605 -0.081515
v -0.172146 0.476532 -0.015114
v -0.168652 0.470159 -0.035814
v -0.181030 0.471170 -0.033792
v -0.184635 0.475274 -0.013694
v -0.139772 0.440811 -0.074075
v -0.084256 0.313815 -0.111379
v -0.101995 0.322802 -0.106828
v -0.117095 0.331442 -0.101194
v -0.149015 0.358314 -0.080783
v -0.140733 0.351002 -0.085449
v -0.144586 0.338183 -0.080863
v -0.158524 0.365040 -0.078245
v -0.169111 0.368770 -0.074847
v -0.194642 0.406251 0.036804
v -0.180701 0.404477 0.042306
v -0.178367 0.430808 0.037288
v -0.193984 0.376196 -0.067967
v -0.181305 0.369496 -0.068384
v -0.183187 0.362513 -0.064633
v -0.195919 0.370701 -0.065159
v -0.117647 0.476980 -0.035292
v -0.180713 0.460625 -0.048770
v -0.168424 0.458458 -0.050452
v -0.168239 0.447481 -0.060822
v -0.180370 0.450618 -0.059011
v -0.181757 0.438904 -0.066906
v -0.170272 0.435270 -0.069201
v -0.172060 0.422922 -0.074927
v -0.183561 0.426883 -0.072580
v -0.192963 0.383390 -0.071150
v -0.179119 0.377384 -0.071886
v -0.201945 0.465506 0.007690
v -0.149636 0.475976 0.001727
v -0.149039 0.462743 0.023721
v -0.137910 0.465112 0.019929
v -0.138344 0.476863 -0.002960
v -0.213905 0.359717 -0.023603
v -0.210671 0.365094 -0.011340
v -0.215612 0.355835 -0.035398
v -0.186699 0.347452 -0.054628
v -0.215585 0.355913 -0.045926
v -0.209069 0.390850 0.027581
v -0.209840 0.407992 0.031637
v -0.150091 0.439353 0.036969
v -0.138679 0.443425 0.034866
v -0.198509 0.473272 -0.013782
v -0.195097 0.470771 -0.033411
v -0.208580 0.383162 -0.070433
v -0.210527 0.378147 -0.068241
v -0.222942 0.385467 -0.071515
v -0.175430 0.340888 -0.060429
v -0.184662 0.356263 -0.060710
v -0.148728 0.476248 -0.023466
v -0.193520 0.461891 -0.048606
v -0.193529 0.451759 -0.059165
v -0.160100 0.431873 -0.072933
v -0.157733 0.444533 -0.064737
v -0.148615 0.442565 -0.069397
v -0.150856 0.429076 -0.077359
v -0.195911 0.431366 -0.071264
v -0.199201 0.419980 -0.074327
v -0.152956 0.415389 -0.082144
v -0.162233 0.418850 -0.078267
v -0.207056 0.390038 -0.072880
v -0.129148 0.446153 0.031663
v -0.131215 0.424650 0.044024
v -0.121203 0.425822 0.044775
v -0.153086 0.414052 0.046213
v -0.141138 0.420049 0.044963
v -0.167036 0.406876 0.045970
v -0.110516 0.425487 0.047242
v -0.408632 0.399063 -0.066039
v -0.225908 0.381485 -0.069745
v -0.238821 0.387414 -0.072505
v -0.234474 0.391797 -0.073936
v -0.286988 0.419248 -0.073581
v -0.003034 0.561022 0.112998
v -0.002586 0.566224 0.115969
v -0.001859 0.585765 0.117641
v -0.001780 0.589236 0.116966
v -0.406605 0.433294 -0.060778
v -0.414107 0.434304 -0.060453
v -0.458222 0.443055 -0.064768
v -0.478536 0.456205 -0.051597
v -0.458428 0.454571 -0.052491
v -0.461140 0.456458 -0.011680
v -0.459358 0.442860 -0.003338
v -0.456058 0.397810 -0.007017
v -0.459874 0.395209 -0.065413
v -0.598957 0.439997 -0.017498
v -0.600035 0.446423 -0.027095
v -0.619521 0.444116 -0.024019
v -0.618071 0.436808 -0.015367
v -0.636696 0.434134 -0.013380
v -0.635048 0.424129 -0.011365
v -0.616883 0.427117 -0.011879
v -0.633139 0.415013 -0.014232
v -0.615393 0.417226 -0.013409
v -0.631782 0.407702 -0.020485
v -0.631705 0.402991 -0.028166
v -0.614340 0.403311 -0.025857
v -0.614285 0.409094 -0.018608
v -0.596179 0.398218 -0.032028
v -0.614864 0.399427 -0.034644
v -0.615422 0.397271 -0.044132
v -0.596763 0.394294 -0.042264
v -0.633901 0.408074 -0.061497
v -0.634632 0.416155 -0.065024
v -0.616344 0.413592 -0.066296
v -0.615863 0.404700 -0.062041
v -0.598822 0.431619 -0.065595
v -0.597605 0.420980 -0.068418
v -0.617349 0.423804 -0.066551
v -0.618569 0.433816 -0.063541
v -0.636663 0.436564 -0.062392
v -0.637993 0.443615 -0.054770
v -0.619621 0.441717 -0.057056
v -0.561121 0.445969 -0.021160
v -0.580011 0.443027 -0.019632
v -0.579033 0.433443 -0.013285
v -0.595940 0.410522 -0.016531
v -0.577176 0.412357 -0.014569
v -0.577974 0.422576 -0.011941
v -0.596795 0.419850 -0.012613
v -0.558826 0.389515 -0.037165
v -0.577260 0.396829 -0.029300
v -0.577875 0.392000 -0.039898
v -0.595822 0.403599 -0.023283
v -0.576910 0.403920 -0.020803
v -0.596875 0.395174 -0.052996
v -0.615578 0.398909 -0.053975
v -0.600684 0.448144 -0.038509
v -0.600712 0.446146 -0.049742
v -0.620431 0.446099 -0.046902
v -0.620369 0.447083 -0.035560
v -0.578090 0.392131 -0.051661
v -0.580755 0.446778 -0.052972
v -0.580961 0.449578 -0.041642
v -0.599905 0.440167 -0.059279
v -0.579911 0.439572 -0.062206
v -0.638773 0.445756 -0.032621
v -0.638278 0.442003 -0.021190
v -0.580720 0.448457 -0.029617
v -0.596854 0.401005 -0.062243
v -0.597057 0.410336 -0.067648
v -0.577687 0.406997 -0.068470
v -0.577892 0.397696 -0.061859
v -0.558599 0.427506 -0.070306
v -0.577934 0.417904 -0.069860
v -0.578823 0.429292 -0.067749
v -0.635345 0.426030 -0.065518
v -0.559467 0.439235 -0.065413
v -0.714478 0.401174 -0.026321
v -0.705219 0.398540 -0.024783
v -0.710203 0.396625 -0.015395
v -0.719068 0.399882 -0.017442
v -0.690621 0.389150 -0.008409
v -0.682657 0.392998 -0.001120
v -0.692560 0.393552 0.006653
v -0.699020 0.390196 0.000490
v -0.722598 0.401300 -0.009315
v -0.714180 0.397147 -0.007502
v -0.721633 0.405531 -0.003807
v -0.730146 0.411644 -0.006363
v -0.730300 0.405153 -0.009998
v -0.737896 0.414771 -0.007668
v -0.724736 0.421933 -0.008612
v -0.736438 0.423427 -0.011585
v -0.719526 0.432627 -0.031296
v -0.717031 0.433322 -0.041094
v -0.730986 0.431495 -0.041881
v -0.733113 0.430323 -0.031491
v -0.722584 0.427048 -0.059045
v -0.727822 0.429564 -0.050600
v -0.713849 0.431979 -0.049041
v -0.709899 0.429869 -0.056823
v -0.708543 0.403788 -0.039954
v -0.698853 0.402259 -0.040189
v -0.701039 0.401304 -0.034010
v -0.710349 0.403121 -0.034508
v -0.719035 0.407853 0.005690
v -0.715551 0.415676 -0.000601
v -0.720997 0.412233 -0.002099
v -0.720464 0.404623 0.004189
v -0.675067 0.395790 -0.050962
v -0.663622 0.397898 -0.049282
v -0.663951 0.398092 -0.041002
v -0.674461 0.396294 -0.043755
v -0.667819 0.395122 -0.015351
v -0.662833 0.398403 -0.022255
v -0.657821 0.407709 -0.012574
v -0.664505 0.406112 -0.007764
v -0.674307 0.393400 -0.008571
v -0.671082 0.404583 -0.002639
v -0.680132 0.403084 0.002977
v -0.690895 0.401541 0.009925
v -0.662637 0.401132 -0.059412
v -0.670637 0.398760 -0.062640
v -0.786093 0.408548 -0.013683
v -0.786718 0.406757 -0.018935
v -0.781192 0.406953 -0.018279
v -0.780612 0.408739 -0.012970
v -0.670512 0.416781 -0.069754
v -0.672494 0.425887 -0.066953
v -0.665618 0.425429 -0.066818
v -0.663889 0.415893 -0.068213
v -0.678958 0.416986 -0.072234
v -0.681300 0.426240 -0.067497
v -0.788345 0.420682 -0.012669
v -0.787229 0.416530 -0.010211
v -0.781630 0.417430 -0.010280
v -0.782505 0.421608 -0.013022
v -0.727788 0.401658 -0.017575
v -0.723629 0.402367 -0.026073
v -0.745651 0.402999 -0.020435
v -0.734345 0.402565 -0.025078
v -0.736192 0.402989 -0.015856
v -0.744439 0.404561 -0.014256
v -0.727165 0.403939 -0.043885
v -0.717098 0.404350 -0.043693
v -0.720849 0.404215 -0.036950
v -0.731233 0.403685 -0.037107
v -0.714283 0.400939 -0.054690
v -0.723822 0.401328 -0.055410
v -0.722442 0.399181 -0.061485
v -0.714014 0.398931 -0.060304
v -0.743323 0.403543 -0.051282
v -0.752313 0.405965 -0.052271
v -0.750644 0.405941 -0.057023
v -0.742076 0.402957 -0.056373
v -0.659378 0.425775 -0.066901
v -0.657146 0.416182 -0.067175
v -0.713989 0.419496 -0.074872
v -0.709518 0.412511 -0.080082
v -0.718331 0.410473 -0.083749
v -0.722669 0.417974 -0.078454
v -0.675250 0.433313 -0.060616
v -0.668015 0.434081 -0.061087
v -0.789353 0.422839 -0.017574
v -0.783506 0.423908 -0.017990
v -0.681904 0.413522 0.000882
v -0.693311 0.410310 0.008435
v -0.672509 0.415958 -0.004714
v -0.665802 0.417705 -0.008054
v -0.658757 0.419504 -0.009449
v -0.739352 0.403013 -0.029820
v -0.718007 0.403449 -0.033154
v -0.706969 0.403328 -0.043969
v -0.702503 0.395936 -0.070879
v -0.694943 0.396252 -0.070549
v -0.698445 0.395951 -0.061528
v -0.705037 0.396569 -0.064015
v -0.707577 0.403736 -0.081392
v -0.709246 0.398121 -0.077531
v -0.717502 0.397715 -0.079220
v -0.716387 0.402359 -0.083872
v -0.717200 0.410448 0.009271
v -0.709658 0.416189 0.003095
v -0.669477 0.406808 -0.069316
v -0.662589 0.407352 -0.066048
v -0.655876 0.408686 -0.063456
v -0.686467 0.398803 -0.042593
v -0.674131 0.396229 -0.039221
v -0.674999 0.394735 -0.033559
v -0.687689 0.398613 -0.038482
v -0.694863 0.393248 -0.022712
v -0.683134 0.389835 -0.017993
v -0.701058 0.391820 -0.012973
v -0.663371 0.397975 -0.033404
v -0.655276 0.400684 -0.039410
v -0.654964 0.401190 -0.030797
v -0.655457 0.401151 -0.048626
v -0.655479 0.403692 -0.057316
v -0.645984 0.401473 -0.038383
v -0.645425 0.402645 -0.029799
v -0.646508 0.402126 -0.047789
v -0.646979 0.405006 -0.055920
v -0.650384 0.437477 -0.061705
v -0.649151 0.427099 -0.066047
v -0.660394 0.435572 -0.061621
v -0.647651 0.412225 -0.013921
v -0.655238 0.403489 -0.021655
v -0.646008 0.405959 -0.021623
v -0.649610 0.421846 -0.010488
v -0.704938 0.391274 0.006455
v -0.710827 0.391327 0.011228
v -0.715561 0.393047 0.006467
v -0.710920 0.393785 0.001733
v -0.745704 0.416598 -0.009096
v -0.744963 0.409540 -0.009633
v -0.737437 0.407548 -0.009505
v -0.683289 0.395300 -0.056585
v -0.679077 0.397476 -0.066789
v -0.748159 0.403542 -0.025732
v -0.775416 0.422180 -0.013260
v -0.774695 0.417730 -0.010270
v -0.762231 0.417520 -0.010160
v -0.763402 0.422807 -0.013372
v -0.757139 0.407785 -0.029265
v -0.754849 0.405317 -0.024257
v -0.762746 0.405809 -0.023923
v -0.765020 0.409520 -0.028219
v -0.746926 0.403713 -0.062965
v -0.739895 0.401298 -0.062552
v -0.746407 0.425335 -0.032146
v -0.745398 0.427560 -0.021286
v -0.734414 0.429222 -0.020556
v -0.725146 0.402895 -0.049992
v -0.734380 0.402821 -0.050681
v -0.733192 0.401733 -0.055986
v -0.742617 0.403599 -0.032212
v -0.749100 0.404443 -0.030338
v -0.746470 0.404468 -0.036025
v -0.738841 0.403667 -0.036997
v -0.698987 0.415099 -0.077103
v -0.696872 0.403462 -0.078811
v -0.786337 0.412212 -0.010631
v -0.780881 0.412779 -0.010149
v -0.647906 0.416763 -0.065671
v -0.647488 0.409634 -0.061857
v -0.715160 0.403040 -0.049079
v -0.721445 0.429886 -0.020219
v -0.705446 0.401995 -0.048300
v -0.738055 0.417558 -0.069104
v -0.737265 0.411471 -0.073148
v -0.744521 0.411083 -0.071298
v -0.745254 0.417268 -0.069861
v -0.776349 0.411560 -0.027700
v -0.775085 0.407444 -0.023475
v -0.782321 0.408394 -0.023857
v -0.783329 0.412437 -0.027597
v -0.752705 0.404891 -0.019259
v -0.751587 0.406397 -0.013953
v -0.760517 0.407398 -0.013644
v -0.761201 0.405281 -0.018735
v -0.752212 0.411205 -0.010501
v -0.761138 0.412038 -0.010380
v -0.777357 0.417764 -0.028715
v -0.777097 0.423103 -0.024808
v -0.765269 0.423031 -0.025911
v -0.766522 0.416475 -0.029285
v -0.697499 0.432385 -0.054950
v -0.694601 0.429441 -0.062483
v -0.706619 0.426412 -0.064960
v -0.718332 0.423331 -0.067595
v -0.728922 0.419108 -0.069854
v -0.733973 0.424746 -0.061266
v -0.703179 0.422581 -0.071422
v -0.755679 0.416314 -0.034501
v -0.755611 0.421553 -0.028496
v -0.754589 0.421805 -0.035854
v -0.703996 0.399490 -0.054809
v -0.773937 0.412766 -0.010016
v -0.671254 0.435194 -0.019188
v -0.672256 0.440078 -0.030153
v -0.681726 0.438321 -0.031149
v -0.679488 0.433103 -0.018582
v -0.773896 0.406450 -0.018173
v -0.773669 0.408187 -0.012967
v -0.739019 0.401285 -0.068801
v -0.745223 0.403777 -0.068119
v -0.745097 0.405572 -0.071889
v -0.739664 0.404161 -0.073716
v -0.691819 0.425400 -0.068865
v -0.725100 0.408920 -0.086462
v -0.728148 0.416983 -0.081713
v -0.683762 0.432033 -0.060999
v -0.686358 0.435277 -0.053106
v -0.677556 0.437581 -0.051619
v -0.742054 0.425190 -0.051858
v -0.700634 0.434168 -0.047650
v -0.688739 0.436575 -0.045856
v -0.679175 0.439071 -0.043052
v -0.671312 0.441001 -0.041582
v -0.670091 0.439439 -0.051157
v -0.776370 0.424601 -0.018520
v -0.784163 0.422674 -0.024109
v -0.661522 0.441350 -0.051225
v -0.651402 0.443577 -0.052328
v -0.652268 0.444996 -0.042032
v -0.662725 0.443092 -0.041345
v -0.691379 0.437027 -0.037680
v -0.693131 0.436034 -0.029152
v -0.703520 0.435017 -0.039998
v -0.706212 0.434215 -0.030868
v -0.743542 0.428911 -0.042346
v -0.798336 0.417573 -0.026354
v -0.790211 0.417765 -0.027082
v -0.789451 0.412696 -0.027733
v -0.797775 0.413238 -0.027400
v -0.784062 0.417943 -0.027822
v -0.790099 0.421917 -0.023458
v -0.707951 0.430816 -0.019536
v -0.754089 0.407292 -0.035555
v -0.692513 0.430070 -0.016012
v -0.712280 0.425081 -0.008167
v -0.701716 0.423645 -0.004639
v -0.675672 0.426007 -0.009242
v -0.684827 0.423008 -0.004806
v -0.661126 0.429488 -0.012282
v -0.668317 0.427565 -0.011484
v -0.651536 0.431631 -0.012658
v -0.696070 0.418428 0.002928
v -0.793741 0.407677 -0.014642
v -0.794289 0.406470 -0.020168
v -0.663328 0.437112 -0.019559
v -0.653158 0.439477 -0.019791
v -0.706926 0.392610 -0.004516
v -0.694693 0.398404 -0.052183
v -0.696134 0.400613 -0.047356
v -0.687603 0.396651 -0.069472
v -0.691668 0.395392 -0.059318
v -0.653138 0.444142 -0.030565
v -0.632361 0.400536 -0.036828
v -0.632851 0.400371 -0.046124
v -0.638648 0.446084 -0.044124
v -0.794160 0.411116 -0.011248
v -0.755376 0.411548 -0.054029
v -0.753969 0.412232 -0.055965
v -0.699930 0.393666 0.012102
v -0.707744 0.393797 0.016073
v -0.710689 0.404898 0.017929
v -0.708158 0.398827 0.018402
v -0.699371 0.400230 0.015108
v -0.702039 0.407602 0.014107
v -0.685992 0.398212 -0.045851
v -0.685604 0.397011 -0.050328
v -0.688576 0.416565 -0.074604
v -0.686846 0.405445 -0.076284
v -0.753040 0.417322 -0.010212
v -0.745795 0.423481 -0.013222
v -0.753713 0.422883 -0.013985
v -0.764054 0.425309 -0.019375
v -0.757046 0.412177 -0.033891
v -0.759139 0.414438 -0.030422
v -0.678041 0.392323 -0.026496
v -0.690412 0.396565 -0.031807
v -0.716122 0.398525 -0.001421
v -0.719160 0.399169 0.003175
v -0.735773 0.403481 -0.043950
v -0.753220 0.423933 -0.049981
v -0.753255 0.426988 -0.042425
v -0.744035 0.404087 -0.043865
v -0.796503 0.419371 -0.012772
v -0.795345 0.415148 -0.010515
v -0.754338 0.425950 -0.020738
v -0.731311 0.399934 -0.062353
v -0.748465 0.420492 -0.055863
v -0.754787 0.418177 -0.053093
v -0.722588 0.402318 -0.084904
v -0.663770 0.441957 -0.030022
v -0.787991 0.408160 -0.024715
v -0.795724 0.408222 -0.025511
v -0.797898 0.420664 -0.023068
v -0.797135 0.421626 -0.017683
v -0.677799 0.406429 -0.073203
v -0.697427 0.401843 -0.043813
v -0.633302 0.402965 -0.054933
v -0.705200 0.414067 0.009504
v -0.714187 0.409729 0.014361
v -0.751743 0.405594 -0.044204
v -0.732627 0.415773 -0.075854
v -0.741856 0.423319 -0.063134
v -0.747994 0.422696 -0.064618
v -0.752012 0.421396 -0.058485
v -0.755009 0.416792 -0.057040
v -0.804215 0.420122 -0.022993
v -0.803692 0.421008 -0.017712
v -0.803360 0.418871 -0.012837
v -0.801752 0.414641 -0.010846
v -0.799953 0.410765 -0.011874
v -0.804506 0.417307 -0.026056
v -0.803590 0.413232 -0.027019
v -0.801249 0.408495 -0.025281
v -0.809732 0.416705 -0.026152
v -0.810679 0.419473 -0.023023
v -0.815792 0.416441 -0.012489
v -0.810504 0.418423 -0.013083
v -0.813590 0.418898 -0.015183
v -0.817081 0.418270 -0.014849
v -0.821344 0.417695 -0.015212
v -0.820353 0.415242 -0.013342
v -0.812841 0.419867 -0.018004
v -0.817111 0.419659 -0.018435
v -0.816752 0.418895 -0.022218
v -0.821216 0.418662 -0.022672
v -0.821730 0.419392 -0.018935
v -0.813307 0.419452 -0.021175
v -0.809274 0.420400 -0.017774
v -0.824262 0.414976 -0.015429
v -0.824282 0.417336 -0.016008
v -0.825438 0.418440 -0.019216
v -0.826294 0.415711 -0.019601
v -0.807507 0.414309 -0.011183
v -0.813936 0.413333 -0.012020
v -0.819263 0.412363 -0.013643
v -0.823324 0.412097 -0.016116
v -0.813051 0.410141 -0.013567
v -0.818517 0.409938 -0.015539
v -0.821874 0.410038 -0.017783
v -0.812922 0.407700 -0.016826
v -0.818369 0.408449 -0.018193
v -0.804677 0.407665 -0.015631
v -0.805482 0.410615 -0.012286
v -0.820882 0.409166 -0.019149
v -0.825248 0.412907 -0.020312
v -0.815772 0.417773 -0.024804
v -0.820612 0.416975 -0.025059
v -0.815196 0.415663 -0.026502
v -0.820155 0.414744 -0.026281
v -0.824780 0.416454 -0.023910
v -0.824509 0.418417 -0.022592
v -0.799074 0.407579 -0.015316
v -0.799621 0.406783 -0.020718
v -0.805124 0.406768 -0.020841
v -0.813108 0.406799 -0.021629
v -0.806374 0.408742 -0.025239
v -0.808701 0.412961 -0.026987
v -0.814484 0.412719 -0.026898
v -0.813471 0.409069 -0.025688
v -0.819330 0.412107 -0.026322
v -0.818674 0.409661 -0.024958
v -0.818493 0.408292 -0.021730
v -0.822477 0.411542 -0.024486
v -0.823930 0.413875 -0.024518
v -0.823273 0.410825 -0.021077
v -0.821141 0.410154 -0.023869
v -0.821235 0.409550 -0.021503
v -0.792321 0.410152 -0.045093
v -0.791911 0.408854 -0.050206
v -0.784693 0.409508 -0.048529
v -0.785274 0.410637 -0.043560
v -0.792716 0.421829 -0.041968
v -0.792857 0.416634 -0.040175
v -0.786291 0.417731 -0.038923
v -0.786124 0.422793 -0.040999
v -0.791941 0.424159 -0.047496
v -0.785394 0.425233 -0.046758
v -0.778314 0.423300 -0.039594
v -0.778522 0.418074 -0.037602
v -0.764826 0.416808 -0.036264
v -0.764719 0.422509 -0.037419
v -0.761770 0.407820 -0.051043
v -0.763097 0.411835 -0.054058
v -0.792781 0.412625 -0.041582
v -0.785948 0.413429 -0.040209
v -0.776687 0.413231 -0.055172
v -0.776334 0.409613 -0.052028
v -0.784674 0.410336 -0.053225
v -0.784987 0.413537 -0.056456
v -0.762636 0.408716 -0.039376
v -0.761626 0.407225 -0.045245
v -0.764101 0.412315 -0.036852
v -0.777130 0.418486 -0.056066
v -0.777411 0.423578 -0.052789
v -0.763879 0.424042 -0.050770
v -0.764059 0.418248 -0.054301
v -0.777943 0.413450 -0.038763
v -0.776202 0.408812 -0.047037
v -0.777020 0.410119 -0.041969
v -0.777564 0.425835 -0.045651
v -0.785196 0.422788 -0.053792
v -0.801313 0.418061 -0.058097
v -0.792143 0.418001 -0.057489
v -0.792003 0.413405 -0.057899
v -0.801564 0.413749 -0.058986
v -0.785228 0.418120 -0.056777
v -0.791878 0.422284 -0.054170
v -0.802487 0.409475 -0.047245
v -0.802234 0.408583 -0.052443
v -0.802716 0.411794 -0.043701
v -0.764056 0.426652 -0.043569
v -0.802101 0.420514 -0.043574
v -0.802536 0.415458 -0.042270
v -0.791842 0.409764 -0.055039
v -0.801671 0.409667 -0.056986
v -0.801024 0.421779 -0.054847
v -0.801013 0.423226 -0.048641
v -0.808523 0.421018 -0.055738
v -0.808805 0.422328 -0.050052
v -0.809866 0.420034 -0.045093
v -0.809489 0.415200 -0.043860
v -0.808943 0.411831 -0.045273
v -0.808542 0.417922 -0.058720
v -0.808229 0.414153 -0.059570
v -0.807629 0.410196 -0.057795
v -0.815366 0.417759 -0.059773
v -0.816419 0.420656 -0.057209
v -0.828613 0.417780 -0.049379
v -0.823327 0.418434 -0.047601
v -0.824070 0.420268 -0.050194
v -0.828974 0.420447 -0.050939
v -0.817656 0.419995 -0.047074
v -0.820530 0.420833 -0.049954
v -0.819787 0.421537 -0.052824
v -0.823985 0.421887 -0.053870
v -0.823198 0.420848 -0.057482
v -0.828053 0.421062 -0.058689
v -0.829104 0.422440 -0.054849
v -0.819646 0.421027 -0.056069
v -0.832686 0.420553 -0.052168
v -0.832901 0.418121 -0.052329
v -0.815654 0.421944 -0.051704
v -0.815576 0.415469 -0.045182
v -0.822237 0.415102 -0.046873
v -0.827989 0.414802 -0.049655
v -0.832082 0.415183 -0.053202
v -0.821488 0.411785 -0.048479
v -0.827374 0.412169 -0.051165
v -0.830794 0.413120 -0.054276
v -0.820900 0.409405 -0.051833
v -0.826844 0.410569 -0.053873
v -0.813103 0.409538 -0.049836
v -0.814107 0.411909 -0.046511
v -0.829502 0.411979 -0.055304
v -0.834856 0.419495 -0.056554
v -0.833748 0.416478 -0.057212
v -0.834118 0.422570 -0.055574
v -0.822386 0.419182 -0.059223
v -0.827606 0.419085 -0.060327
v -0.821773 0.417597 -0.061054
v -0.827409 0.417537 -0.061817
v -0.832302 0.419722 -0.060149
v -0.831996 0.421595 -0.059056
v -0.808294 0.409631 -0.048654
v -0.807768 0.408865 -0.053429
v -0.812632 0.408595 -0.054588
v -0.820389 0.408669 -0.056597
v -0.812489 0.410276 -0.058779
v -0.814135 0.414320 -0.060492
v -0.820946 0.414593 -0.061507
v -0.820208 0.410938 -0.060354
v -0.826695 0.414957 -0.061767
v -0.826043 0.412035 -0.060672
v -0.826280 0.410342 -0.057587
v -0.830511 0.414872 -0.060698
v -0.831876 0.417355 -0.060916
v -0.831853 0.414013 -0.057631
v -0.829113 0.412919 -0.060070
v -0.829644 0.412239 -0.057769
v -0.780357 0.408823 -0.067902
v -0.778740 0.406073 -0.072118
v -0.773083 0.406790 -0.070351
v -0.774892 0.409238 -0.066123
v -0.780734 0.419598 -0.068246
v -0.781494 0.416782 -0.066374
v -0.775814 0.417265 -0.064059
v -0.774466 0.420701 -0.065809
v -0.779334 0.420616 -0.072724
v -0.772507 0.421598 -0.070749
v -0.768169 0.421270 -0.063618
v -0.769936 0.417119 -0.061766
v -0.760355 0.416388 -0.059119
v -0.758662 0.421315 -0.060791
v -0.781477 0.412925 -0.066254
v -0.775912 0.413196 -0.064189
v -0.764207 0.407692 -0.075544
v -0.764907 0.405762 -0.072648
v -0.771679 0.406487 -0.074608
v -0.771010 0.408402 -0.077286
v -0.757267 0.407549 -0.060937
v -0.754703 0.405166 -0.065038
v -0.759538 0.411524 -0.059271
v -0.764207 0.412707 -0.076647
v -0.764338 0.418753 -0.074654
v -0.753791 0.418072 -0.071968
v -0.753122 0.411699 -0.073280
v -0.770117 0.412642 -0.062059
v -0.766551 0.405826 -0.068230
v -0.768695 0.408505 -0.063988
v -0.765666 0.422054 -0.068942
v -0.771041 0.418435 -0.076192
v -0.787067 0.413288 -0.082259
v -0.777075 0.412979 -0.079959
v -0.776978 0.408188 -0.079582
v -0.786884 0.408987 -0.082356
v -0.770769 0.412869 -0.078409
v -0.777933 0.418008 -0.077700
v -0.789000 0.408054 -0.070979
v -0.787713 0.405794 -0.075193
v -0.790087 0.411903 -0.069402
v -0.755889 0.422481 -0.066451
v -0.752683 0.406326 -0.072562
v -0.790126 0.418262 -0.071071
v -0.790459 0.415479 -0.069381
v -0.777345 0.405745 -0.076698
v -0.786685 0.405949 -0.079806
v -0.787669 0.417557 -0.080018
v -0.788745 0.419740 -0.075163
v -0.794163 0.417370 -0.081905
v -0.795365 0.419151 -0.077058
v -0.796880 0.417873 -0.072956
v -0.796755 0.414691 -0.071373
v -0.795771 0.411254 -0.071528
v -0.793696 0.413357 -0.083984
v -0.793251 0.409650 -0.083747
v -0.792279 0.406454 -0.081227
v -0.798451 0.413208 -0.085561
v -0.800036 0.416818 -0.083406
v -0.813489 0.415780 -0.077310
v -0.808909 0.416069 -0.075690
v -0.808826 0.416989 -0.077802
v -0.813224 0.417293 -0.078953
v -0.803160 0.417493 -0.074952
v -0.805406 0.417689 -0.077215
v -0.803982 0.418329 -0.079793
v -0.808022 0.418463 -0.081114
v -0.806149 0.416700 -0.084314
v -0.810427 0.416764 -0.085666
v -0.812412 0.418513 -0.082410
v -0.803164 0.417521 -0.082770
v -0.816141 0.417514 -0.080245
v -0.816873 0.415850 -0.079689
v -0.800543 0.418646 -0.078688
v -0.802098 0.414227 -0.072788
v -0.807981 0.413428 -0.074405
v -0.813051 0.413083 -0.076656
v -0.816019 0.412977 -0.079538
v -0.806606 0.410296 -0.074924
v -0.811700 0.410195 -0.077228
v -0.814279 0.410319 -0.079825
v -0.805033 0.407610 -0.076757
v -0.810289 0.408108 -0.078908
v -0.798742 0.407953 -0.074821
v -0.800564 0.410803 -0.073043
v -0.812634 0.408935 -0.080396
v -0.817085 0.415946 -0.083790
v -0.816198 0.412818 -0.083851
v -0.816063 0.418309 -0.083439
v -0.804766 0.415162 -0.085970
v -0.809468 0.414854 -0.087074
v -0.803710 0.412551 -0.086795
v -0.808907 0.412510 -0.087622
v -0.813700 0.415357 -0.086859
v -0.813700 0.417082 -0.086010
v -0.794298 0.408125 -0.073212
v -0.792765 0.406222 -0.076844
v -0.797213 0.406272 -0.078166
v -0.803822 0.406095 -0.080274
v -0.796585 0.406583 -0.082311
v -0.797639 0.409648 -0.084833
v -0.803081 0.409624 -0.086265
v -0.802831 0.406828 -0.084131
v -0.808346 0.409963 -0.087039
v -0.808253 0.407661 -0.085292
v -0.809201 0.407032 -0.081943
v -0.812126 0.410337 -0.086331
v -0.813055 0.412781 -0.087024
v -0.814328 0.410315 -0.083393
v -0.811095 0.408652 -0.085227
v -0.812261 0.408601 -0.082775
v -0.752985 0.405023 -0.069353
v -0.755424 0.404426 -0.091717
v -0.753343 0.402284 -0.094162
v -0.749497 0.402716 -0.091377
v -0.751423 0.404740 -0.089066
v -0.756040 0.414185 -0.094045
v -0.757364 0.411532 -0.091375
v -0.753168 0.412023 -0.088227
v -0.751749 0.415091 -0.090851
v -0.753252 0.413879 -0.098309
v -0.748767 0.414875 -0.095333
v -0.746827 0.415274 -0.087014
v -0.748526 0.411819 -0.084371
v -0.740800 0.411236 -0.078835
v -0.738510 0.415472 -0.080719
v -0.727511 0.402076 -0.086091
v -0.728854 0.399964 -0.082550
v -0.735106 0.400404 -0.086140
v -0.732949 0.401722 -0.089404
v -0.756926 0.407855 -0.090821
v -0.752912 0.408091 -0.087807
v -0.741184 0.402282 -0.094371
v -0.743301 0.401232 -0.091215
v -0.747557 0.401921 -0.094352
v -0.745812 0.402778 -0.097392
v -0.731648 0.399651 -0.078858
v -0.735133 0.400954 -0.075600
v -0.739467 0.402985 -0.079995
v -0.737457 0.400997 -0.082858
v -0.740745 0.406342 -0.079045
v -0.740157 0.405761 -0.096160
v -0.741127 0.410941 -0.095306
v -0.731898 0.410850 -0.090273
v -0.731867 0.405396 -0.090944
v -0.748398 0.407684 -0.084449
v -0.745366 0.402068 -0.088093
v -0.747246 0.404303 -0.085562
v -0.743579 0.415395 -0.091583
v -0.746320 0.410824 -0.098605
v -0.755061 0.405012 -0.106028
v -0.749164 0.405655 -0.102330
v -0.749477 0.402316 -0.100661
v -0.755051 0.402022 -0.104542
v -0.745140 0.406043 -0.099248
v -0.750602 0.410132 -0.101560
v -0.761064 0.403888 -0.095182
v -0.758691 0.401703 -0.097644
v -0.762390 0.407139 -0.094544
v -0.734819 0.416664 -0.085664
v -0.761968 0.412987 -0.097700
v -0.762981 0.410422 -0.095232
v -0.751264 0.401454 -0.097316
v -0.756531 0.401044 -0.101201
v -0.756525 0.409223 -0.105220
v -0.759122 0.412714 -0.101735
v -0.761340 0.408873 -0.108170
v -0.763811 0.412315 -0.104677
v -0.766476 0.412288 -0.100383
v -0.767136 0.409872 -0.097727
v -0.766113 0.406713 -0.096986
v -0.759778 0.404675 -0.108718
v -0.759587 0.402103 -0.106884
v -0.760448 0.401306 -0.103539
v -0.764225 0.404803 -0.110418
v -0.766375 0.408905 -0.110185
v -0.779139 0.409239 -0.105554
v -0.775590 0.409974 -0.103714
v -0.775129 0.410611 -0.105783
v -0.778418 0.410482 -0.107036
v -0.770811 0.411394 -0.102840
v -0.772049 0.411416 -0.105054
v -0.770162 0.411355 -0.107349
v -0.773431 0.411305 -0.108694
v -0.771520 0.409200 -0.111449
v -0.775031 0.408743 -0.113004
v -0.776856 0.411206 -0.110325
v -0.769218 0.410145 -0.109999
v -0.780609 0.410529 -0.108564
v -0.781576 0.408981 -0.108109
v -0.767642 0.411742 -0.106396
v -0.770812 0.409335 -0.100092
v -0.775466 0.408363 -0.102236
v -0.779621 0.407432 -0.104772
v -0.781499 0.406583 -0.107876
v -0.774195 0.406116 -0.101743
v -0.778431 0.405368 -0.104606
v -0.780131 0.404737 -0.107513
v -0.772170 0.403781 -0.102335
v -0.776628 0.403547 -0.105132
v -0.767465 0.403936 -0.099809
v -0.769464 0.406644 -0.099254
v -0.778657 0.403682 -0.107176
v -0.780868 0.408240 -0.111762
v -0.780647 0.405856 -0.110988
v -0.779718 0.410684 -0.111763
v -0.770223 0.407256 -0.112528
v -0.774472 0.406578 -0.113947
v -0.768800 0.404516 -0.112107
v -0.773995 0.404221 -0.113321
v -0.778055 0.407098 -0.113828
v -0.777643 0.408939 -0.113686
v -0.764475 0.403819 -0.097657
v -0.762257 0.401813 -0.100064
v -0.765364 0.401838 -0.101987
v -0.770185 0.401889 -0.104318
v -0.763908 0.401281 -0.105380
v -0.763451 0.402262 -0.108555
v -0.768555 0.402259 -0.110532
v -0.768921 0.401135 -0.107581
v -0.773920 0.402546 -0.111690
v -0.774145 0.401680 -0.109346
v -0.775080 0.402155 -0.106788
v -0.777683 0.403441 -0.111332
v -0.778088 0.404919 -0.112894
v -0.779645 0.404174 -0.109818
v -0.777094 0.402630 -0.109921
v -0.778155 0.403088 -0.108588
v -0.727481 0.405170 -0.087907
v -0.726145 0.407562 0.014920
v -0.727720 0.405077 0.011093
v -0.722542 0.391010 0.011652
v -0.725948 0.395312 0.008921
v -0.719004 0.390244 0.016532
v -0.717758 0.397065 0.023282
v -0.717637 0.392845 0.020860
v -0.727978 0.400928 0.008932
v -0.723270 0.407257 0.019621
v -0.719837 0.402787 0.022879
v -0.731455 0.405943 0.024538
v -0.728448 0.401283 0.028175
v -0.726015 0.395077 0.028600
v -0.724994 0.390615 0.025191
v -0.725273 0.388343 0.020119
v -0.733588 0.406537 0.019308
v -0.734258 0.404006 0.014576
v -0.733150 0.399032 0.011808
v -0.740796 0.405474 0.023501
v -0.741576 0.404771 0.030172
v -0.744477 0.390857 0.038045
v -0.740001 0.391493 0.035735
v -0.741422 0.395002 0.037202
v -0.744591 0.394608 0.040017
v -0.735423 0.393747 0.033407
v -0.739361 0.396079 0.035490
v -0.741336 0.400143 0.035199
v -0.743480 0.400227 0.037494
v -0.743498 0.403399 0.034001
v -0.746261 0.404180 0.035303
v -0.746535 0.399989 0.040567
v -0.747945 0.394805 0.041770
v -0.749983 0.398666 0.041775
v -0.749044 0.392075 0.040213
v -0.737647 0.400149 0.032739
v -0.732091 0.389272 0.029212
v -0.738928 0.388323 0.032617
v -0.745094 0.388191 0.035148
v -0.750288 0.390090 0.036584
v -0.739423 0.386394 0.027739
v -0.746329 0.387346 0.030752
v -0.750536 0.389803 0.032538
v -0.741304 0.387690 0.023041
v -0.747592 0.388889 0.027303
v -0.732688 0.387976 0.017992
v -0.731397 0.386942 0.023641
v -0.750433 0.390218 0.029710
v -0.753087 0.396268 0.040201
v -0.753862 0.394362 0.036000
v -0.747467 0.404980 0.031629
v -0.749279 0.403645 0.037583
v -0.751342 0.403647 0.033981
v -0.747651 0.404310 0.026963
v -0.752317 0.401969 0.030269
v -0.753644 0.401144 0.037092
v -0.751392 0.402179 0.039712
v -0.727259 0.389371 0.014975
v -0.730487 0.393385 0.012085
v -0.735683 0.392340 0.014824
v -0.743613 0.391958 0.019864
v -0.738774 0.398332 0.014837
v -0.740574 0.403409 0.018165
v -0.747623 0.401518 0.022841
v -0.746222 0.397107 0.020007
v -0.752074 0.399188 0.027257
v -0.750911 0.395835 0.025318
v -0.749226 0.392067 0.025495
v -0.753664 0.396567 0.030392
v -0.754479 0.398833 0.033514
v -0.753061 0.393281 0.032260
v -0.752470 0.394999 0.028453
v -0.751707 0.392583 0.029218
v -0.723721 0.398311 -0.080736
v -0.726477 0.397649 -0.075626
v -0.719630 0.396808 -0.073878
v -0.711110 0.396118 -0.072277
v -0.702406 0.398038 -0.076219
v -0.712939 0.397020 -0.066091
v -0.721489 0.397703 -0.068011
v -0.730870 0.398919 -0.070044
v -0.707613 0.398114 -0.059545
v -0.041111 0.642828 0.092259
v -0.038017 0.643695 0.094170
v -0.039930 0.636558 0.091699
v -0.042484 0.637017 0.089872
v -0.032894 0.636472 0.094560
v -0.036695 0.636342 0.093468
v -0.033315 0.644288 0.095599
v -0.027823 0.643776 0.095528
v -0.020126 0.639473 0.092987
v -0.018477 0.637976 0.092983
v -0.019227 0.637080 0.093401
v -0.021435 0.637156 0.093575
v -0.025042 0.636925 0.094522
v -0.045534 0.639562 0.087238
v -0.044741 0.640703 0.088422
v -0.043208 0.641802 0.090217
v -0.028913 0.636700 0.095039
v -0.044309 0.637671 0.088126
v -0.045359 0.638512 0.087129
v -0.023288 0.642072 0.094205
v -0.033222 0.638819 0.094785
v -0.037177 0.638687 0.093570
v -0.033523 0.641633 0.095229
v -0.028719 0.641495 0.095455
v -0.023004 0.638500 0.094033
v -0.025480 0.638730 0.094757
v -0.040150 0.638598 0.091816
v -0.029138 0.638958 0.095241
v -0.037737 0.641213 0.093824
v -0.024747 0.640598 0.094812
v -0.022490 0.639491 0.093945
v -0.044774 0.639356 0.087894
v -0.044711 0.638904 0.087882
v -0.013071 0.406972 0.073253
v -0.014412 0.390578 0.083498
v -0.040587 0.640693 0.091965
v -0.043806 0.638733 0.088780
v -0.042269 0.638643 0.090164
v -0.042594 0.640230 0.090172
v -0.044001 0.639754 0.088767
v -0.277031 0.409529 0.017831
v -0.276633 0.425561 0.017037
v -0.277425 0.459067 -0.023291
v -0.273200 0.456511 -0.044673
v -0.062103 0.136232 0.138676
v -0.105687 0.174791 -0.061834
v -0.108025 0.193447 -0.068230
v -0.034471 0.191446 -0.086850
v -0.053340 0.187527 -0.085975
v -0.137748 0.161998 0.048601
v -0.136809 0.179599 0.046176
v -0.096751 0.155108 0.104722
v -0.096268 0.174998 0.101897
v -0.129615 0.141356 0.073146
v -0.076742 0.143886 -0.071537
v -0.094830 0.141573 -0.063781
v -0.090409 0.160121 -0.066850
v -0.073074 0.163168 -0.075369
v -0.016659 0.194183 -0.082631
v -0.016691 0.173013 -0.075412
v -0.143799 0.198966 0.020723
v -0.144073 0.200155 -0.005705
v -0.125612 0.205664 -0.052102
v -0.110432 0.211487 -0.069561
v -0.093674 0.218432 -0.081803
v -0.075679 0.225611 -0.090097
v -0.080382 0.195428 0.115284
v -0.061900 0.214339 0.122906
v -0.136727 0.197889 0.046058
v -0.020288 0.196789 0.141249
v -0.060946 0.255381 -0.101629
v -0.038783 0.258811 -0.104576
v -0.137647 0.202175 -0.030255
v -0.030126 0.350658 0.112479
v -0.046957 0.353348 0.110461
v -0.046602 0.338691 0.121895
v -0.029740 0.335289 0.122914
v -0.062498 0.340611 0.120265
v -0.077730 0.341670 0.117228
v -0.091608 0.341733 0.112819
v -0.123961 0.336882 0.095159
v -0.114635 0.339037 0.101561
v -0.138524 0.329005 0.081110
v -0.131723 0.333889 0.088352
v -0.144699 0.319207 0.072642
v -0.149353 0.307731 0.061447
v -0.153855 0.309972 0.038564
v -0.152630 0.296560 0.046902
v -0.147547 0.294669 0.070812
v -0.143533 0.306670 0.082030
v -0.137438 0.315976 0.090828
v -0.015201 0.273762 0.136684
v -0.013369 0.296452 0.136920
v -0.011053 0.422824 0.064195
v -0.479169 0.400386 -0.068717
v -0.597815 0.430277 -0.012506
v -0.014288 0.442905 -0.086645
v -0.029762 0.447565 -0.087003
v -0.080876 0.464763 -0.073432
v -0.093330 0.474641 -0.056955
v -0.062410 0.453897 -0.083284
v -0.045904 0.444329 -0.088441
v -0.122194 0.214244 0.067597
v -0.032577 0.413896 -0.096596
v -0.047743 0.433711 -0.092782
v -0.065578 0.443869 -0.089179
v -0.084777 0.455420 -0.079769
v -0.103934 0.467395 -0.063284
v -0.118004 0.467377 -0.057437
v -0.137939 0.454529 -0.063578
v -0.146687 0.455175 -0.058497
v -0.156309 0.456486 -0.053868
v -0.157401 0.468524 -0.039500
v -0.146913 0.467399 -0.044035
v -0.240009 0.457276 -0.051098
v -0.254481 0.451475 -0.056134
v -0.263360 0.442535 -0.063688
v -0.268072 0.431342 -0.070217
v -0.267590 0.418700 -0.074597
v -0.262279 0.406304 -0.076017
v -0.251427 0.395385 -0.074869
v -0.212755 0.375360 -0.065994
v -0.198452 0.367730 -0.062499
v -0.166757 0.332860 -0.061560
v -0.159705 0.325198 -0.063788
v -0.141855 0.297900 -0.073325
v -0.132666 0.283628 -0.077821
v -0.121450 0.268225 -0.082234
v -0.102086 0.051980 -0.079484
v -0.121587 0.053565 -0.068986
v -0.115155 0.070000 -0.063684
v -0.096090 0.068912 -0.073393
v -0.045762 0.105230 -0.070138
v -0.023826 0.105506 -0.068468
v -0.159290 0.069885 -0.010169
v -0.164625 0.067766 0.015391
v -0.132623 0.071003 -0.050119
v -0.147742 0.070765 -0.032106
v -0.162882 0.064206 0.041506
v -0.106589 0.039108 0.122893
v -0.087276 0.033647 0.138229
v -0.046300 0.025733 0.159751
v -0.025349 0.023786 0.164890
v -0.155396 0.058253 0.065644
v -0.066986 0.029016 0.150863
v -0.142612 0.051247 0.086931
v -0.125493 0.044799 0.105602
v -0.066106 0.105119 -0.068592
v -0.071067 0.085706 -0.073325
v -0.090069 0.086246 -0.068073
v -0.038539 0.323964 -0.114964
v -0.057715 0.326982 -0.115336
v -0.077501 0.331487 -0.114468
v -0.090774 0.355505 -0.112531
v -0.094776 0.338554 -0.111085
v -0.110796 0.346539 -0.105126
v -0.106325 0.363390 -0.106978
v -0.134053 0.377775 -0.091559
v -0.136569 0.363969 -0.089294
v -0.146433 0.370685 -0.084655
v -0.144689 0.383612 -0.087220
v -0.156450 0.376168 -0.082008
v -0.166444 0.380851 -0.078491
v -0.178204 0.386442 -0.074729
v -0.191582 0.392334 -0.073933
v -0.185410 0.415340 -0.075578
v -0.173770 0.410344 -0.077703
v -0.132750 0.392923 -0.092057
v -0.118557 0.387263 -0.099099
v -0.036329 0.356209 -0.108899
v -0.018364 0.352326 -0.105013
v -0.155751 0.291431 0.027152
v -0.158646 0.287906 0.006226
v -0.160372 0.287072 -0.012843
v -0.159766 0.288876 -0.029745
v -0.157527 0.293472 -0.044849
v -0.153356 0.299969 -0.058164
v -0.153717 0.317082 -0.066693
v -0.148121 0.308125 -0.069652
v -0.149151 0.326807 -0.074874
v -0.142516 0.318020 -0.079308
v -0.136408 0.328845 -0.087085
v -0.129962 0.341074 -0.093125
v -0.124566 0.355697 -0.097313
v -0.120458 0.371120 -0.099445
v -0.103661 0.380791 -0.106228
v -0.088468 0.373334 -0.111146
v -0.069713 0.384104 -0.110592
v -0.068696 0.400968 -0.106001
v -0.071637 0.366790 -0.113693
v -0.073711 0.349380 -0.115394
v -0.067399 0.484184 -0.058117
v -0.052318 0.477546 -0.069870
v -0.240047 0.406735 -0.076394
v -0.238522 0.400240 -0.075728
v -0.243898 0.398997 -0.075688
v -0.249912 0.407553 -0.076355
v -0.252857 0.417978 -0.075431
v -0.239220 0.425188 -0.074087
v -0.240869 0.415890 -0.076051
v -0.252373 0.428607 -0.072484
v -0.248263 0.438388 -0.067983
v -0.235829 0.434119 -0.070764
v -0.241694 0.446336 -0.063059
v -0.231473 0.441664 -0.066915
v -0.232269 0.451238 -0.059177
v -0.227455 0.446320 -0.063455
v -0.194714 0.441409 -0.066134
v -0.206805 0.444144 -0.065061
v -0.218885 0.445623 -0.064105
v -0.205210 0.398709 -0.074809
v -0.217747 0.406178 -0.075696
v -0.229393 0.411952 -0.076203
v -0.227191 0.421062 -0.075071
v -0.215141 0.415388 -0.075271
v -0.202626 0.408764 -0.075417
v -0.036772 0.339871 -0.112780
v -0.054765 0.344371 -0.115721
v -0.155189 0.388556 -0.084070
v -0.165004 0.392609 -0.080881
v -0.175674 0.396605 -0.077059
v -0.188586 0.402879 -0.075463
v -0.163791 0.405673 -0.080778
v -0.154112 0.401841 -0.084299
v -0.143646 0.397706 -0.087745
v -0.053918 0.361121 -0.112588
v -0.018990 0.336529 -0.109799
v -0.163665 0.434467 0.038022
v -0.162225 0.458599 0.026060
v -0.162444 0.474125 0.005562
v -0.160443 0.476877 -0.018587
v -0.401540 0.373628 -0.033978
v -0.017977 0.152260 -0.070869
v -0.020591 0.130157 -0.067602
v -0.041152 0.128057 -0.071142
v -0.018934 0.259840 -0.104864
v -0.019607 0.321640 -0.114017
v -0.102301 0.313466 0.129285
v -0.090497 0.314542 0.134252
v -0.090941 0.327986 0.124378
v -0.102854 0.327090 0.119292
v -0.121363 0.310631 0.116064
v -0.112620 0.312262 0.123277
v -0.113394 0.325571 0.113098
v -0.122382 0.323640 0.106420
v -0.129033 0.307822 0.108382
v -0.130297 0.320959 0.098832
v -0.111366 0.297700 0.130509
v -0.101145 0.298909 0.136877
v -0.089382 0.300225 0.141445
v -0.127143 0.294749 0.115331
v -0.120070 0.296480 0.123094
v -0.005665 0.525475 0.087013
v -0.006416 0.530028 0.102223
v -0.002198 0.570727 0.116658
v -0.001910 0.574925 0.114796
v -0.007578 0.446091 0.050304
v -0.006636 0.456489 0.046876
v -0.013423 0.315172 0.131814
v -0.013799 0.346704 0.114332
v -0.014967 0.358420 0.102395
v -0.015035 0.373617 0.092486
v -0.009555 0.435776 0.056637
v -0.013540 0.331324 0.123891
v -0.171802 -0.110061 -0.051269
v -0.152409 -0.125935 -0.070525
v -0.158736 -0.101760 -0.066947
v -0.143893 -0.113565 -0.080320
v -0.169362 -0.034361 -0.042579
v -0.168921 -0.059940 -0.049045
v -0.169041 -0.007628 -0.039227
v -0.122794 -0.120554 -0.093079
v -0.096202 -0.122587 -0.102559
v -0.093516 -0.104683 -0.108221
v -0.153570 -0.010427 -0.062612
v -0.153621 -0.036089 -0.065429
v -0.149744 -0.097548 -0.075056
v -0.166391 -0.083057 -0.057104
v -0.151956 -0.083155 -0.072856
v -0.119168 -0.104789 -0.097890
v -0.138012 -0.101849 -0.085303
v -0.059635 0.049247 -0.089198
v -0.035501 0.031472 -0.098339
v -0.063840 0.030346 -0.097056
v -0.139984 0.055172 -0.053953
v -0.127385 0.034535 -0.074064
v -0.136624 -0.084942 -0.087202
v -0.116489 -0.085152 -0.100672
v -0.091283 -0.083837 -0.111823
v -0.091830 -0.012597 -0.107080
v -0.090798 -0.036351 -0.111837
v -0.114280 -0.038269 -0.100811
v -0.115099 -0.013314 -0.096774
v -0.132398 0.012173 -0.078848
v -0.135105 -0.012696 -0.082113
v -0.090591 0.010021 -0.100590
v -0.112689 0.010920 -0.091704
v -0.107700 0.032938 -0.085525
v -0.135499 -0.038332 -0.084833
v -0.060810 -0.058956 -0.119853
v -0.090227 -0.060917 -0.113452
v -0.030073 -0.056183 -0.118115
v -0.086914 0.031409 -0.093002
v -0.081549 0.050680 -0.085646
v -0.075875 0.068399 -0.079018
v -0.061740 0.126476 -0.070416
v -0.112773 -0.336352 0.094169
v 0.001364 -0.154897 0.032991
v -0.000017 -0.146054 0.005604
v -0.179812 -0.070023 0.066945
v -0.192406 -0.090847 -0.007863
v -0.181240 -0.086059 -0.035692
v -0.019921 -0.155900 0.101914
v -0.005204 -0.161202 0.078499
v -0.159809 -0.076991 0.093424
v -0.103311 -0.123456 0.128277
v 0.000233 -0.160528 0.056043
v -0.153500 -0.061425 -0.069181
v -0.135965 -0.063448 -0.086624
v -0.115198 -0.063069 -0.101546
v -0.061397 -0.081688 -0.117896
v -0.028858 -0.077129 -0.115987
v -0.018501 -0.096988 0.119287
v -0.015723 -0.090283 0.127713
v -0.007353 -0.091226 0.126931
v -0.006895 -0.101998 0.115586
v -0.106906 0.018303 0.123481
v -0.085668 0.012121 0.137566
v -0.042764 0.004521 0.157231
v -0.022479 0.002874 0.161755
v -0.160085 0.039785 0.067266
v -0.063872 0.007597 0.149247
v -0.146469 0.032192 0.088685
v -0.127658 0.024809 0.107179
v -0.071284 -0.762989 -0.028111
v -0.073401 -0.790387 -0.024354
v -0.073671 -0.788814 -0.040169
v -0.068479 -0.761193 -0.042622
v -0.084215 -0.756723 -0.071433
v -0.072625 -0.758837 -0.063171
v -0.098762 -0.756337 -0.073748
v -0.097276 -0.785130 -0.071854
v -0.108769 -0.786070 -0.065779
v -0.112105 -0.757571 -0.069371
v -0.120961 -0.758393 -0.060136
v -0.123731 -0.787471 -0.045973
v -0.127661 -0.787663 -0.028664
v -0.132099 -0.760661 -0.030789
v -0.127164 -0.759202 -0.048226
v -0.127873 -0.764777 -0.011182
v -0.123348 -0.790888 -0.009484
v -0.112741 -0.767412 -0.000081
v -0.077763 -0.765562 -0.013342
v -0.077413 -0.792052 -0.007909
v -0.083619 -0.785260 -0.070031
v -0.074112 -0.787151 -0.059949
v -0.067350 -0.760549 -0.053018
v -0.073532 -0.787931 -0.050149
v -0.073251 -0.816168 -0.034800
v -0.069166 -0.816334 -0.019345
v -0.082965 -0.812709 -0.070183
v -0.077376 -0.814181 -0.056854
v -0.106331 -0.813094 -0.063372
v -0.096236 -0.812239 -0.072717
v -0.124469 -0.814681 -0.044766
v -0.116785 -0.786723 -0.056662
v -0.115935 -0.813953 -0.054648
v -0.127195 -0.813821 -0.027433
v -0.122123 -0.815160 -0.005680
v -0.073479 -0.816674 -0.001668
v -0.076389 -0.815187 -0.046355
v -0.123593 -0.906969 0.145648
v -0.116735 -0.907758 0.147446
v -0.118118 -0.902569 0.146572
v -0.122518 -0.902776 0.145607
v -0.086886 -0.905484 0.156415
v -0.075472 -0.907963 0.154801
v -0.077277 -0.896872 0.157195
v -0.085448 -0.895704 0.158712
v -0.103984 -0.907235 0.155511
v -0.111771 -0.907382 0.154611
v -0.109291 -0.910888 0.151517
v -0.104354 -0.910471 0.152121
v -0.142815 -0.904131 0.117040
v -0.148115 -0.905201 0.114684
v -0.146442 -0.908215 0.112436
v -0.142707 -0.908654 0.114503
v -0.130526 -0.907238 0.134695
v -0.135960 -0.907896 0.131636
v -0.134077 -0.910994 0.129820
v -0.130475 -0.911435 0.131365
v -0.088297 -0.890268 0.136872
v -0.087943 -0.892318 0.150352
v -0.075298 -0.893652 0.148267
v -0.073778 -0.888060 0.134914
v -0.068513 -0.901977 0.144103
v -0.075455 -0.907570 0.141270
v -0.073378 -0.907023 0.127448
v -0.066866 -0.898532 0.129370
v -0.087673 -0.908675 0.142949
v -0.086845 -0.908207 0.130288
v -0.094826 -0.901198 0.134263
v -0.096683 -0.901653 0.148595
v -0.113211 -0.901587 0.135801
v -0.116271 -0.904968 0.147197
v -0.110918 -0.898555 0.148685
v -0.108634 -0.894051 0.136791
v -0.102856 -0.898648 0.149940
v -0.097698 -0.893916 0.138890
v -0.093466 -0.903555 0.137043
v -0.096450 -0.904870 0.150152
v -0.100749 -0.909928 0.145773
v -0.097770 -0.909012 0.133124
v -0.107003 -0.908942 0.132920
v -0.109982 -0.910368 0.144424
v -0.124313 -0.895288 0.129781
v -0.123672 -0.900660 0.140030
v -0.116388 -0.900673 0.141206
v -0.114456 -0.895581 0.132237
v -0.111439 -0.907772 0.141322
v -0.116433 -0.911128 0.138946
v -0.114456 -0.909411 0.128692
v -0.109994 -0.905064 0.131922
v -0.123830 -0.909004 0.127112
v -0.123573 -0.911701 0.137957
v -0.128664 -0.901650 0.129400
v -0.127956 -0.906305 0.139292
v -0.141546 -0.902095 0.115939
v -0.139569 -0.906982 0.125560
v -0.137095 -0.901417 0.127136
v -0.138764 -0.895783 0.117466
v -0.131570 -0.900343 0.129185
v -0.131367 -0.895799 0.121493
v -0.127111 -0.904269 0.129448
v -0.128649 -0.911070 0.126201
v -0.129433 -0.908993 0.118331
v -0.128071 -0.901507 0.123163
v -0.135332 -0.911599 0.124085
v -0.137023 -0.909138 0.114446
v -0.150926 -0.895534 0.101036
v -0.152306 -0.902113 0.097882
v -0.151110 -0.903597 0.107011
v -0.149383 -0.898242 0.108681
v -0.144464 -0.897601 0.112306
v -0.145024 -0.894566 0.106245
v -0.140442 -0.901760 0.111989
v -0.140714 -0.908640 0.109107
v -0.141503 -0.907620 0.103077
v -0.142203 -0.899991 0.106956
v -0.147272 -0.908825 0.106836
v -0.147704 -0.907154 0.098727
v -0.073059 -0.883932 0.121218
v -0.091393 -0.889143 0.123466
v -0.077873 -0.908070 0.150460
v -0.066190 -0.896244 0.115383
v -0.084680 -0.908802 0.151115
v -0.089557 -0.907760 0.118657
v -0.073305 -0.906075 0.113335
v -0.092792 -0.901084 0.128305
v -0.110499 -0.902055 0.154390
v -0.109944 -0.902516 0.126507
v -0.108532 -0.908657 0.117260
v -0.105900 -0.901922 0.155003
v -0.109169 -0.890477 0.121698
v -0.125679 -0.891723 0.112661
v -0.118261 -0.911156 0.144370
v -0.122016 -0.911435 0.143566
v -0.126199 -0.908769 0.110308
v -0.128854 -0.900557 0.120958
v -0.135639 -0.904112 0.132303
v -0.142958 -0.900141 0.107381
v -0.139765 -0.908368 0.099559
v -0.132440 -0.902988 0.133181
v -0.140855 -0.891146 0.101564
v -0.147227 -0.901530 0.113905
v -0.153775 -0.899770 0.086255
v -0.148675 -0.907501 0.088808
v -0.144672 -0.900653 0.115889
v -0.151701 -0.891789 0.090865
v -0.086495 -0.768016 -0.001190
v -0.085806 -0.793312 0.003531
v -0.098144 -0.769422 0.003197
v -0.109723 -0.793321 0.002076
v -0.096799 -0.794881 0.006418
v -0.083796 -0.816783 0.011181
v -0.108516 -0.817751 0.008041
v -0.096044 -0.817788 0.013329
v -0.126647 -0.834842 -0.047036
v -0.130722 -0.834946 -0.028506
v -0.115985 -0.834102 -0.056630
v -0.096468 -0.832955 -0.076316
v -0.107203 -0.833242 -0.066941
v -0.081874 -0.835333 0.021053
v -0.072518 -0.837204 0.004044
v -0.095430 -0.834997 0.025718
v -0.110860 -0.835288 0.018877
v -0.068233 -0.878864 0.105157
v -0.068611 -0.877568 0.084582
v -0.083373 -0.868221 0.088272
v -0.086934 -0.877699 0.106543
v -0.102031 -0.869394 0.084255
v -0.104760 -0.880924 0.102731
v -0.118504 -0.872674 0.076728
v -0.121453 -0.882561 0.095316
v -0.133449 -0.876437 0.067826
v -0.136891 -0.884471 0.085581
v -0.146199 -0.883449 0.058728
v -0.149982 -0.887703 0.076653
v -0.153743 -0.893300 0.053766
v -0.156117 -0.897035 0.071916
v -0.062319 -0.894650 0.099118
v -0.064167 -0.892357 0.079499
v -0.071318 -0.906388 0.095868
v -0.073097 -0.905627 0.076288
v -0.087883 -0.907425 0.094895
v -0.088349 -0.906547 0.074462
v -0.148400 -0.905645 0.055079
v -0.149300 -0.908096 0.073727
v -0.106060 -0.908078 0.091041
v -0.105810 -0.906266 0.070367
v -0.122893 -0.909568 0.085197
v -0.122226 -0.907611 0.064652
v -0.137244 -0.910145 0.078890
v -0.136474 -0.908386 0.059094
v -0.080013 -0.861332 0.065067
v -0.099202 -0.856643 0.064395
v -0.115586 -0.860618 0.055873
v -0.129495 -0.867650 0.045845
v -0.141187 -0.878123 0.036553
v -0.149322 -0.888487 0.032271
v -0.129434 -0.856111 0.018597
v -0.136262 -0.875083 0.011336
v -0.142399 -0.886703 0.009414
v -0.133560 -0.872520 -0.014121
v -0.136948 -0.885193 -0.013864
v -0.125859 -0.871461 -0.054986
v -0.130530 -0.885677 -0.056058
v -0.133540 -0.884156 -0.037027
v -0.129545 -0.871105 -0.037270
v -0.129394 -0.855180 -0.009168
v -0.127818 -0.853147 -0.033295
v -0.122923 -0.852560 -0.050591
v -0.116277 -0.885876 -0.079080
v -0.125728 -0.886129 -0.069222
v -0.121515 -0.871555 -0.067645
v -0.114084 -0.870509 -0.078820
v -0.098850 -0.870986 -0.086555
v -0.100278 -0.886792 -0.083472
v -0.082832 -0.873005 -0.077025
v -0.083861 -0.888391 -0.076226
v -0.109792 -0.851490 -0.072559
v -0.116763 -0.852390 -0.062293
v -0.097813 -0.851125 -0.080859
v -0.083527 -0.853003 -0.072979
v -0.079964 -0.854537 -0.056464
v -0.078451 -0.874863 -0.058830
v -0.076621 -0.889456 -0.059314
v -0.070084 -0.876013 0.060558
v -0.070032 -0.888616 0.056266
v -0.114183 -0.847499 0.035951
v -0.096271 -0.845408 0.043819
v -0.078289 -0.851898 0.037128
v -0.069931 -0.873154 0.034247
v -0.073988 -0.886898 0.030245
v -0.075918 -0.886393 0.006625
v -0.070292 -0.874022 0.009035
v -0.077361 -0.899008 0.052979
v -0.081702 -0.893948 0.027713
v -0.082814 -0.893022 0.004590
v -0.075064 -0.887279 -0.014123
v -0.071201 -0.874521 -0.012584
v -0.075307 -0.887861 -0.030760
v -0.074300 -0.874004 -0.029555
v -0.076437 -0.874269 -0.043436
v -0.075346 -0.888684 -0.044553
v -0.074153 -0.855010 -0.029925
v -0.076953 -0.854139 -0.042396
v -0.071192 -0.856595 -0.012770
v -0.071110 -0.855489 0.009643
v -0.145491 -0.901165 0.033165
v -0.140572 -0.897394 0.010394
v -0.134918 -0.894760 -0.012601
v -0.130909 -0.895094 -0.035481
v -0.125818 -0.896532 -0.053283
v -0.120469 -0.896881 -0.064438
v -0.099851 -0.895831 -0.075872
v -0.112698 -0.896240 -0.072956
v -0.088045 -0.896898 -0.070830
v -0.082213 -0.898610 -0.057308
v -0.080787 -0.899275 -0.044714
v -0.081495 -0.895550 -0.015951
v -0.080535 -0.898295 -0.031761
v -0.068116 -0.838046 -0.015804
v -0.070972 -0.837274 -0.032979
v -0.075757 -0.836225 -0.044843
v -0.083257 -0.833796 -0.070900
v -0.078891 -0.834883 -0.055779
v -0.090314 -0.903036 0.050366
v -0.106699 -0.903089 0.046365
v -0.122141 -0.904225 0.041082
v -0.135127 -0.904629 0.036390
v -0.132373 -0.901364 0.012984
v -0.120731 -0.901472 0.016352
v -0.106199 -0.901092 0.020582
v -0.092069 -0.898310 0.024956
v -0.127256 -0.899635 -0.009782
v -0.116989 -0.900672 -0.006418
v -0.103988 -0.900630 -0.003301
v -0.091928 -0.898333 0.001514
v -0.089790 -0.900835 -0.019131
v -0.100279 -0.901781 -0.024375
v -0.111759 -0.901293 -0.027330
v -0.121617 -0.899749 -0.031599
v -0.117006 -0.899970 -0.048157
v -0.107710 -0.901034 -0.043356
v -0.097328 -0.901799 -0.039989
v -0.088741 -0.901618 -0.035359
v -0.112957 -0.899817 -0.057721
v -0.100172 -0.899307 -0.068186
v -0.107666 -0.899390 -0.064859
v -0.092323 -0.900319 -0.065667
v -0.089116 -0.901182 -0.056101
v -0.088477 -0.901710 -0.046192
v -0.096244 -0.901396 -0.049025
v -0.095668 -0.900898 -0.056236
v -0.105407 -0.900626 -0.052483
v -0.102810 -0.900098 -0.058904
v -0.096082 -0.900291 -0.061879
v -0.099688 -0.899915 -0.063092
v -0.123237 -0.837486 -0.000211
v -0.093749 -0.498560 0.038027
v -0.079054 -0.496556 0.035440
v -0.110259 -0.496721 0.038165
v -0.132867 -0.085399 0.112996
v -0.080493 0.136397 0.123979
v -0.080585 0.175388 0.117949
v -0.079976 0.155461 0.121006
v -0.134831 -0.116502 0.117662
v -0.124891 0.195954 0.067539
v -0.103820 0.340861 0.107465
v -0.077786 0.624460 0.011153
v -0.075602 0.621782 0.010125
v -0.074308 0.618808 0.008413
v -0.073585 0.616705 0.005461
v -0.072872 0.614990 0.002436
v -0.071562 0.614489 -0.000495
v -0.075948 0.619716 0.005934
v -0.073710 0.622214 0.003268
v -0.074267 0.623260 0.005187
v -0.076501 0.621842 0.007465
s 1
f 2 3 1
f 1 3 4
f 3 2 5
f 5 2 6
f 3 7 4
f 4 7 8
f 10 11 9
f 9 11 12
f 14 15 13
f 13 15 16
f 18 19 17
f 17 19 20
f 22 23 21
f 21 23 24
f 26 18 25
f 25 18 17
f 27 28 17
f 17 28 25
f 30 31 29
f 29 31 32
f 34 35 33
f 33 35 36
f 21 24 37
f 37 24 38
f 40 31 39
f 39 31 38
f 34 33 28
f 28 33 25
f 41 42 44
f 44 42 43
f 36 45 33
f 33 45 25
f 46 47 49
f 49 47 48
f 51 52 50
f 50 52 53
f 55 53 54
f 54 53 52
f 57 58 56
f 56 58 59
f 61 62 60
f 60 62 63
f 65 66 64
f 64 66 67
f 69 70 68
f 68 70 71
f 65 73 72
f 72 73 74
f 64 75 65
f 65 75 73
f 77 78 76
f 76 78 79
f 80 81 83
f 83 81 82
f 81 85 84
f 84 85 86
f 88 89 87
f 87 89 69
f 88 87 90
f 90 87 91
f 93 94 92
f 92 94 95
f 96 84 43
f 43 84 44
f 51 98 97
f 97 98 86
f 97 99 51
f 51 99 52
f 54 52 100
f 100 52 99
f 58 101 59
f 59 101 102
f 62 103 63
f 63 103 104
f 105 106 6
f 6 106 5
f 108 109 107
f 107 109 110
f 112 113 111
f 111 113 114
f 116 117 115
f 115 117 118
f 120 121 119
f 119 121 122
f 124 125 123
f 123 125 126
f 128 129 127
f 127 129 130
f 130 131 127
f 127 131 132
f 134 1 133
f 133 1 135
f 1 4 135
f 135 4 136
f 4 8 136
f 136 8 137
f 138 139 15
f 15 139 140
f 140 139 141
f 141 139 142
f 144 57 143
f 143 57 56
f 145 146 141
f 141 146 147
f 146 149 148
f 148 149 150
f 152 153 151
f 151 153 154
f 141 147 140
f 140 147 155
f 157 11 156
f 156 11 158
f 160 161 159
f 159 161 162
f 164 165 163
f 163 165 166
f 165 160 166
f 166 160 159
f 168 169 167
f 167 169 170
f 169 171 170
f 170 171 172
f 149 173 150
f 150 173 174
f 175 176 149
f 149 176 173
f 178 172 177
f 177 172 171
f 180 181 179
f 179 181 182
f 184 180 183
f 183 180 179
f 186 187 185
f 185 187 188
f 190 191 189
f 189 191 192
f 7 193 8
f 8 193 194
f 196 162 195
f 195 162 161
f 197 168 198
f 198 168 167
f 181 199 182
f 182 199 200
f 202 203 201
f 201 203 204
f 187 186 205
f 205 186 206
f 208 209 207
f 207 209 210
f 212 213 211
f 211 213 214
f 215 216 218
f 218 216 217
f 220 209 219
f 219 209 208
f 204 186 221
f 221 186 185
f 201 204 222
f 222 204 221
f 223 211 220
f 220 211 209
f 224 225 214
f 214 225 210
f 203 206 204
f 204 206 186
f 227 187 226
f 226 187 205
f 27 228 21
f 21 228 22
f 230 231 229
f 229 231 232
f 234 235 233
f 233 235 236
f 238 239 237
f 237 239 240
f 119 122 118
f 118 122 115
f 112 242 241
f 241 242 243
f 98 51 244
f 244 51 50
f 245 138 14
f 14 138 15
f 11 10 158
f 158 10 246
f 89 85 69
f 69 85 70
f 11 157 12
f 12 157 247
f 249 164 248
f 248 164 163
f 177 250 178
f 178 250 251
f 253 254 252
f 252 254 255
f 187 227 188
f 188 227 256
f 212 257 213
f 213 257 258
f 260 134 259
f 259 134 133
f 165 164 135
f 135 164 133
f 160 165 136
f 136 165 135
f 136 137 160
f 160 137 161
f 137 261 161
f 161 261 195
f 263 264 262
f 262 264 265
f 13 16 266
f 266 16 267
f 268 267 155
f 155 267 16
f 147 269 155
f 155 269 268
f 162 196 167
f 167 196 198
f 167 170 162
f 162 170 159
f 170 172 159
f 159 172 166
f 172 178 166
f 166 178 163
f 178 251 163
f 163 251 248
f 168 270 169
f 169 270 271
f 272 273 171
f 171 273 177
f 271 272 169
f 169 272 171
f 168 197 270
f 270 197 274
f 250 177 275
f 275 177 273
f 277 45 276
f 276 45 278
f 280 281 279
f 279 281 282
f 284 104 283
f 283 104 103
f 285 215 286
f 286 215 218
f 288 289 287
f 287 289 290
f 291 80 66
f 66 80 83
f 293 294 292
f 292 294 295
f 73 91 74
f 74 91 87
f 91 73 92
f 92 73 75
f 279 77 280
f 280 77 76
f 80 291 70
f 70 291 71
f 277 47 96
f 96 47 82
f 297 175 296
f 296 175 149
f 299 154 298
f 298 154 153
f 225 300 210
f 210 300 207
f 224 301 206
f 206 301 205
f 210 209 214
f 214 209 211
f 226 205 302
f 302 205 301
f 304 305 303
f 303 305 306
f 308 309 307
f 307 309 310
f 72 291 65
f 65 291 66
f 66 83 67
f 67 83 46
f 312 313 311
f 311 313 314
f 316 317 315
f 315 317 36
f 29 318 35
f 35 318 319
f 321 32 320
f 320 32 322
f 311 314 323
f 323 314 324
f 315 325 316
f 316 325 326
f 318 287 319
f 319 287 290
f 328 321 327
f 327 321 320
f 329 330 39
f 39 330 331
f 332 333 40
f 40 333 322
f 309 334 285
f 285 334 335
f 236 2 134
f 134 2 1
f 260 336 233
f 233 336 337
f 237 14 265
f 265 14 13
f 84 86 44
f 44 86 98
f 189 192 7
f 7 192 193
f 44 98 41
f 41 98 244
f 237 240 14
f 14 240 245
f 7 3 189
f 189 3 5
f 338 71 72
f 72 71 291
f 262 265 266
f 266 265 13
f 124 123 339
f 339 123 105
f 123 109 105
f 105 109 106
f 189 5 190
f 190 5 106
f 111 114 12
f 12 114 9
f 264 340 265
f 265 340 237
f 342 343 341
f 341 343 344
f 6 235 105
f 105 235 339
f 234 346 345
f 345 346 347
f 349 350 348
f 348 350 351
f 107 352 108
f 108 352 353
f 355 356 354
f 354 356 357
f 237 340 238
f 238 340 358
f 12 247 111
f 111 247 359
f 264 263 116
f 116 263 360
f 361 362 222
f 222 362 201
f 364 365 363
f 363 365 366
f 368 369 367
f 367 369 370
f 372 373 371
f 371 373 374
f 375 376 372
f 372 376 377
f 378 379 381
f 381 379 380
f 382 383 269
f 269 383 268
f 150 174 365
f 365 174 384
f 380 377 381
f 381 377 376
f 271 270 180
f 180 270 181
f 273 272 252
f 252 272 184
f 272 271 184
f 184 271 180
f 181 270 274
f 252 255 273
f 273 255 275
f 254 385 255
f 255 385 386
f 387 388 179
f 179 388 183
f 389 387 182
f 182 387 179
f 182 200 389
f 389 200 390
f 388 391 183
f 183 391 253
f 391 392 253
f 253 392 254
f 394 379 393
f 393 379 378
f 185 188 395
f 395 188 396
f 221 185 397
f 397 185 395
f 222 221 398
f 398 221 397
f 188 256 396
f 396 256 399
f 400 401 256
f 256 401 399
f 402 403 405
f 405 403 404
f 148 150 364
f 364 150 365
f 393 406 394
f 394 406 407
f 158 246 393
f 393 246 406
f 342 19 238
f 238 19 239
f 23 22 350
f 350 22 354
f 244 50 245
f 245 50 138
f 55 142 53
f 53 142 139
f 145 144 296
f 296 144 143
f 355 228 341
f 341 228 20
f 41 240 42
f 42 240 239
f 283 308 284
f 284 308 307
f 349 409 408
f 408 409 410
f 244 245 41
f 41 245 240
f 268 383 406
f 406 383 407
f 346 411 349
f 349 411 409
f 251 412 248
f 248 412 413
f 275 414 250
f 250 414 415
f 25 45 26
f 26 45 277
f 43 26 96
f 96 26 277
f 416 417 61
f 61 417 62
f 329 24 408
f 408 24 23
f 31 40 32
f 32 40 322
f 39 38 329
f 329 38 24
f 37 38 30
f 30 38 31
f 418 419 421
f 421 419 420
f 78 295 79
f 79 295 294
f 124 339 422
f 422 339 345
f 232 131 357
f 357 131 351
f 2 236 6
f 6 236 235
f 252 184 253
f 253 184 183
f 227 423 256
f 256 423 400
f 423 227 305
f 305 227 226
f 424 258 425
f 425 258 257
f 426 427 212
f 212 427 257
f 259 133 249
f 249 133 164
f 419 418 428
f 428 418 429
f 327 430 328
f 328 430 288
f 49 431 46
f 46 431 67
f 306 302 424
f 424 302 258
f 313 432 314
f 314 432 433
f 32 321 29
f 29 321 318
f 324 314 433
f 287 318 328
f 328 318 321
f 134 260 236
f 236 260 233
f 345 339 234
f 234 339 235
f 357 351 354
f 354 351 350
f 408 23 349
f 349 23 350
f 317 278 36
f 36 278 45
f 432 313 429
f 429 313 428
f 435 428 434
f 434 428 313
f 42 239 18
f 18 239 19
f 43 42 26
f 26 42 18
f 121 120 436
f 436 120 437
f 302 301 258
f 258 301 213
f 110 109 126
f 126 109 123
f 238 358 342
f 342 358 343
f 341 20 342
f 342 20 19
f 322 438 320
f 320 438 439
f 320 439 327
f 327 439 430
f 333 440 322
f 322 440 438
f 289 288 323
f 323 288 430
f 115 340 116
f 116 340 264
f 146 145 149
f 149 145 296
f 15 140 16
f 16 140 155
f 441 442 152
f 152 442 153
f 225 224 203
f 203 224 206
f 175 297 154
f 154 297 151
f 293 443 294
f 294 443 444
f 248 413 249
f 249 413 445
f 446 447 400
f 400 447 401
f 388 387 396
f 396 387 395
f 387 389 395
f 395 389 397
f 391 388 399
f 399 388 396
f 401 392 399
f 399 392 391
f 255 386 275
f 275 386 414
f 449 450 448
f 448 450 451
f 335 452 285
f 285 452 215
f 453 298 442
f 442 298 153
f 211 223 212
f 212 223 426
f 425 257 454
f 454 257 427
f 266 10 262
f 262 10 9
f 360 113 456
f 456 113 455
f 8 194 137
f 137 194 261
f 10 266 246
f 246 266 267
f 203 202 225
f 225 202 300
f 262 9 263
f 263 9 114
f 108 353 190
f 190 353 191
f 389 390 397
f 397 390 398
f 457 422 128
f 128 422 129
f 156 158 378
f 378 158 393
f 347 346 348
f 348 346 349
f 447 458 401
f 401 458 392
f 364 382 148
f 148 382 269
f 55 54 57
f 57 54 58
f 75 64 459
f 459 64 460
f 100 90 101
f 101 90 95
f 101 58 100
f 100 58 54
f 142 55 144
f 144 55 57
f 147 146 269
f 269 146 148
f 459 93 75
f 75 93 92
f 144 145 142
f 142 145 141
f 228 27 20
f 20 27 17
f 154 299 175
f 175 299 176
f 214 213 224
f 224 213 301
f 424 461 306
f 306 461 303
f 285 286 309
f 309 286 310
f 462 334 308
f 308 334 309
f 302 306 226
f 226 306 305
f 37 28 21
f 21 28 27
f 29 35 30
f 30 35 34
f 30 34 37
f 37 34 28
f 344 436 356
f 356 436 229
f 325 290 326
f 326 290 289
f 311 439 312
f 312 439 438
f 35 319 36
f 36 319 315
f 439 311 430
f 430 311 323
f 315 319 325
f 325 319 290
f 440 463 438
f 438 463 312
f 341 344 355
f 355 344 356
f 360 456 116
f 116 456 117
f 354 22 355
f 355 22 228
f 326 289 324
f 324 289 323
f 74 87 68
f 68 87 69
f 50 53 138
f 138 53 139
f 268 406 267
f 267 406 246
f 190 106 108
f 108 106 109
f 241 455 112
f 112 455 113
f 358 122 343
f 343 122 121
f 129 347 130
f 130 347 348
f 348 351 130
f 130 351 131
f 229 232 356
f 356 232 357
f 340 115 358
f 358 115 122
f 111 359 112
f 112 359 242
f 125 124 457
f 457 124 422
f 231 132 232
f 232 132 131
f 343 121 344
f 344 121 436
f 263 114 360
f 360 114 113
f 347 129 345
f 345 129 422
f 230 229 437
f 437 229 436
f 464 446 423
f 423 446 400
f 465 466 468
f 468 466 467
f 470 471 469
f 469 471 472
f 469 472 373
f 373 472 374
f 474 469 473
f 473 469 373
f 471 475 472
f 472 475 476
f 472 477 374
f 374 477 478
f 477 472 476
f 479 480 476
f 476 480 477
f 473 373 377
f 377 373 372
f 481 482 479
f 479 482 480
f 483 484 481
f 481 484 482
f 403 402 485
f 485 402 486
f 487 488 483
f 483 488 484
f 487 489 488
f 488 489 490
f 489 491 490
f 490 491 492
f 491 493 492
f 492 493 494
f 493 495 494
f 494 495 496
f 497 498 481
f 481 498 483
f 484 499 482
f 482 499 367
f 370 480 367
f 367 480 482
f 480 370 477
f 477 370 478
f 500 497 479
f 479 497 481
f 451 473 380
f 380 473 377
f 448 451 379
f 379 451 380
f 501 502 504
f 504 502 503
f 449 505 507
f 507 505 506
f 486 508 505
f 505 508 506
f 508 509 506
f 506 509 510
f 511 507 510
f 510 507 506
f 509 508 512
f 512 508 513
f 515 509 514
f 514 509 512
f 509 515 510
f 510 515 516
f 510 516 511
f 511 516 517
f 486 505 485
f 485 505 518
f 505 449 518
f 518 449 448
f 383 382 403
f 403 382 404
f 363 404 364
f 364 404 382
f 403 485 383
f 383 485 407
f 519 520 361
f 361 520 362
f 522 496 521
f 521 496 495
f 450 474 451
f 451 474 473
f 363 366 523
f 523 366 524
f 525 499 488
f 488 499 484
f 488 490 525
f 525 490 526
f 496 522 520
f 520 522 527
f 494 496 519
f 519 496 520
f 492 494 528
f 528 494 519
f 529 530 495
f 495 530 521
f 490 492 526
f 526 492 528
f 529 495 531
f 531 495 493
f 533 534 532
f 532 534 535
f 523 524 533
f 533 524 534
f 486 402 532
f 532 402 533
f 529 536 530
f 530 536 537
f 536 538 537
f 537 538 539
f 540 541 539
f 539 541 537
f 530 537 535
f 535 537 541
f 542 539 543
f 543 539 538
f 539 542 540
f 540 542 544
f 541 540 513
f 513 540 512
f 540 544 512
f 512 544 514
f 546 547 545
f 545 547 548
f 549 550 531
f 531 550 551
f 550 549 552
f 552 549 553
f 546 550 554
f 554 550 552
f 547 546 555
f 555 546 554
f 498 556 558
f 558 556 557
f 559 557 560
f 560 557 556
f 561 562 560
f 560 562 559
f 557 559 552
f 552 559 554
f 559 562 554
f 554 562 555
f 558 557 553
f 553 557 552
f 475 471 563
f 563 471 564
f 565 563 567
f 567 563 566
f 471 470 564
f 564 470 466
f 564 466 568
f 568 466 465
f 568 465 569
f 569 465 570
f 572 573 571
f 571 573 574
f 569 575 567
f 567 575 576
f 577 565 576
f 576 565 567
f 578 579 581
f 581 579 580
f 575 561 576
f 576 561 560
f 556 577 560
f 560 577 576
f 577 556 497
f 497 556 498
f 565 577 500
f 500 577 497
f 563 565 475
f 475 565 500
f 553 489 558
f 558 489 487
f 531 493 549
f 549 493 491
f 489 553 491
f 491 553 549
f 394 407 518
f 518 407 485
f 518 448 394
f 394 448 379
f 545 548 538
f 538 548 543
f 551 545 536
f 536 545 538
f 536 529 551
f 551 529 531
f 507 582 449
f 449 582 450
f 511 583 507
f 507 583 582
f 511 517 583
f 583 517 584
f 585 586 588
f 588 586 587
f 590 591 589
f 589 591 592
f 591 590 593
f 593 590 594
f 596 597 595
f 595 597 598
f 599 600 602
f 602 600 601
f 604 605 603
f 603 605 606
f 608 609 607
f 607 609 610
f 612 613 611
f 611 613 614
f 615 616 618
f 618 616 617
f 620 621 619
f 619 621 622
f 624 625 623
f 623 625 626
f 628 629 627
f 627 629 630
f 632 633 631
f 631 633 634
f 635 636 638
f 638 636 637
f 639 640 642
f 642 640 641
f 644 645 643
f 643 645 646
f 619 622 647
f 647 622 648
f 650 651 649
f 649 651 652
f 601 653 602
f 602 653 654
f 656 657 655
f 655 657 658
f 660 661 659
f 659 661 662
f 664 665 663
f 663 665 666
f 593 594 667
f 667 594 668
f 669 670 672
f 672 670 671
f 673 674 676
f 676 674 675
f 633 632 677
f 677 632 678
f 663 666 679
f 679 666 680
f 681 682 684
f 684 682 683
f 686 687 685
f 685 687 688
f 690 661 689
f 689 661 691
f 693 686 692
f 692 686 685
f 695 597 694
f 694 597 668
f 594 696 668
f 668 696 694
f 697 698 696
f 696 698 699
f 700 701 697
f 697 701 698
f 702 585 703
f 703 585 588
f 671 690 672
f 672 690 689
f 640 639 704
f 704 639 705
f 679 706 663
f 663 706 658
f 708 709 707
f 707 709 710
f 711 712 610
f 610 712 607
f 713 714 716
f 716 714 715
f 717 718 720
f 720 718 719
f 722 634 721
f 721 634 633
f 724 725 723
f 723 725 726
f 728 729 727
f 727 729 730
f 732 733 731
f 731 733 734
f 707 710 735
f 735 710 736
f 643 737 644
f 644 737 738
f 740 741 739
f 739 741 742
f 608 744 743
f 743 744 745
f 747 748 746
f 746 748 749
f 751 752 750
f 750 752 753
f 754 755 757
f 757 755 756
f 758 759 761
f 761 759 760
f 763 764 762
f 762 764 765
f 767 768 766
f 766 768 769
f 771 772 770
f 770 772 773
f 775 776 774
f 774 776 777
f 779 780 778
f 778 780 781
f 783 712 782
f 782 712 784
f 785 786 788
f 788 786 787
f 790 628 789
f 789 628 627
f 792 793 791
f 791 793 794
f 795 796 726
f 726 796 723
f 798 799 797
f 797 799 800
f 721 633 801
f 801 633 677
f 797 800 802
f 802 800 803
f 805 806 804
f 804 806 807
f 809 810 808
f 808 810 811
f 813 814 812
f 812 814 815
f 809 808 817
f 817 808 816
f 818 819 804
f 804 819 805
f 820 821 818
f 818 821 819
f 821 820 587
f 587 820 822
f 809 823 810
f 810 823 824
f 814 807 815
f 815 807 806
f 826 426 825
f 825 426 223
f 426 826 427
f 427 826 827
f 828 829 454
f 454 829 830
f 831 832 677
f 677 832 801
f 834 835 833
f 833 835 836
f 838 839 837
f 837 839 840
f 841 842 844
f 844 842 843
f 845 846 803
f 803 846 802
f 847 831 678
f 678 831 677
f 848 849 851
f 851 849 850
f 853 854 852
f 852 854 855
f 857 858 856
f 856 858 680
f 860 861 859
f 859 861 862
f 864 865 863
f 863 865 866
f 868 869 867
f 867 869 870
f 839 871 840
f 840 871 872
f 849 848 874
f 874 848 873
f 876 877 875
f 875 877 878
f 880 881 879
f 879 881 882
f 883 884 886
f 886 884 885
f 846 887 802
f 802 887 888
f 890 891 889
f 889 891 888
f 893 894 892
f 892 894 895
f 896 897 728
f 728 897 729
f 899 900 898
f 898 900 901
f 902 852 904
f 904 852 903
f 849 905 850
f 850 905 906
f 875 878 907
f 907 878 908
f 910 911 909
f 909 911 912
f 914 915 913
f 913 915 916
f 917 918 862
f 862 918 859
f 919 920 856
f 856 920 921
f 923 924 922
f 922 924 925
f 926 927 925
f 925 927 922
f 929 930 928
f 928 930 693
f 932 695 931
f 931 695 694
f 823 867 824
f 824 867 933
f 935 936 934
f 934 936 937
f 938 868 823
f 823 868 867
f 940 847 939
f 939 847 678
f 632 655 678
f 678 655 939
f 941 942 619
f 619 942 620
f 687 943 688
f 688 943 944
f 851 850 945
f 945 850 903
f 850 906 903
f 903 906 904
f 946 947 949
f 949 947 948
f 951 952 950
f 950 952 953
f 955 956 954
f 954 956 957
f 907 958 875
f 875 958 874
f 960 961 959
f 959 961 962
f 963 853 902
f 902 853 852
f 909 964 910
f 910 964 965
f 967 968 966
f 966 968 969
f 971 972 970
f 970 972 973
f 974 960 975
f 975 960 959
f 977 978 976
f 976 978 979
f 981 977 980
f 980 977 976
f 980 982 981
f 981 982 983
f 985 983 984
f 984 983 982
f 984 986 985
f 985 986 987
f 989 990 988
f 988 990 991
f 993 994 992
f 992 994 995
f 997 998 996
f 996 998 999
f 1001 1002 1000
f 1000 1002 1003
f 1005 1006 1004
f 1004 1006 1007
f 1004 1008 1005
f 1005 1008 1009
f 1008 1010 1009
f 1009 1010 1011
f 1013 1011 1012
f 1012 1011 1010
f 1014 1015 1017
f 1017 1015 1016
f 1019 1020 1018
f 1018 1020 1021
f 1022 1023 976
f 976 1023 980
f 1024 1025 982
f 982 1025 984
f 992 995 1026
f 1026 995 1027
f 956 955 1028
f 1028 955 1029
f 1030 1031 1033
f 1033 1031 1032
f 1010 1008 1034
f 1034 1008 1035
f 1008 1004 1035
f 1035 1004 1036
f 1037 1038 1002
f 1002 1038 1007
f 1002 1001 1037
f 1037 1001 1039
f 1040 1041 997
f 997 1041 998
f 1015 1014 1043
f 1043 1014 1042
f 1044 1045 1047
f 1047 1045 1046
f 1044 1020 1048
f 1048 1020 1049
f 1050 1051 1003
f 1003 1051 1000
f 1052 1050 1006
f 1006 1050 1003
f 1053 1054 1011
f 1011 1054 1009
f 1013 1045 1055
f 1055 1045 1056
f 1058 1059 1057
f 1057 1059 1060
f 1062 1063 1061
f 1061 1063 1064
f 1065 1066 1050
f 1050 1066 1051
f 1067 1065 1052
f 1052 1065 1050
f 1068 1069 1054
f 1054 1069 1070
f 1071 1068 1053
f 1053 1068 1054
f 1073 1071 1072
f 1072 1071 1074
f 1074 1071 1055
f 1055 1071 1053
f 1076 1077 1075
f 1075 1077 1078
f 1079 1080 1057
f 1057 1080 1058
f 1081 1082 1064
f 1064 1082 1061
f 1084 1085 1083
f 1083 1085 1086
f 1088 1089 1087
f 1087 1089 1090
f 1092 1093 1091
f 1091 1093 1094
f 1096 1097 1095
f 1095 1097 1098
f 1099 1100 1102
f 1102 1100 1101
f 1103 1104 1099
f 1099 1104 1100
f 1106 1107 1105
f 1105 1107 1108
f 1110 1111 1109
f 1109 1111 1112
f 1114 1115 1113
f 1113 1115 1116
f 1118 1119 1117
f 1117 1119 1077
f 1117 1120 1122
f 1122 1120 1121
f 1105 1123 1106
f 1106 1123 1124
f 1125 1126 1128
f 1128 1126 1127
f 1130 1131 1129
f 1129 1131 1132
f 1134 1135 1133
f 1133 1135 1114
f 1113 1136 1114
f 1114 1136 1133
f 1118 1137 1113
f 1113 1137 1136
f 1118 1117 1137
f 1137 1117 1122
f 1139 1140 1138
f 1138 1140 1141
f 1143 953 1142
f 1142 953 952
f 1145 957 1144
f 1144 957 956
f 1028 1146 956
f 956 1146 1144
f 1014 1147 1042
f 1042 1147 1148
f 1014 1017 1147
f 1147 1017 1149
f 1059 1058 1150
f 1150 1058 1151
f 1153 1080 1152
f 1152 1080 1154
f 1156 1088 1155
f 1155 1088 1087
f 1157 1158 1106
f 1106 1158 1107
f 1106 1124 1157
f 1157 1124 1159
f 1161 1162 1160
f 1160 1162 1163
f 1165 1166 1164
f 1164 1166 1167
f 1168 1031 1012
f 1012 1031 1046
f 1024 1023 1035
f 1035 1023 1034
f 1036 1038 1025
f 1025 1038 1169
f 1170 1171 1039
f 1039 1171 1037
f 1028 1029 1042
f 1042 1029 1043
f 1172 1173 1175
f 1175 1173 1174
f 1055 1053 1013
f 1013 1053 1011
f 1005 1009 1070
f 1070 1009 1054
f 996 999 1062
f 1062 999 1063
f 1016 1060 1017
f 1017 1060 1059
f 1017 1059 1149
f 1149 1059 1150
f 1177 1178 1176
f 1176 1178 1103
f 1176 1072 1179
f 1179 1072 1074
f 1073 1102 1086
f 1086 1102 1083
f 1180 1181 1067
f 1067 1181 1065
f 1182 1183 1184
f 1184 1183 1181
f 1186 1187 1185
f 1185 1187 1188
f 1189 1190 798
f 798 1190 799
f 1192 1193 1191
f 1191 1193 1194
f 1195 1196 1194
f 1194 1196 1191
f 1196 1195 1198
f 1198 1195 1197
f 1200 674 1199
f 1199 674 673
f 928 1201 1203
f 1203 1201 1202
f 861 1204 862
f 862 1204 921
f 1205 1206 913
f 913 1206 1207
f 882 1208 879
f 879 1208 1209
f 1210 1211 1167
f 1167 1211 1164
f 1212 769 1213
f 1213 769 768
f 727 1214 728
f 728 1214 1215
f 1217 1218 1216
f 1216 1218 1219
f 1220 813 1221
f 1221 813 812
f 827 828 427
f 427 828 454
f 1223 1224 1222
f 1222 1224 1165
f 1226 1227 1225
f 1225 1227 1228
f 851 1229 848
f 848 1229 1230
f 834 854 835
f 835 854 1231
f 1233 1234 1232
f 1232 1234 1235
f 1237 751 1236
f 1236 751 750
f 743 819 1238
f 1238 819 821
f 1240 1241 1239
f 1239 1241 1242
f 1244 1245 1243
f 1243 1245 1246
f 844 1247 841
f 841 1247 1248
f 1250 1251 1249
f 1249 1251 1252
f 1254 893 1253
f 1253 893 1237
f 1255 1256 1258
f 1258 1256 1257
f 1260 1261 1259
f 1259 1261 1262
f 945 903 855
f 855 903 852
f 855 1263 945
f 945 1263 1264
f 832 845 801
f 801 845 803
f 800 721 803
f 803 721 801
f 721 800 722
f 722 800 799
f 1266 1267 1265
f 1265 1267 1268
f 1270 795 1269
f 1269 795 726
f 725 1271 726
f 726 1271 1269
f 737 765 738
f 738 765 764
f 759 740 760
f 760 740 739
f 717 1272 1274
f 1274 1272 1273
f 1163 1226 1275
f 1275 1226 1225
f 1277 882 1276
f 1276 882 881
f 1041 1040 1027
f 1027 1040 1026
f 900 935 901
f 901 935 934
f 1164 1278 1165
f 1165 1278 1222
f 1211 1279 1164
f 1164 1279 1278
f 442 1280 453
f 453 1280 1281
f 788 1282 785
f 785 1282 1283
f 1285 1286 1284
f 1284 1286 1287
f 1284 1288 1285
f 1285 1288 1289
f 757 1289 754
f 754 1289 1288
f 605 604 675
f 675 604 676
f 1290 1291 1293
f 1293 1291 1292
f 1295 1296 1294
f 1294 1296 1297
f 696 699 694
f 694 699 931
f 1298 1299 592
f 592 1299 589
f 1299 1300 589
f 589 1300 700
f 1300 1301 700
f 700 1301 701
f 743 745 819
f 819 745 805
f 1303 1304 1302
f 1302 1304 1305
f 1306 1307 1305
f 1305 1307 1302
f 609 1298 610
f 610 1298 592
f 587 822 588
f 588 822 1308
f 703 588 1309
f 1309 588 1308
f 1310 703 571
f 571 703 1309
f 1311 1312 789
f 789 1312 790
f 825 223 1313
f 1313 223 220
f 219 1314 220
f 220 1314 1313
f 1315 1316 1311
f 1311 1316 1312
f 1317 1318 1319
f 1319 1318 1241
f 441 1320 442
f 442 1320 1280
f 1321 217 572
f 572 217 216
f 1323 1230 1322
f 1322 1230 1229
f 1324 1325 631
f 631 1325 656
f 1034 1168 1010
f 1010 1168 1012
f 1327 1328 1326
f 1326 1328 1329
f 1331 1202 1330
f 1330 1202 1201
f 571 1309 572
f 572 1309 1321
f 573 572 1332
f 1332 572 216
f 1334 1335 1333
f 1333 1335 1336
f 1337 1338 918
f 918 1338 859
f 1339 863 1340
f 1340 863 866
f 1341 1342 1344
f 1344 1342 1343
f 1345 1346 919
f 919 1346 920
f 1347 1348 673
f 673 1348 1199
f 693 1349 928
f 928 1349 1201
f 1351 1257 1350
f 1350 1257 1256
f 1350 1352 1351
f 1351 1352 1353
f 653 930 654
f 654 930 662
f 1279 1354 1278
f 1278 1354 1355
f 1357 1358 1356
f 1356 1358 1359
f 937 1360 1140
f 1140 1360 1361
f 1225 1228 909
f 909 1228 964
f 901 934 1362
f 1362 934 1139
f 1364 1365 1363
f 1363 1365 1362
f 1367 912 1366
f 1366 912 911
f 1143 1142 1368
f 1368 1142 1369
f 1144 1186 1145
f 1145 1186 1185
f 1146 1175 1144
f 1144 1175 1186
f 1175 1146 1172
f 1172 1146 1148
f 1147 1018 1148
f 1148 1018 1172
f 1018 1147 1019
f 1019 1147 1149
f 1149 1150 1019
f 1019 1150 1370
f 1150 1151 1370
f 1370 1151 1371
f 1151 1153 1371
f 1371 1153 1177
f 1152 1156 1178
f 1178 1156 1372
f 1155 1158 1373
f 1373 1158 1374
f 1157 1159 1376
f 1376 1159 1375
f 1378 1379 1377
f 1377 1379 1380
f 1382 1383 1381
f 1381 1383 1384
f 1382 1386 1385
f 1385 1386 1387
f 1386 1233 1387
f 1387 1233 1232
f 1389 1390 1388
f 1388 1390 1391
f 1393 1394 1392
f 1392 1394 1395
f 1397 1398 1396
f 1396 1398 1399
f 629 1397 630
f 630 1397 1396
f 1342 1400 1343
f 1343 1400 1401
f 1403 1404 1402
f 1402 1404 1405
f 1407 1408 1406
f 1406 1408 1409
f 1411 1412 1410
f 1410 1412 1413
f 793 1414 794
f 794 1414 1415
f 1417 1341 1416
f 1416 1341 1344
f 704 705 1347
f 1347 705 1418
f 741 1419 742
f 742 1419 1420
f 1422 669 1421
f 1421 669 672
f 645 1423 646
f 646 1423 1424
f 1196 1198 614
f 614 1198 611
f 613 1425 614
f 614 1425 1426
f 1427 616 659
f 659 616 660
f 614 1426 1196
f 1196 1426 1191
f 696 594 697
f 697 594 590
f 697 590 700
f 700 590 589
f 703 1310 702
f 702 1310 1428
f 1421 672 1192
f 1192 672 689
f 1271 648 1269
f 1269 648 622
f 621 1270 622
f 622 1270 1269
f 1429 1430 1417
f 1417 1430 1341
f 1431 1432 1434
f 1434 1432 1433
f 1436 1437 1435
f 1435 1437 1438
f 1440 1441 1439
f 1439 1441 1442
f 1443 1444 1446
f 1446 1444 1445
f 823 809 938
f 938 809 817
f 810 1447 811
f 811 1447 1448
f 1449 1450 679
f 679 1450 706
f 913 916 1205
f 1205 916 1451
f 1275 1225 912
f 912 1225 909
f 1452 1453 880
f 880 1453 881
f 1444 1401 1445
f 1445 1401 1400
f 936 1454 937
f 937 1454 1360
f 824 1455 810
f 810 1455 1447
f 631 656 632
f 632 656 655
f 966 1456 967
f 967 1456 1457
f 1459 1460 1458
f 1458 1460 1461
f 1460 1462 1461
f 1461 1462 1463
f 972 974 973
f 973 974 975
f 990 995 991
f 991 995 994
f 1464 1187 1033
f 1033 1187 1174
f 1018 1021 1172
f 1172 1021 1173
f 1000 999 1001
f 1001 999 998
f 976 979 1022
f 1022 979 1032
f 1023 1024 980
f 980 1024 982
f 989 986 1171
f 1171 986 1169
f 1171 1170 989
f 989 1170 990
f 1170 1027 990
f 990 1027 995
f 1041 1039 998
f 998 1039 1001
f 1051 1063 1000
f 1000 1063 999
f 1066 1064 1051
f 1051 1064 1063
f 1183 1081 1066
f 1066 1081 1064
f 1178 1372 1103
f 1103 1372 1104
f 1092 1091 1465
f 1465 1091 1182
f 1467 1465 1466
f 1466 1465 1468
f 1469 1470 1184
f 1184 1470 1468
f 1095 1098 1471
f 1471 1098 1101
f 1076 1374 1120
f 1120 1374 1376
f 1110 1472 1127
f 1127 1472 1132
f 1472 1473 1132
f 1132 1473 1129
f 1474 1475 1466
f 1466 1475 1473
f 1119 1118 1116
f 1116 1118 1113
f 1375 1121 1376
f 1376 1121 1120
f 1127 1132 1128
f 1128 1132 1131
f 1227 1476 1228
f 1228 1476 1361
f 1365 1477 1362
f 1362 1477 872
f 1478 1479 1323
f 1323 1479 1230
f 1480 1481 914
f 914 1481 915
f 913 1277 914
f 914 1277 1276
f 1168 1034 1022
f 1022 1034 1023
f 1035 1036 1024
f 1024 1036 1025
f 1039 1041 1170
f 1170 1041 1027
f 1042 1148 1028
f 1028 1148 1146
f 968 1459 969
f 969 1459 1458
f 1482 1483 664
f 664 1483 665
f 1485 1486 1484
f 1484 1486 1487
f 1489 1490 1488
f 1488 1490 1491
f 1492 1493 722
f 722 1493 634
f 1495 1496 1494
f 1494 1496 1497
f 1498 1207 1339
f 1339 1207 863
f 1224 1499 1165
f 1165 1499 1166
f 1160 1163 1500
f 1500 1163 1275
f 1500 877 1160
f 1160 877 1501
f 876 873 1502
f 1502 873 1479
f 945 1264 851
f 851 1264 1229
f 835 1231 839
f 839 1231 871
f 1503 1283 778
f 778 1283 1282
f 716 715 1505
f 1505 715 1504
f 1446 1445 1507
f 1507 1445 1506
f 779 792 1381
f 1381 792 791
f 1430 1409 1341
f 1341 1409 1342
f 1411 1429 1508
f 1508 1429 1417
f 635 1510 1509
f 1509 1510 1511
f 1377 1380 1315
f 1315 1380 1316
f 1445 1400 1506
f 1506 1400 1408
f 918 917 1336
f 1336 917 1333
f 1513 1514 1512
f 1512 1514 870
f 1515 1516 1363
f 1363 1516 1364
f 1453 1517 881
f 881 1517 1276
f 992 1518 993
f 993 1518 1519
f 1520 1029 1518
f 1518 1029 955
f 1520 1026 1521
f 1521 1026 1040
f 1522 1015 1521
f 1521 1015 1043
f 996 1523 997
f 997 1523 1522
f 1060 1016 1524
f 1524 1016 1523
f 1061 1525 1062
f 1062 1525 1524
f 1079 1527 1526
f 1526 1527 1528
f 1093 1529 1094
f 1094 1529 1528
f 1111 1530 1112
f 1112 1530 1531
f 1532 1533 1105
f 1105 1533 1123
f 934 937 1139
f 1139 937 1140
f 1138 1363 1139
f 1139 1363 1362
f 1534 1222 1355
f 1355 1222 1278
f 1535 1223 1534
f 1534 1223 1222
f 821 587 1238
f 1238 587 586
f 1319 711 1317
f 1317 711 1536
f 1538 1200 1537
f 1537 1200 1199
f 1508 1417 1539
f 1539 1417 1416
f 1540 1541 840
f 840 1541 837
f 1231 898 871
f 871 898 901
f 1500 1275 1367
f 1367 1275 912
f 1543 1379 1542
f 1542 1379 1395
f 1539 772 1508
f 1508 772 1544
f 1546 1403 1545
f 1545 1403 1402
f 1548 1549 1547
f 1547 1549 1550
f 1552 1548 1551
f 1551 1548 1547
f 1554 1555 1553
f 1553 1555 1556
f 1558 1559 1557
f 1557 1559 1560
f 1562 1563 1561
f 1561 1563 1564
f 1566 1567 1565
f 1565 1567 1568
f 1570 1571 1569
f 1569 1571 1572
f 1574 1575 1573
f 1573 1575 1576
f 1577 1578 1572
f 1572 1578 1569
f 1580 1581 1579
f 1579 1581 1582
f 1584 1585 1583
f 1583 1585 1586
f 1588 1555 1587
f 1587 1555 1589
f 1591 1592 1590
f 1590 1592 1593
f 1595 1596 1594
f 1594 1596 1597
f 1596 1581 1597
f 1597 1581 1576
f 1599 1570 1598
f 1598 1570 1569
f 1601 1602 1600
f 1600 1602 1603
f 1605 1606 1604
f 1604 1606 1607
f 1608 1609 1568
f 1568 1609 1565
f 1611 1612 1610
f 1610 1612 1613
f 1615 1616 1614
f 1614 1616 1617
f 1619 1617 1618
f 1618 1617 1616
f 1621 1622 1620
f 1620 1622 1623
f 1625 1626 1624
f 1624 1626 1627
f 1629 1630 1628
f 1628 1630 1631
f 1633 1634 1632
f 1632 1634 1635
f 1636 1637 1639
f 1639 1637 1638
f 1641 1642 1640
f 1640 1642 1643
f 1624 1627 1644
f 1644 1627 1645
f 1647 1648 1646
f 1646 1648 1649
f 1651 1652 1650
f 1650 1652 1653
f 1655 1656 1654
f 1654 1656 1657
f 1659 1660 1658
f 1658 1660 1661
f 1662 1663 1631
f 1631 1663 1628
f 1651 1665 1664
f 1664 1665 1666
f 1667 1656 1619
f 1619 1656 1617
f 1669 1670 1668
f 1668 1670 1671
f 1632 1635 1672
f 1672 1635 1673
f 1674 1675 1638
f 1638 1675 1639
f 1677 1678 1676
f 1676 1678 1679
f 1680 1640 1681
f 1681 1640 1643
f 1682 1683 1643
f 1643 1683 1681
f 1670 1669 1235
f 1235 1669 1232
f 1396 1399 1674
f 1674 1399 1675
f 627 630 1679
f 1679 630 1676
f 1681 1315 1680
f 1680 1315 1311
f 1683 1377 1681
f 1681 1377 1315
f 1672 1673 1387
f 1387 1673 1385
f 1636 1684 1646
f 1646 1684 1685
f 1687 1688 1686
f 1686 1688 1689
f 1585 1690 1586
f 1586 1690 1691
f 1599 1692 1551
f 1551 1692 1693
f 1552 1558 1694
f 1694 1558 1557
f 1696 1615 1695
f 1695 1615 1614
f 1698 1699 1697
f 1697 1699 1623
f 1700 1701 1703
f 1703 1701 1702
f 1705 1706 1704
f 1704 1706 1707
f 1708 1709 1640
f 1640 1709 1641
f 1710 1711 1713
f 1713 1711 1712
f 1652 1655 1653
f 1653 1655 1654
f 1714 1699 1712
f 1712 1699 1713
f 1715 1710 1716
f 1716 1710 1713
f 1717 1708 1680
f 1680 1708 1640
f 1393 1392 1715
f 1715 1392 1710
f 1719 1720 1718
f 1718 1720 1721
f 1680 1311 1717
f 1717 1311 789
f 1378 1711 1392
f 1392 1711 1710
f 1388 1391 1719
f 1719 1391 1720
f 1723 1606 1722
f 1722 1606 1689
f 1725 1568 1724
f 1724 1568 1567
f 1726 1647 1685
f 1685 1647 1646
f 1728 1554 1727
f 1727 1554 1553
f 1591 1687 1600
f 1600 1687 1686
f 1730 1595 1729
f 1729 1595 1594
f 1601 1605 1731
f 1731 1605 1604
f 1733 1663 1732
f 1732 1663 1734
f 1736 1639 1735
f 1735 1639 1675
f 1658 1644 1737
f 1737 1644 1645
f 1726 1662 1724
f 1724 1662 1631
f 1399 1738 1675
f 1675 1738 1735
f 1621 1667 1739
f 1739 1667 1619
f 1714 1740 1620
f 1620 1740 1741
f 1592 1549 1593
f 1593 1549 1742
f 1602 1571 1603
f 1603 1571 1550
f 1688 1690 1689
f 1689 1690 1722
f 1588 1559 1582
f 1582 1559 1579
f 1673 1735 1385
f 1385 1735 1738
f 1387 1232 1672
f 1672 1232 1669
f 1580 1692 1573
f 1573 1692 1743
f 1377 1683 1378
f 1378 1683 1711
f 1664 1666 1744
f 1744 1666 1745
f 1744 1696 1664
f 1664 1696 1695
f 1746 1747 1732
f 1732 1747 1748
f 1749 1750 1677
f 1677 1750 1678
f 1709 1708 1750
f 1750 1708 1678
f 1668 1632 1669
f 1669 1632 1672
f 1633 1746 1734
f 1734 1746 1732
f 1679 1678 1717
f 1717 1678 1708
f 789 627 1717
f 1717 627 1679
f 1563 1723 1564
f 1564 1723 1722
f 1728 1584 1751
f 1751 1584 1583
f 1674 1676 1396
f 1396 1676 630
f 1666 1566 1745
f 1745 1566 1565
f 1627 1629 1645
f 1645 1629 1628
f 1637 1749 1638
f 1638 1749 1677
f 1648 1665 1649
f 1649 1665 1752
f 1740 1642 1741
f 1741 1642 1657
f 1676 1674 1677
f 1677 1674 1638
f 1683 1682 1711
f 1711 1682 1712
f 1618 1753 1619
f 1619 1753 1739
f 1701 1739 1702
f 1702 1739 1753
f 1754 1214 1756
f 1756 1214 1755
f 647 1757 619
f 619 1757 941
f 1759 1193 1758
f 1758 1193 691
f 1419 1760 1420
f 1420 1760 1761
f 682 1762 683
f 683 1762 1763
f 1412 780 1413
f 1413 780 1384
f 1383 1398 1384
f 1384 1398 1413
f 1197 1424 1764
f 1764 1424 1423
f 1537 1287 1538
f 1538 1287 1286
f 1634 1684 1635
f 1635 1684 1736
f 1724 1631 1725
f 1725 1631 1630
f 1562 1730 1610
f 1610 1730 1729
f 1735 1673 1736
f 1736 1673 1635
f 1757 1195 941
f 941 1195 1194
f 1766 200 1765
f 1765 200 199
f 475 500 476
f 476 500 479
f 498 558 483
f 483 558 487
f 545 551 546
f 546 551 550
f 453 1281 219
f 219 1281 1314
f 298 453 208
f 208 453 219
f 368 1765 1767
f 1767 1765 199
f 523 405 363
f 363 405 404
f 523 533 405
f 405 533 402
f 298 208 299
f 299 208 207
f 299 207 176
f 176 207 300
f 176 300 173
f 173 300 202
f 173 202 174
f 174 202 201
f 1337 918 1768
f 1768 918 1336
f 1769 1770 1338
f 1338 1770 859
f 581 570 578
f 578 570 1771
f 555 562 580
f 580 562 561
f 504 1772 501
f 501 1772 548
f 517 542 584
f 584 542 543
f 515 514 516
f 516 514 544
f 542 517 544
f 544 517 516
f 561 575 580
f 580 575 581
f 575 569 581
f 581 569 570
f 501 548 1773
f 1773 548 547
f 1774 1775 570
f 570 1775 1771
f 369 368 1776
f 1776 368 1767
f 372 369 375
f 375 369 1776
f 822 1280 1308
f 1308 1280 1320
f 820 1281 822
f 822 1281 1280
f 818 1314 820
f 820 1314 1281
f 1314 818 1313
f 1313 818 804
f 807 814 825
f 825 814 826
f 814 813 826
f 826 813 827
f 813 1220 827
f 827 1220 828
f 580 579 555
f 555 579 547
f 1477 1540 872
f 872 1540 840
f 367 499 368
f 368 499 1765
f 1766 1765 525
f 525 1765 499
f 1777 1766 526
f 526 1766 525
f 520 527 362
f 362 527 384
f 361 1778 519
f 519 1778 528
f 371 1779 372
f 372 1779 369
f 369 1779 370
f 370 1779 478
f 1779 371 478
f 478 371 374
f 1778 1777 528
f 528 1777 526
f 1781 1782 1780
f 1780 1782 1783
f 431 460 67
f 67 460 64
f 68 338 74
f 74 338 72
f 1785 1782 1784
f 1784 1782 1786
f 1787 1788 1790
f 1790 1788 1789
f 1792 1789 1791
f 1791 1789 1793
f 1791 1794 1792
f 1792 1794 1795
f 1794 1796 1795
f 1795 1796 1797
f 1797 1798 938
f 938 1798 868
f 1798 1799 868
f 868 1799 869
f 1801 1802 1800
f 1800 1802 1451
f 1803 1804 1205
f 1205 1804 1206
f 1805 1806 864
f 864 1806 865
f 1806 1807 865
f 865 1807 1808
f 68 71 338
f 287 328 288
f 1320 1321 1308
f 1308 1321 1309
f 1320 441 1321
f 1321 441 217
f 441 152 217
f 217 152 218
f 151 286 152
f 152 286 218
f 297 310 151
f 151 310 286
f 296 307 297
f 297 307 310
f 296 143 307
f 307 143 284
f 143 56 284
f 284 56 104
f 56 59 104
f 104 59 63
f 59 102 63
f 63 102 60
f 102 94 60
f 60 94 282
f 93 459 279
f 279 459 77
f 459 460 77
f 77 460 78
f 460 431 78
f 78 431 295
f 431 49 295
f 295 49 292
f 48 421 49
f 49 421 292
f 276 278 418
f 418 278 429
f 317 432 278
f 278 432 429
f 432 317 433
f 433 317 316
f 326 324 316
f 316 324 433
f 1536 592 1809
f 1809 592 591
f 1810 744 1812
f 1812 744 1811
f 1814 1815 1813
f 1813 1815 1816
f 1817 748 1818
f 1818 748 747
f 1812 1819 1810
f 1810 1819 1817
f 1820 1821 748
f 748 1821 749
f 1823 1824 1822
f 1822 1824 1825
f 1827 1828 1826
f 1826 1828 1829
f 1831 1832 1830
f 1830 1832 1833
f 1834 1827 1243
f 1243 1827 1826
f 1313 804 825
f 825 804 807
f 1835 1253 1236
f 1236 1253 1237
f 1836 1837 1438
f 1438 1837 1435
f 1838 1505 1840
f 1840 1505 1839
f 1841 1842 716
f 716 1842 713
f 1843 1844 1510
f 1510 1844 1845
f 1847 1848 1846
f 1846 1848 1849
f 1850 1240 1822
f 1822 1240 1239
f 636 1831 637
f 637 1831 1830
f 1852 1853 1851
f 1851 1853 1854
f 1855 1856 1858
f 1858 1856 1857
f 1846 1849 1859
f 1859 1849 1860
f 1343 1401 1509
f 1509 1401 1861
f 1509 1861 635
f 635 1861 636
f 1863 1864 1862
f 1862 1864 1865
f 1283 1503 1867
f 1867 1503 1866
f 1868 1867 681
f 681 1867 682
f 1286 1285 683
f 683 1285 684
f 757 756 1274
f 1274 756 1869
f 1274 1869 717
f 717 1869 718
f 1434 1433 719
f 719 1433 720
f 1200 1538 1545
f 1545 1538 1763
f 1285 1289 684
f 684 1289 1273
f 684 1273 681
f 681 1273 1272
f 785 1283 1868
f 1868 1283 1867
f 786 785 1870
f 1870 785 1868
f 1289 757 1273
f 1273 757 1274
f 1539 1416 1871
f 1871 1416 1872
f 773 1871 1403
f 1403 1871 1404
f 675 674 1405
f 1405 674 1402
f 1864 1873 1865
f 1865 1873 1874
f 638 1843 635
f 635 1843 1510
f 1344 1343 1511
f 1511 1343 1509
f 772 1539 773
f 773 1539 1871
f 674 1200 1402
f 1402 1200 1545
f 1538 1286 1763
f 1763 1286 683
f 1444 1443 1875
f 1875 1443 1876
f 1875 1876 1831
f 1831 1876 1832
f 1416 1344 1872
f 1872 1344 1511
f 1877 1878 774
f 774 1878 1879
f 1878 1847 1879
f 1879 1847 1846
f 1880 714 1881
f 1881 714 1848
f 1401 1444 1861
f 1861 1444 1875
f 1861 1875 636
f 636 1875 1831
f 1823 1863 1882
f 1882 1863 1862
f 1441 1440 1884
f 1884 1440 1883
f 1883 1852 1884
f 1884 1852 1851
f 1886 1887 1885
f 1885 1887 1888
f 1358 1889 1359
f 1359 1889 1890
f 1891 1886 1892
f 1892 1886 1885
f 774 1879 775
f 775 1879 1893
f 1859 1893 1846
f 1846 1893 1879
f 713 1842 1849
f 1849 1842 1860
f 1318 1895 1894
f 1894 1895 1896
f 1873 1897 1874
f 1874 1897 1898
f 1898 605 1899
f 1899 605 675
f 1405 1844 675
f 675 1844 1899
f 1404 1845 1405
f 1405 1845 1844
f 593 1296 591
f 591 1296 1809
f 1295 1292 1900
f 1900 1292 1895
f 606 1897 1291
f 1291 1897 1896
f 1510 1845 1511
f 1511 1845 1872
f 1871 1872 1404
f 1404 1872 1845
f 1866 770 1762
f 1762 770 1546
f 1762 682 1866
f 1866 682 1867
f 1870 1868 1272
f 1272 1868 681
f 1272 717 1870
f 1870 717 720
f 1870 720 786
f 786 720 1433
f 786 1433 787
f 787 1433 1432
f 1261 1414 1432
f 1432 1414 787
f 1389 1234 1260
f 1260 1234 1415
f 1719 1670 1388
f 1388 1670 1235
f 1718 1671 1719
f 1719 1671 1670
f 1705 1747 1718
f 1718 1747 1671
f 1659 1901 1704
f 1704 1901 1748
f 1877 1903 1902
f 1902 1903 1904
f 1259 1905 1390
f 1390 1905 1394
f 1715 1720 1393
f 1393 1720 1391
f 1716 1721 1715
f 1715 1721 1720
f 1698 1706 1716
f 1716 1706 1721
f 277 276 47
f 47 276 48
f 84 96 81
f 81 96 82
f 80 70 81
f 81 70 85
f 99 97 88
f 88 97 89
f 90 100 88
f 88 100 99
f 101 95 102
f 102 95 94
f 1906 1907 280
f 280 1907 281
f 97 86 89
f 89 86 85
f 60 282 61
f 61 282 281
f 83 82 46
f 46 82 47
f 293 292 420
f 420 292 421
f 419 1908 420
f 420 1908 1909
f 92 95 91
f 91 95 90
f 279 282 93
f 93 282 94
f 276 418 48
f 48 418 421
f 1910 1660 1697
f 1697 1660 1707
f 1703 1624 1700
f 1700 1624 1644
f 1622 1910 1623
f 1623 1910 1697
f 1701 1700 1911
f 1911 1700 1661
f 1700 1644 1661
f 1661 1644 1658
f 1901 1737 1733
f 1733 1737 1645
f 1625 1912 1604
f 1604 1912 1731
f 1912 1913 1731
f 1731 1913 1914
f 1913 1577 1914
f 1914 1577 1572
f 1915 1578 1616
f 1616 1578 1618
f 1915 1916 1598
f 1598 1916 1743
f 1916 1574 1743
f 1743 1574 1573
f 1575 1917 1576
f 1576 1917 1597
f 1917 1609 1597
f 1597 1609 1594
f 1608 1611 1729
f 1729 1611 1610
f 1918 1612 1629
f 1629 1612 1630
f 1626 1918 1627
f 1627 1918 1629
f 1920 1921 1919
f 1919 1921 1922
f 1920 1924 1923
f 1923 1924 1925
f 1926 1927 1924
f 1924 1927 1925
f 1929 1930 1928
f 1928 1930 1931
f 1932 1933 1935
f 1935 1933 1934
f 1937 1938 1936
f 1936 1938 1939
f 1941 1942 1940
f 1940 1942 1943
f 1941 1945 1944
f 1944 1945 1946
f 1947 1948 1694
f 1694 1948 1949
f 1950 1951 1953
f 1953 1951 1952
f 1955 1956 1954
f 1954 1956 1589
f 1958 1956 1957
f 1957 1956 1932
f 1960 1934 1959
f 1959 1934 1933
f 1962 1963 1961
f 1961 1963 1964
f 1965 1955 1751
f 1751 1955 1954
f 1935 1930 1932
f 1932 1930 1957
f 1951 1950 1926
f 1926 1950 1929
f 1966 1967 1593
f 1593 1967 1590
f 1969 1967 1968
f 1968 1967 1964
f 1962 1921 1970
f 1970 1921 1971
f 1963 1945 1964
f 1964 1945 1968
f 1972 1948 1922
f 1922 1948 1919
f 1966 1972 1961
f 1961 1972 1922
f 1958 1953 1587
f 1587 1953 1560
f 1974 1975 1973
f 1973 1975 1976
f 1978 1979 1977
f 1977 1979 1691
f 1979 1975 1691
f 1691 1975 1586
f 1938 1942 1939
f 1939 1942 1980
f 1952 1947 1557
f 1557 1947 1694
f 1969 1978 1981
f 1981 1978 1977
f 1983 1984 1982
f 1982 1984 1985
f 1986 1987 1989
f 1989 1987 1988
f 1990 1991 1983
f 1983 1991 1984
f 1990 1993 1992
f 1992 1993 1994
f 1995 1996 1994
f 1994 1996 1997
f 1999 2000 1998
f 1998 2000 2001
f 2003 2004 2002
f 2002 2004 2005
f 2007 2008 2006
f 2006 2008 2009
f 2011 2012 2010
f 2010 2012 2013
f 2014 2015 2017
f 2017 2015 2016
f 2018 2019 2021
f 2021 2019 2020
f 2022 1989 2024
f 2024 1989 2023
f 1989 1988 2023
f 2023 1988 2025
f 2026 2027 2017
f 2017 2027 2014
f 2029 2030 2028
f 2028 2030 2031
f 2033 2034 2032
f 2032 2034 2035
f 2032 2035 2036
f 2036 2035 2037
f 2039 2040 2038
f 2038 2040 2041
f 1982 2042 1983
f 1983 2042 2043
f 2045 2046 2044
f 2044 2046 2047
f 2049 2050 2048
f 2048 2050 2051
f 2053 2054 2052
f 2052 2054 2055
f 2057 2058 2056
f 2056 2058 2059
f 2060 2061 2033
f 2033 2061 2034
f 2063 2064 2062
f 2062 2064 2065
f 2066 2035 2067
f 2067 2035 2034
f 2069 2039 2068
f 2068 2039 2038
f 2025 2070 2023
f 2023 2070 2071
f 2072 2024 2071
f 2071 2024 2023
f 2074 2020 2073
f 2073 2020 2019
f 2050 2049 2047
f 2047 2049 2075
f 1983 2043 1990
f 1990 2043 1993
f 2006 2050 2007
f 2007 2050 2076
f 2050 2006 2051
f 2051 2006 2077
f 2079 2080 2078
f 2078 2080 2081
f 2082 2083 2085
f 2085 2083 2084
f 2010 2013 2086
f 2086 2013 2087
f 2089 2033 2088
f 2088 2033 2032
f 2090 2060 2089
f 2089 2060 2033
f 2092 2093 2091
f 2091 2093 2094
f 2096 1986 2095
f 2095 1986 2097
f 2097 1986 2022
f 2022 1986 1989
f 2015 2094 2016
f 2016 2094 2098
f 2016 2098 2100
f 2100 2098 2099
f 2017 2016 2101
f 2101 2016 2100
f 2017 2101 2026
f 2026 2101 2102
f 2100 2099 2104
f 2104 2099 2103
f 2104 2105 2100
f 2100 2105 2101
f 2105 2106 2101
f 2101 2106 2102
f 2108 2061 2107
f 2107 2061 2109
f 2111 2112 2110
f 2110 2112 2020
f 2020 2074 2110
f 2110 2074 2113
f 2115 2116 2114
f 2114 2116 2117
f 2118 2119 1995
f 1995 2119 2120
f 2121 2122 2027
f 2027 2122 2014
f 2047 2075 2044
f 2044 2075 2123
f 2124 2125 2127
f 2127 2125 2126
f 2129 2130 2128
f 2128 2130 2131
f 2132 2133 2057
f 2057 2133 2058
f 2134 1999 2136
f 2136 1999 2135
f 2055 2138 2137
f 2137 2138 2139
f 2141 2142 2140
f 2140 2142 2143
f 2083 2082 2064
f 2064 2082 2065
f 2082 2144 2065
f 2065 2144 2145
f 2040 2146 2041
f 2041 2146 2147
f 2060 2090 2148
f 2148 2090 2149
f 2048 2051 2137
f 2137 2051 2150
f 2151 1997 2135
f 2135 1997 1996
f 2152 2150 2077
f 2077 2150 2051
f 2046 2045 2118
f 2118 2045 2119
f 2154 2155 2153
f 2153 2155 2156
f 2158 2159 2157
f 2157 2159 2160
f 2162 2163 2161
f 2161 2163 2164
f 2164 2163 2165
f 2165 2163 2166
f 2168 2169 2167
f 2167 2169 2170
f 2003 2172 2171
f 2171 2172 2173
f 2174 2175 2002
f 2002 2175 2176
f 2145 2177 2065
f 2065 2177 2062
f 2178 2179 2180
f 2180 2179 2134
f 2181 2052 2152
f 2152 2052 2150
f 2040 2127 2146
f 2146 2127 2182
f 2130 2162 2131
f 2131 2162 2161
f 2052 2055 2150
f 2150 2055 2137
f 2184 2185 2183
f 2183 2185 2186
f 2159 2030 2160
f 2160 2030 2187
f 2146 2182 2029
f 2029 2182 2188
f 2189 2190 2192
f 2192 2190 2191
f 2172 2003 2176
f 2176 2003 2002
f 1998 2151 1999
f 1999 2151 2135
f 2177 2172 2062
f 2062 2172 2176
f 2172 2177 2173
f 2173 2177 2193
f 2063 2194 2064
f 2064 2194 2195
f 2066 2197 2196
f 2196 2197 2198
f 2002 2005 2174
f 2174 2005 2199
f 2004 2003 2200
f 2200 2003 2171
f 2198 2201 2171
f 2171 2201 2200
f 2197 2202 2198
f 2198 2202 2201
f 2202 2197 2203
f 2203 2197 2204
f 2196 2198 2173
f 2173 2198 2171
f 2205 2069 2170
f 2170 2069 2206
f 2197 2066 2204
f 2204 2066 2067
f 2107 2207 2108
f 2108 2207 2208
f 2210 2208 2209
f 2209 2208 2207
f 2185 2211 2212
f 2213 2214 2211
f 2211 2214 2212
f 1998 2001 2213
f 2213 2001 2214
f 2134 2215 1999
f 1999 2215 2000
f 2216 2217 2219
f 2219 2217 2218
f 2206 2220 2170
f 2170 2220 2167
f 2069 2068 2206
f 2206 2068 2221
f 2151 1998 2222
f 2222 1998 2213
f 2124 2039 2205
f 2205 2039 2069
f 2142 2223 2143
f 2143 2223 2128
f 2203 2186 2202
f 2202 2186 2185
f 2185 2184 2211
f 2211 2184 2224
f 2224 2225 2222
f 2222 2225 2226
f 2071 2227 2072
f 2072 2227 2228
f 2229 2074 2230
f 2230 2074 2073
f 2074 2229 2113
f 2113 2229 2231
f 2232 2225 2227
f 2227 2225 2224
f 2233 2234 2031
f 2031 2234 2028
f 2236 2231 2235
f 2235 2231 2229
f 2230 2183 2229
f 2229 2183 2235
f 2237 1987 2096
f 2096 1987 1986
f 2152 2238 2181
f 2181 2238 2239
f 2080 2240 2081
f 2081 2240 2241
f 2236 2242 1971
f 1971 2242 1970
f 1925 2113 1923
f 1923 2113 2231
f 2110 1927 2111
f 2111 1927 1928
f 2103 2111 1931
f 1931 2111 1928
f 1931 2243 2103
f 2103 2243 2104
f 2105 2104 2244
f 2244 2104 2243
f 1939 1980 2148
f 2148 1980 2109
f 1980 1944 2109
f 2109 1944 2107
f 1946 2245 2207
f 2207 2245 2209
f 2245 1970 2209
f 2209 1970 2242
f 2231 2236 1923
f 1923 2236 1971
f 2113 1925 2110
f 2110 1925 1927
f 2234 2246 2028
f 2028 2246 2147
f 2247 2248 2058
f 2058 2248 2059
f 2114 2117 2249
f 2249 2117 2250
f 2252 2253 2251
f 2251 2253 2254
f 2094 2015 2091
f 2091 2015 2255
f 2256 2255 2014
f 2014 2255 2015
f 2257 2145 2258
f 2258 2145 2144
f 2131 2161 2123
f 2123 2161 2044
f 2045 2044 2164
f 2164 2044 2161
f 2045 2164 2119
f 2119 2164 2165
f 2259 2120 2165
f 2165 2120 2119
f 2260 2261 2259
f 2259 2261 2120
f 2205 2262 2124
f 2124 2262 2125
f 2180 2263 2178
f 2178 2263 2264
f 2265 2266 2092
f 2092 2266 2093
f 1992 2267 2268
f 2184 2228 2224
f 2224 2228 2227
f 2048 2269 2049
f 2049 2269 2141
f 2129 2168 2157
f 2157 2168 2167
f 2049 2141 2075
f 2075 2141 2140
f 2199 2215 2270
f 2270 2215 2271
f 2142 2141 2272
f 2272 2141 2269
f 2089 2026 2090
f 2090 2026 2102
f 2146 2029 2147
f 2147 2029 2028
f 2111 2103 2112
f 2112 2103 2099
f 2061 2060 2109
f 2109 2060 2148
f 2273 2274 2041
f 2041 2274 2038
f 2260 2275 2261
f 2261 2275 2136
f 2057 2138 2132
f 2132 2138 2276
f 2272 2269 2056
f 2056 2269 2139
f 2277 2278 2270
f 2270 2278 2199
f 2029 2188 2030
f 2030 2188 2187
f 2040 2039 2127
f 2127 2039 2124
f 2064 2195 2083
f 2083 2195 2279
f 2056 2139 2057
f 2057 2139 2138
f 2278 2277 2247
f 2247 2277 2248
f 2062 2176 2063
f 2063 2176 2175
f 2280 2210 2242
f 2242 2210 2209
f 2282 2233 2281
f 2281 2233 2031
f 2216 2219 2283
f 2283 2219 2221
f 2158 2220 2218
f 2218 2220 2219
f 2217 2282 2218
f 2218 2282 2281
f 2220 2158 2167
f 2167 2158 2157
f 2223 2264 2128
f 2128 2264 2263
f 2261 1996 2120
f 2120 1996 1995
f 2213 2211 2222
f 2222 2211 2224
f 2283 2221 2284
f 2284 2221 2068
f 2135 1996 2136
f 2136 1996 2261
f 2144 2081 2258
f 2258 2081 2241
f 2235 2280 2236
f 2236 2280 2242
f 2246 2273 2147
f 2147 2273 2041
f 2036 2285 2032
f 2032 2285 2088
f 2077 2286 2152
f 2152 2286 2238
f 1937 1960 1973
f 1973 1960 1959
f 2070 2232 2071
f 2071 2232 2227
f 2244 2287 2105
f 2105 2287 2106
f 1936 1939 2149
f 2149 1939 2148
f 1944 1946 2107
f 2107 1946 2207
f 2285 2121 2088
f 2088 2121 2027
f 2253 2249 2254
f 2254 2249 2250
f 2006 2009 2077
f 2077 2009 2286
f 2289 2086 2288
f 2288 2086 2087
f 2223 2142 2290
f 2290 2142 2272
f 2128 2131 2143
f 2143 2131 2123
f 2156 2291 2153
f 2153 2291 2175
f 2292 2293 2278
f 2278 2293 2294
f 2075 2140 2123
f 2123 2140 2143
f 2262 2169 2275
f 2275 2169 2180
f 2275 2180 2136
f 2136 2180 2134
f 2274 2284 2038
f 2038 2284 2068
f 2127 2126 2182
f 2182 2126 2166
f 2094 2093 2098
f 2098 2093 2021
f 2098 2021 2099
f 2099 2021 2112
f 2018 2021 2266
f 2266 2021 2093
f 2251 2289 2252
f 2252 2289 2288
f 1997 2151 2226
f 2226 2151 2222
f 2206 2221 2220
f 2220 2221 2219
f 2269 2048 2139
f 2139 2048 2137
f 2159 2158 2281
f 2281 2158 2218
f 2156 2155 2190
f 2190 2155 2191
f 1974 1965 1583
f 1583 1965 1751
f 2088 2027 2089
f 2089 2027 2026
f 2030 2159 2031
f 2031 2159 2281
f 2106 2149 2102
f 2102 2149 2090
f 2287 1936 2106
f 2106 1936 2149
f 2293 2154 2294
f 2294 2154 2153
f 2021 2020 2112
f 2247 2295 2278
f 2278 2295 2292
f 2284 2296 2283
f 2283 2296 2297
f 2298 2296 2274
f 2274 2296 2284
f 2273 2299 2274
f 2274 2299 2298
f 2246 2300 2273
f 2273 2300 2299
f 2283 2297 2216
f 2216 2297 2301
f 2216 2301 2217
f 2217 2301 2302
f 2302 2303 2217
f 2217 2303 2282
f 2304 2301 2305
f 2305 2301 2297
f 2307 2308 2306
f 2306 2308 2309
f 2306 2310 2307
f 2307 2310 2311
f 2307 2312 2308
f 2308 2312 2313
f 2314 2315 2312
f 2312 2315 2316
f 2316 2317 2312
f 2312 2317 2313
f 2317 2305 2313
f 2313 2305 2318
f 2314 2312 2311
f 2311 2312 2307
f 2319 2320 2322
f 2322 2320 2321
f 2322 2311 2319
f 2319 2311 2310
f 2313 2318 2308
f 2308 2318 2309
f 2296 2298 2318
f 2318 2298 2309
f 2309 2298 2323
f 2323 2298 2299
f 2306 2309 2324
f 2324 2309 2323
f 2310 2306 2325
f 2325 2306 2324
f 2296 2318 2297
f 2297 2318 2305
f 2319 2310 2326
f 2326 2310 2325
f 2328 2325 2327
f 2327 2325 2324
f 2325 2328 2326
f 2326 2328 2329
f 2331 2328 2330
f 2330 2328 2327
f 2332 2333 2327
f 2327 2333 2330
f 2328 2331 2329
f 2329 2331 2334
f 2324 2323 2327
f 2327 2323 2332
f 2300 2332 2299
f 2299 2332 2323
f 2326 2335 2319
f 2319 2335 2320
f 2305 2317 2336
f 2336 2317 2316
f 2336 2316 2337
f 2337 2316 2315
f 2338 2304 2336
f 2336 2304 2305
f 2337 2339 2336
f 2336 2339 2338
f 2337 2315 2341
f 2341 2315 2340
f 2342 2300 2234
f 2234 2300 2246
f 2303 2343 2282
f 2282 2343 2233
f 2234 2233 2342
f 2342 2233 2343
f 2342 2343 2333
f 2333 2343 2344
f 2333 2344 2330
f 2330 2344 2345
f 2346 2344 2303
f 2303 2344 2343
f 2332 2300 2333
f 2333 2300 2342
f 2347 2346 2302
f 2302 2346 2303
f 2301 2304 2302
f 2302 2304 2347
f 2304 2338 2347
f 2347 2338 2348
f 2348 2349 2347
f 2347 2349 2346
f 2350 2351 2348
f 2348 2351 2349
f 2349 2345 2346
f 2346 2345 2344
f 2345 2349 2352
f 2352 2349 2351
f 2338 2339 2348
f 2348 2339 2350
f 2350 2339 2353
f 2353 2339 2354
f 2356 2357 2355
f 2355 2357 2353
f 2351 2350 2357
f 2357 2350 2353
f 2353 2354 2355
f 2355 2354 2335
f 2320 2335 2341
f 2341 2335 2354
f 2339 2337 2354
f 2354 2337 2341
f 2352 2331 2345
f 2345 2331 2330
f 2356 2334 2352
f 2352 2334 2331
f 2356 2352 2357
f 2357 2352 2351
f 2355 2329 2356
f 2356 2329 2334
f 2335 2326 2355
f 2355 2326 2329
f 2321 2314 2322
f 2322 2314 2311
f 2321 2320 2340
f 2340 2320 2341
f 2315 2314 2340
f 2340 2314 2321
f 2125 2260 2126
f 2126 2260 2259
f 2157 2160 2129
f 2129 2160 2130
f 2188 2163 2187
f 2187 2163 2162
f 2182 2166 2188
f 2188 2166 2163
f 2180 2169 2263
f 2263 2169 2168
f 2160 2187 2130
f 2130 2187 2162
f 2275 2260 2262
f 2262 2260 2125
f 2128 2263 2129
f 2129 2263 2168
f 2262 2205 2169
f 2169 2205 2170
f 2165 2166 2259
f 2259 2166 2126
f 2359 2360 2358
f 2358 2360 2361
f 2363 2364 2362
f 2362 2364 2365
f 2367 2363 2366
f 2366 2363 2362
f 2368 2369 2371
f 2371 2369 2370
f 2372 2373 2248
f 2248 2373 2059
f 2364 2374 2365
f 2365 2374 2375
f 2377 2378 2376
f 2376 2378 2379
f 2290 2380 2223
f 2223 2380 2381
f 2223 2381 2264
f 2264 2381 2382
f 2384 2385 2383
f 2383 2385 2386
f 2364 2371 2374
f 2374 2371 2387
f 2059 2373 2290
f 2290 2373 2380
f 2378 2360 2379
f 2379 2360 2388
f 2374 2387 2359
f 2359 2387 2389
f 2390 2367 2386
f 2386 2367 2391
f 2393 2394 2392
f 2392 2394 2395
f 2386 2391 2383
f 2383 2391 2396
f 2367 2366 2391
f 2391 2366 2397
f 2363 2367 2368
f 2368 2367 2390
f 2398 2399 2361
f 2361 2399 2358
f 2399 2400 2358
f 2358 2400 2375
f 2390 2401 2368
f 2368 2401 2369
f 2372 2384 2376
f 2376 2384 2383
f 2374 2359 2375
f 2375 2359 2358
f 2402 2403 2365
f 2365 2403 2362
f 2359 2389 2360
f 2360 2389 2388
f 2364 2363 2371
f 2371 2363 2368
f 2405 2398 2404
f 2404 2398 2361
f 2392 2395 2406
f 2406 2395 2397
f 2377 2396 2394
f 2394 2396 2395
f 2394 2393 2404
f 2404 2393 2405
f 2396 2377 2383
f 2383 2377 2376
f 2406 2397 2407
f 2407 2397 2366
f 2400 2402 2375
f 2375 2402 2365
f 2385 2270 2401
f 2401 2270 2271
f 2403 2407 2362
f 2362 2407 2366
f 2371 2370 2387
f 2387 2370 2382
f 2391 2397 2396
f 2396 2397 2395
f 2378 2377 2404
f 2404 2377 2394
f 2360 2378 2361
f 2361 2378 2404
f 2407 2408 2406
f 2406 2408 2409
f 2410 2408 2403
f 2403 2408 2407
f 2411 2410 2402
f 2402 2410 2403
f 2412 2411 2400
f 2400 2411 2402
f 2406 2409 2392
f 2392 2409 2413
f 2392 2413 2393
f 2393 2413 2414
f 2415 2405 2414
f 2414 2405 2393
f 2416 2413 2417
f 2417 2413 2409
f 2419 2420 2418
f 2418 2420 2421
f 2420 2422 2421
f 2421 2422 2423
f 2420 2424 2422
f 2422 2424 2425
f 2426 2427 2424
f 2424 2427 2428
f 2428 2429 2424
f 2424 2429 2425
f 2426 2424 2419
f 2419 2424 2420
f 2419 2418 2431
f 2431 2418 2430
f 2425 2432 2422
f 2422 2432 2423
f 2408 2410 2432
f 2432 2410 2423
f 2423 2410 2433
f 2433 2410 2411
f 2421 2423 2434
f 2434 2423 2433
f 2435 2418 2434
f 2434 2418 2421
f 2429 2417 2425
f 2425 2417 2432
f 2408 2432 2409
f 2409 2432 2417
f 2418 2435 2430
f 2430 2435 2436
f 2438 2435 2437
f 2437 2435 2434
f 2435 2438 2436
f 2436 2438 2439
f 2441 2438 2440
f 2440 2438 2437
f 2442 2443 2437
f 2437 2443 2440
f 2439 2438 2444
f 2444 2438 2441
f 2433 2442 2434
f 2434 2442 2437
f 2412 2442 2411
f 2411 2442 2433
f 2436 2445 2430
f 2430 2445 2446
f 2430 2446 2431
f 2431 2446 2447
f 2417 2429 2448
f 2448 2429 2428
f 2427 2449 2428
f 2428 2449 2448
f 2450 2416 2448
f 2448 2416 2417
f 2451 2450 2449
f 2449 2450 2448
f 2427 2452 2449
f 2449 2452 2453
f 2447 2446 2452
f 2452 2446 2453
f 2454 2412 2399
f 2399 2412 2400
f 2415 2455 2405
f 2405 2455 2398
f 2399 2398 2454
f 2454 2398 2455
f 2454 2455 2443
f 2443 2455 2456
f 2443 2456 2440
f 2440 2456 2457
f 2458 2456 2415
f 2415 2456 2455
f 2443 2442 2454
f 2454 2442 2412
f 2459 2458 2414
f 2414 2458 2415
f 2413 2416 2414
f 2414 2416 2459
f 2459 2416 2460
f 2460 2416 2450
f 2460 2461 2459
f 2459 2461 2458
f 2462 2463 2460
f 2460 2463 2461
f 2461 2457 2458
f 2458 2457 2456
f 2457 2461 2464
f 2464 2461 2463
f 2451 2462 2450
f 2450 2462 2460
f 2462 2451 2465
f 2465 2451 2466
f 2468 2469 2467
f 2467 2469 2465
f 2463 2462 2469
f 2469 2462 2465
f 2465 2466 2467
f 2467 2466 2445
f 2446 2445 2453
f 2453 2445 2466
f 2451 2449 2466
f 2466 2449 2453
f 2464 2441 2457
f 2457 2441 2440
f 2468 2444 2464
f 2464 2444 2441
f 2468 2464 2469
f 2469 2464 2463
f 2467 2439 2468
f 2468 2439 2444
f 2445 2436 2467
f 2467 2436 2439
f 2447 2426 2431
f 2431 2426 2419
f 2427 2426 2452
f 2452 2426 2447
f 2369 2179 2370
f 2370 2179 2178
f 2376 2379 2372
f 2372 2379 2373
f 2389 2381 2388
f 2388 2381 2380
f 2387 2382 2389
f 2389 2382 2381
f 2270 2385 2277
f 2277 2385 2384
f 2379 2388 2373
f 2373 2388 2380
f 2401 2271 2369
f 2369 2271 2179
f 2248 2277 2372
f 2372 2277 2384
f 2401 2390 2385
f 2385 2390 2386
f 2264 2382 2178
f 2178 2382 2370
f 2215 2134 2271
f 2271 2134 2179
f 2005 2000 2199
f 2199 2000 2215
f 2004 2001 2005
f 2005 2001 2000
f 2200 2214 2004
f 2004 2214 2001
f 2470 2471 2473
f 2473 2471 2472
f 2475 2476 2474
f 2474 2476 2477
f 2479 2475 2478
f 2478 2475 2474
f 2481 2482 2480
f 2480 2482 2483
f 2476 2484 2477
f 2477 2484 2485
f 2487 2488 2486
f 2486 2488 2489
f 2133 2490 2058
f 2058 2490 2491
f 2058 2491 2247
f 2247 2491 2492
f 2494 2495 2493
f 2493 2495 2496
f 2476 2483 2484
f 2484 2483 2497
f 2472 2498 2488
f 2488 2498 2489
f 2484 2497 2471
f 2471 2497 2499
f 2500 2479 2496
f 2496 2479 2501
f 2502 2503 2505
f 2505 2503 2504
f 2496 2501 2493
f 2493 2501 2506
f 2479 2478 2501
f 2501 2478 2507
f 2475 2479 2480
f 2480 2479 2500
f 2508 2509 2473
f 2473 2509 2470
f 2509 2510 2470
f 2470 2510 2485
f 2511 2481 2500
f 2500 2481 2480
f 2512 2494 2486
f 2486 2494 2493
f 2485 2484 2470
f 2470 2484 2471
f 2513 2514 2477
f 2477 2514 2474
f 2471 2499 2472
f 2472 2499 2498
f 2476 2475 2483
f 2483 2475 2480
f 2516 2508 2515
f 2515 2508 2473
f 2502 2505 2517
f 2517 2505 2507
f 2504 2487 2505
f 2505 2487 2506
f 2503 2516 2504
f 2504 2516 2515
f 2506 2487 2493
f 2493 2487 2486
f 2517 2507 2518
f 2518 2507 2478
f 2510 2513 2485
f 2485 2513 2477
f 2511 2495 2293
f 2293 2495 2154
f 2514 2518 2474
f 2474 2518 2478
f 2483 2482 2497
f 2497 2482 2492
f 2501 2507 2506
f 2506 2507 2505
f 2488 2487 2515
f 2515 2487 2504
f 2472 2488 2473
f 2473 2488 2515
f 2518 2519 2517
f 2517 2519 2520
f 2521 2519 2514
f 2514 2519 2518
f 2522 2521 2513
f 2513 2521 2514
f 2523 2522 2510
f 2510 2522 2513
f 2517 2520 2502
f 2502 2520 2524
f 2502 2524 2503
f 2503 2524 2525
f 2525 2526 2503
f 2503 2526 2516
f 2527 2524 2528
f 2528 2524 2520
f 2530 2531 2529
f 2529 2531 2532
f 2531 2533 2532
f 2532 2533 2534
f 2531 2535 2533
f 2533 2535 2536
f 2537 2538 2535
f 2535 2538 2539
f 2539 2540 2535
f 2535 2540 2536
f 2537 2535 2530
f 2530 2535 2531
f 2529 2541 2530
f 2530 2541 2542
f 2543 2534 2536
f 2536 2534 2533
f 2519 2521 2543
f 2543 2521 2534
f 2534 2521 2544
f 2544 2521 2522
f 2532 2534 2545
f 2545 2534 2544
f 2529 2532 2546
f 2546 2532 2545
f 2536 2540 2543
f 2543 2540 2528
f 2519 2543 2520
f 2520 2543 2528
f 2541 2529 2547
f 2547 2529 2546
f 2548 2549 2545
f 2545 2549 2546
f 2549 2550 2546
f 2546 2550 2547
f 2551 2552 2548
f 2548 2552 2549
f 2548 2553 2551
f 2551 2553 2554
f 2550 2549 2555
f 2555 2549 2552
f 2545 2544 2548
f 2548 2544 2553
f 2523 2553 2522
f 2522 2553 2544
f 2547 2556 2541
f 2541 2556 2557
f 2541 2557 2542
f 2542 2557 2558
f 2528 2540 2559
f 2559 2540 2539
f 2538 2560 2539
f 2539 2560 2559
f 2561 2527 2559
f 2559 2527 2528
f 2560 2562 2559
f 2559 2562 2561
f 2560 2538 2564
f 2564 2538 2563
f 2558 2557 2563
f 2563 2557 2564
f 2565 2523 2509
f 2509 2523 2510
f 2526 2566 2516
f 2516 2566 2508
f 2509 2508 2565
f 2565 2508 2566
f 2565 2566 2554
f 2554 2566 2567
f 2554 2567 2551
f 2551 2567 2568
f 2569 2567 2526
f 2526 2567 2566
f 2553 2523 2554
f 2554 2523 2565
f 2570 2569 2525
f 2525 2569 2526
f 2524 2527 2525
f 2525 2527 2570
f 2527 2561 2570
f 2570 2561 2571
f 2571 2572 2570
f 2570 2572 2569
f 2573 2574 2571
f 2571 2574 2572
f 2572 2568 2569
f 2569 2568 2567
f 2568 2572 2575
f 2575 2572 2574
f 2562 2573 2561
f 2561 2573 2571
f 2573 2562 2576
f 2576 2562 2577
f 2579 2580 2578
f 2578 2580 2576
f 2574 2573 2580
f 2580 2573 2576
f 2576 2577 2578
f 2578 2577 2556
f 2557 2556 2564
f 2564 2556 2577
f 2562 2560 2577
f 2577 2560 2564
f 2575 2552 2568
f 2568 2552 2551
f 2579 2555 2575
f 2575 2555 2552
f 2579 2575 2580
f 2580 2575 2574
f 2550 2555 2578
f 2578 2555 2579
f 2556 2547 2578
f 2578 2547 2550
f 2558 2537 2542
f 2542 2537 2530
f 2538 2537 2563
f 2563 2537 2558
f 2292 2295 2481
f 2481 2295 2482
f 2486 2489 2512
f 2512 2489 2581
f 2499 2491 2498
f 2498 2491 2490
f 2497 2492 2499
f 2499 2492 2491
f 2155 2154 2494
f 2494 2154 2495
f 2581 2489 2490
f 2490 2489 2498
f 2293 2292 2511
f 2511 2292 2481
f 2191 2155 2512
f 2512 2155 2494
f 2500 2496 2511
f 2511 2496 2495
f 2247 2492 2295
f 2295 2492 2482
f 2583 2584 2582
f 2582 2584 2585
f 2587 2588 2586
f 2586 2588 2589
f 2591 2587 2590
f 2590 2587 2586
f 2593 2594 2592
f 2592 2594 2595
f 2596 2597 2599
f 2599 2597 2598
f 2588 2600 2589
f 2589 2600 2601
f 2602 2603 2605
f 2605 2603 2604
f 2606 2607 2609
f 2609 2607 2608
f 2609 2608 2190
f 2190 2608 2610
f 2611 2612 2614
f 2614 2612 2613
f 2600 2588 2615
f 2615 2588 2595
f 2599 2598 2606
f 2606 2598 2607
f 2584 2616 2604
f 2604 2616 2605
f 2600 2615 2583
f 2583 2615 2617
f 2591 2619 2618
f 2618 2619 2614
f 2621 2622 2620
f 2620 2622 2623
f 2619 2624 2614
f 2614 2624 2611
f 2591 2590 2619
f 2619 2590 2625
f 2587 2591 2592
f 2592 2591 2618
f 2626 2627 2585
f 2585 2627 2582
f 2627 2628 2582
f 2582 2628 2601
f 2629 2593 2618
f 2618 2593 2592
f 2602 2597 2611
f 2611 2597 2612
f 2600 2583 2601
f 2601 2583 2582
f 2630 2631 2589
f 2589 2631 2586
f 2583 2617 2584
f 2584 2617 2616
f 2588 2587 2595
f 2595 2587 2592
f 2633 2626 2632
f 2632 2626 2585
f 2620 2623 2634
f 2634 2623 2625
f 2622 2603 2623
f 2623 2603 2624
f 2621 2633 2622
f 2622 2633 2632
f 2611 2624 2602
f 2602 2624 2603
f 2634 2625 2635
f 2635 2625 2590
f 2628 2630 2601
f 2601 2630 2589
f 2613 2195 2629
f 2629 2195 2194
f 2631 2635 2586
f 2586 2635 2590
f 2595 2594 2615
f 2615 2594 2610
f 2619 2625 2624
f 2624 2625 2623
f 2632 2604 2622
f 2622 2604 2603
f 2585 2584 2632
f 2632 2584 2604
f 2635 2636 2634
f 2634 2636 2637
f 2638 2636 2631
f 2631 2636 2635
f 2639 2638 2630
f 2630 2638 2631
f 2640 2639 2628
f 2628 2639 2630
f 2634 2637 2620
f 2620 2637 2641
f 2620 2641 2621
f 2621 2641 2642
f 2642 2643 2621
f 2621 2643 2633
f 2641 2637 2644
f 2644 2637 2645
f 2646 2647 2649
f 2649 2647 2648
f 2648 2650 2649
f 2649 2650 2651
f 2648 2652 2650
f 2650 2652 2653
f 2652 2654 2656
f 2656 2654 2655
f 2656 2657 2652
f 2652 2657 2653
f 2654 2652 2647
f 2647 2652 2648
f 2647 2646 2659
f 2659 2646 2658
f 2660 2651 2653
f 2653 2651 2650
f 2636 2638 2660
f 2660 2638 2651
f 2651 2638 2661
f 2661 2638 2639
f 2651 2661 2649
f 2649 2661 2662
f 2663 2646 2662
f 2662 2646 2649
f 2653 2657 2660
f 2660 2657 2645
f 2636 2660 2637
f 2637 2660 2645
f 2646 2663 2658
f 2658 2663 2664
f 2665 2666 2662
f 2662 2666 2663
f 2666 2667 2663
f 2663 2667 2664
f 2668 2669 2665
f 2665 2669 2666
f 2665 2670 2668
f 2668 2670 2671
f 2667 2666 2672
f 2672 2666 2669
f 2662 2661 2665
f 2665 2661 2670
f 2640 2670 2639
f 2639 2670 2661
f 2673 2674 2664
f 2664 2674 2658
f 2658 2674 2659
f 2659 2674 2675
f 2645 2657 2676
f 2676 2657 2656
f 2677 2676 2655
f 2655 2676 2656
f 2676 2678 2645
f 2645 2678 2644
f 2677 2679 2676
f 2676 2679 2678
f 2655 2680 2677
f 2677 2680 2681
f 2675 2674 2680
f 2680 2674 2681
f 2682 2640 2627
f 2627 2640 2628
f 2643 2683 2633
f 2633 2683 2626
f 2682 2627 2683
f 2683 2627 2626
f 2683 2684 2682
f 2682 2684 2671
f 2684 2685 2671
f 2671 2685 2668
f 2686 2684 2643
f 2643 2684 2683
f 2670 2640 2671
f 2671 2640 2682
f 2687 2686 2642
f 2642 2686 2643
f 2642 2641 2687
f 2687 2641 2644
f 2687 2644 2688
f 2688 2644 2678
f 2688 2689 2687
f 2687 2689 2686
f 2690 2691 2688
f 2688 2691 2689
f 2689 2685 2686
f 2686 2685 2684
f 2685 2689 2692
f 2692 2689 2691
f 2679 2690 2678
f 2678 2690 2688
f 2690 2679 2693
f 2693 2679 2694
f 2696 2697 2695
f 2695 2697 2693
f 2691 2690 2697
f 2697 2690 2693
f 2693 2694 2695
f 2695 2694 2673
f 2674 2673 2681
f 2681 2673 2694
f 2679 2677 2694
f 2694 2677 2681
f 2685 2692 2668
f 2668 2692 2669
f 2696 2672 2692
f 2692 2672 2669
f 2696 2692 2697
f 2697 2692 2691
f 2695 2667 2696
f 2696 2667 2672
f 2673 2664 2695
f 2695 2664 2667
f 2675 2654 2659
f 2659 2654 2647
f 2655 2654 2680
f 2680 2654 2675
f 2291 2156 2593
f 2593 2156 2594
f 2597 2602 2598
f 2598 2602 2605
f 2616 2617 2607
f 2607 2617 2608
f 2615 2610 2617
f 2617 2610 2608
f 2597 2596 2612
f 2612 2596 2698
f 2598 2605 2607
f 2607 2605 2616
f 2194 2291 2629
f 2629 2291 2593
f 2629 2618 2613
f 2613 2618 2614
f 2190 2610 2156
f 2156 2610 2594
f 2700 2010 2699
f 2699 2010 2086
f 2267 2701 2116
f 2116 2701 2702
f 2116 2702 2117
f 2117 2702 2703
f 2704 2705 2250
f 2250 2705 2254
f 2011 2706 2267
f 2267 2706 2701
f 2699 2086 2707
f 2707 2086 2289
f 2010 2700 2011
f 2011 2700 2706
f 2708 2707 2251
f 2251 2707 2289
f 2703 2704 2117
f 2117 2704 2250
f 2705 2708 2254
f 2254 2708 2251
f 2709 2710 2708
f 2708 2710 2707
f 2711 2709 2705
f 2705 2709 2708
f 2712 2711 2704
f 2704 2711 2705
f 2713 2712 2703
f 2703 2712 2704
f 2707 2710 2699
f 2699 2710 2714
f 2699 2714 2700
f 2700 2714 2715
f 2716 2706 2715
f 2715 2706 2700
f 2714 2710 2717
f 2717 2710 2718
f 2720 2721 2719
f 2719 2721 2722
f 2721 2723 2722
f 2722 2723 2724
f 2721 2725 2723
f 2723 2725 2726
f 2727 2728 2725
f 2725 2728 2726
f 2729 2725 2720
f 2720 2725 2721
f 2731 2729 2730
f 2730 2729 2720
f 2719 2732 2720
f 2720 2732 2730
f 2726 2733 2723
f 2723 2733 2724
f 2709 2711 2733
f 2733 2711 2724
f 2724 2711 2734
f 2734 2711 2712
f 2722 2724 2735
f 2735 2724 2734
f 2719 2722 2736
f 2736 2722 2735
f 2726 2728 2733
f 2733 2728 2718
f 2709 2733 2710
f 2710 2733 2718
f 2732 2719 2737
f 2737 2719 2736
f 2738 2739 2735
f 2735 2739 2736
f 2739 2740 2736
f 2736 2740 2737
f 2741 2742 2738
f 2738 2742 2739
f 2738 2743 2741
f 2741 2743 2744
f 2740 2739 2745
f 2745 2739 2742
f 2735 2734 2738
f 2738 2734 2743
f 2713 2743 2712
f 2712 2743 2734
f 2737 2746 2732
f 2732 2746 2747
f 2732 2747 2730
f 2730 2747 2731
f 2718 2728 2748
f 2748 2728 2727
f 2749 2750 2727
f 2727 2750 2748
f 2748 2751 2718
f 2718 2751 2717
f 2750 2752 2748
f 2748 2752 2751
f 2750 2749 2754
f 2754 2749 2753
f 2731 2747 2753
f 2753 2747 2754
f 2727 2725 2749
f 2749 2725 2729
f 2749 2729 2753
f 2753 2729 2731
f 2702 2755 2703
f 2703 2755 2713
f 2706 2716 2701
f 2701 2716 2756
f 2755 2702 2756
f 2756 2702 2701
f 2756 2757 2755
f 2755 2757 2744
f 2757 2758 2744
f 2744 2758 2741
f 2759 2757 2716
f 2716 2757 2756
f 2743 2713 2744
f 2744 2713 2755
f 2760 2759 2715
f 2715 2759 2716
f 2715 2714 2760
f 2760 2714 2717
f 2760 2717 2761
f 2761 2717 2751
f 2761 2762 2760
f 2760 2762 2759
f 2763 2764 2761
f 2761 2764 2762
f 2762 2758 2759
f 2759 2758 2757
f 2758 2762 2765
f 2765 2762 2764
f 2752 2763 2751
f 2751 2763 2761
f 2763 2752 2766
f 2766 2752 2767
f 2768 2769 2766
f 2766 2769 2770
f 2764 2763 2770
f 2770 2763 2766
f 2766 2767 2768
f 2768 2767 2746
f 2747 2746 2754
f 2754 2746 2767
f 2752 2750 2767
f 2767 2750 2754
f 2758 2765 2741
f 2741 2765 2742
f 2769 2745 2765
f 2765 2745 2742
f 2769 2765 2770
f 2770 2765 2764
f 2768 2740 2769
f 2769 2740 2745
f 2746 2737 2768
f 2768 2737 2740
f 2201 2212 2200
f 2200 2212 2214
f 2201 2202 2212
f 2212 2202 2185
f 2512 2581 2191
f 2191 2581 2192
f 2059 2290 2056
f 2056 2290 2272
f 2174 2199 2294
f 2294 2199 2278
f 2063 2175 2194
f 2194 2175 2291
f 2192 2581 2133
f 2133 2581 2490
f 2133 2132 2192
f 2192 2132 2189
f 2054 2276 2055
f 2055 2276 2138
f 2083 2279 2084
f 2084 2279 2771
f 2771 2279 2599
f 2599 2279 2596
f 2606 2772 2599
f 2599 2772 2771
f 2772 2773 2771
f 2771 2773 2084
f 2773 2774 2084
f 2084 2774 2085
f 2085 2775 2082
f 2082 2775 2144
f 2774 2078 2085
f 2085 2078 2775
f 2078 2774 2079
f 2079 2774 2776
f 2774 2773 2776
f 2776 2773 2777
f 2773 2772 2777
f 2777 2772 2778
f 2190 2189 2609
f 2609 2189 2778
f 2053 2052 2779
f 2779 2052 2181
f 2144 2775 2081
f 2081 2775 2078
f 2294 2153 2174
f 2174 2153 2175
f 2132 2276 2189
f 2189 2276 2778
f 2606 2609 2772
f 2772 2609 2778
f 2195 2613 2698
f 2698 2613 2612
f 2596 2279 2698
f 2698 2279 2195
f 2054 2777 2276
f 2276 2777 2778
f 2777 2054 2776
f 2776 2054 2053
f 2053 2779 2776
f 2776 2779 2079
f 2779 2181 2079
f 2079 2181 2080
f 2181 2239 2080
f 2080 2239 2240
f 2122 2256 2014
f 2042 1982 2076
f 2076 1982 2007
f 1982 1985 2007
f 2007 1985 2008
f 2095 2097 2265
f 2265 2097 2266
f 2076 2050 2042
f 2042 2050 2047
f 2046 2043 2047
f 2047 2043 2042
f 2118 1993 2046
f 2046 1993 2043
f 1995 1994 2118
f 2118 1994 1993
f 2267 1992 2011
f 2011 1992 2012
f 1997 2012 1994
f 1994 2012 1992
f 2226 2013 1997
f 1997 2013 2012
f 2225 2087 2226
f 2226 2087 2013
f 2225 2232 2087
f 2087 2232 2288
f 2232 2070 2288
f 2288 2070 2252
f 2070 2025 2252
f 2252 2025 2253
f 1988 2249 2025
f 2025 2249 2253
f 2116 2115 2267
f 2267 2115 2268
f 2096 1984 2237
f 2237 1984 1991
f 2095 1985 2096
f 2096 1985 1984
f 2265 2008 2095
f 2095 2008 1985
f 2092 2009 2265
f 2265 2009 2008
f 2091 2286 2092
f 2092 2286 2009
f 2255 2238 2091
f 2091 2238 2286
f 2256 2239 2255
f 2255 2239 2238
f 2122 2240 2256
f 2256 2240 2239
f 2121 2241 2122
f 2122 2241 2240
f 2022 2018 2097
f 2097 2018 2266
f 2022 2024 2018
f 2018 2024 2019
f 2024 2072 2019
f 2019 2072 2073
f 2072 2228 2073
f 2073 2228 2230
f 2228 2184 2230
f 2230 2184 2183
f 2121 2285 2241
f 2241 2285 2258
f 2285 2036 2258
f 2258 2036 2257
f 2177 2145 2193
f 2193 2145 2257
f 2173 2193 2196
f 2196 2193 2037
f 2036 2037 2257
f 2257 2037 2193
f 2196 2037 2066
f 2066 2037 2035
f 2061 2108 2034
f 2034 2108 2067
f 2108 2208 2067
f 2067 2208 2204
f 2208 2210 2204
f 2204 2210 2203
f 2210 2280 2203
f 2203 2280 2186
f 2183 2186 2235
f 2235 2186 2280
f 1987 2114 1988
f 1988 2114 2249
f 2237 2115 1987
f 1987 2115 2114
f 1991 2268 2237
f 2237 2268 2115
f 1991 1990 2268
f 2268 1990 1992
f 107 110 2781
f 2781 110 2780
f 117 2782 118
f 118 2782 2783
f 119 2784 120
f 120 2784 2785
f 125 2786 126
f 126 2786 2787
f 127 2788 128
f 128 2788 2789
f 127 132 2788
f 2788 132 2790
f 231 230 2792
f 2792 230 2791
f 118 2783 119
f 119 2783 2784
f 241 243 2794
f 2794 243 2793
f 2781 2795 107
f 107 2795 352
f 120 2785 437
f 437 2785 2796
f 126 2787 110
f 110 2787 2780
f 455 2797 456
f 456 2797 2798
f 128 2789 457
f 457 2789 2799
f 456 2798 117
f 117 2798 2782
f 2794 2797 241
f 241 2797 455
f 457 2799 125
f 125 2799 2786
f 132 231 2790
f 2790 231 2792
f 230 437 2791
f 2791 437 2796
f 2792 2789 2790
f 2790 2789 2788
f 2785 2784 2801
f 2801 2784 2800
f 2786 2802 2787
f 2787 2802 2803
f 2792 2791 2805
f 2805 2791 2804
f 2784 2783 2800
f 2800 2783 2806
f 2785 2801 2796
f 2796 2801 2807
f 2787 2803 2780
f 2780 2803 2808
f 2789 2809 2799
f 2799 2809 2810
f 2799 2810 2786
f 2786 2810 2802
f 2791 2796 2804
f 2804 2796 2807
f 2789 2792 2809
f 2809 2792 2805
f 2812 2797 2811
f 2811 2797 2794
f 2809 2805 2810
f 2810 2805 2804
f 2810 2804 2802
f 2802 2804 2807
f 2802 2807 2803
f 2803 2807 2801
f 2808 2803 2800
f 2800 2803 2801
f 2814 699 2813
f 2813 699 698
f 2808 2815 2780
f 2780 2815 2781
f 2817 2782 2816
f 2816 2782 2798
f 2815 2818 2781
f 2781 2818 2795
f 2797 2812 2798
f 2798 2812 2816
f 2783 2782 2806
f 2806 2782 2817
f 2800 2806 2808
f 2808 2806 2815
f 2794 2793 2811
f 2811 2793 2819
f 174 201 384
f 384 201 362
f 200 1766 390
f 390 1766 1777
f 1777 1778 390
f 390 1778 398
f 1778 361 398
f 398 361 222
f 2820 2821 628
f 628 2821 629
f 1406 2820 790
f 790 2820 628
f 794 1415 1233
f 1233 1415 1234
f 1406 790 1407
f 1407 790 1312
f 1407 1312 2822
f 2822 1312 1316
f 2823 1380 1543
f 1543 1380 1379
f 1385 1738 1382
f 1382 1738 1383
f 1381 791 1382
f 1382 791 1386
f 791 794 1386
f 1386 794 1233
f 1259 1390 1260
f 1260 1390 1389
f 1905 1542 1394
f 1394 1542 1395
f 1410 1413 1397
f 1397 1413 1398
f 2821 1410 629
f 629 1410 1397
f 2823 2822 1380
f 1380 2822 1316
f 1392 1395 1378
f 1378 1395 1379
f 1738 1399 1383
f 1383 1399 1398
f 1388 1235 1389
f 1389 1235 1234
f 1393 1391 1394
f 1394 1391 1390
f 1381 1384 779
f 779 1384 780
f 1282 788 792
f 792 788 793
f 1431 1262 1432
f 1432 1262 1261
f 1400 1342 1408
f 1408 1342 1409
f 1508 1544 1411
f 1411 1544 1412
f 788 787 793
f 793 787 1414
f 2821 2820 1429
f 1429 2820 1430
f 2822 2823 1506
f 1506 2823 1507
f 778 1282 779
f 779 1282 792
f 2820 1406 1430
f 1430 1406 1409
f 1410 2821 1411
f 1411 2821 1429
f 1407 2822 1408
f 1408 2822 1506
f 1544 781 1412
f 1412 781 780
f 1260 1415 1261
f 1261 1415 1414
f 1334 2824 923
f 923 2824 924
f 2826 1268 2825
f 2825 1268 1267
f 769 1212 2827
f 2827 1212 2828
f 1492 1190 1266
f 1266 1190 1267
f 1488 2829 1489
f 1489 2829 2830
f 922 1329 923
f 923 1329 1328
f 1484 2831 1485
f 1485 2831 2832
f 1482 2833 1485
f 1485 2833 1486
f 1324 1493 1489
f 1489 1493 1490
f 1265 1491 1266
f 1266 1491 1490
f 2835 2836 2834
f 2834 2836 2837
f 1250 2838 2827
f 2827 2838 2839
f 1488 1491 2840
f 2840 1491 2841
f 1268 2826 2842
f 2842 2826 2843
f 2844 2845 1495
f 1495 2845 1496
f 1427 2847 2846
f 2846 2847 926
f 2829 1488 2848
f 2848 1488 2840
f 1329 922 2849
f 2849 922 927
f 2850 2851 768
f 768 2851 1213
f 1265 1268 2852
f 2852 1268 2842
f 1491 1265 2841
f 2841 1265 2852
f 2854 2855 2853
f 2853 2855 2856
f 2855 2857 2856
f 2856 2857 598
f 2857 2858 598
f 598 2858 595
f 2858 2859 595
f 595 2859 626
f 649 652 2860
f 2860 652 2861
f 639 642 2862
f 2862 642 2863
f 2864 705 2862
f 2862 705 639
f 2865 1418 2864
f 2864 1418 705
f 2866 2867 2865
f 2865 2867 1418
f 1760 1348 1761
f 1761 1348 2867
f 1764 2868 1197
f 1197 2868 1198
f 2869 611 2868
f 2868 611 1198
f 2870 612 2869
f 2869 612 611
f 1352 1350 944
f 944 1350 688
f 1350 1256 688
f 688 1256 685
f 1256 1255 685
f 685 1255 692
f 1255 2871 692
f 692 2871 2872
f 701 2873 698
f 698 2873 2813
f 2872 1349 692
f 692 1349 693
f 1696 1744 1574
f 1574 1744 1575
f 1753 1618 1577
f 1577 1618 1578
f 1729 1594 1608
f 1608 1594 1609
f 1725 1630 1611
f 1611 1630 1612
f 1604 1607 1625
f 1625 1607 1626
f 1624 1703 1625
f 1625 1703 1912
f 1703 1702 1912
f 1912 1702 1913
f 1702 1753 1913
f 1913 1753 1577
f 1598 1569 1915
f 1915 1569 1578
f 1616 1615 1915
f 1915 1615 1916
f 1615 1696 1916
f 1916 1696 1574
f 1744 1745 1575
f 1575 1745 1917
f 1745 1565 1917
f 1917 1565 1609
f 1568 1725 1608
f 1608 1725 1611
f 2874 1613 1918
f 1918 1613 1612
f 1607 2874 1626
f 1626 2874 1918
f 1610 1613 1562
f 1562 1613 1563
f 1547 1550 1570
f 1570 1550 1571
f 1573 1576 1580
f 1580 1576 1581
f 1553 1556 1595
f 1595 1556 1596
f 1556 1582 1596
f 1596 1582 1581
f 1551 1547 1599
f 1599 1547 1570
f 1731 1914 1601
f 1601 1914 1602
f 1686 1689 1605
f 1605 1689 1606
f 1598 1743 1599
f 1599 1743 1692
f 2874 1607 1723
f 1723 1607 1606
f 1727 1553 1730
f 1730 1553 1595
f 1600 1686 1601
f 1601 1686 1605
f 1914 1572 1602
f 1602 1572 1571
f 1579 1693 1580
f 1580 1693 1692
f 1613 2874 1563
f 1563 2874 1723
f 1561 1727 1562
f 1562 1727 1730
f 1949 1742 1548
f 1548 1742 1549
f 1694 1949 1552
f 1552 1949 1548
f 1954 1589 1554
f 1554 1589 1555
f 1693 1579 1558
f 1558 1579 1559
f 1561 1564 1584
f 1584 1564 1585
f 1582 1556 1588
f 1588 1556 1555
f 1600 1603 1591
f 1591 1603 1592
f 1981 1977 1687
f 1687 1977 1688
f 1564 1722 1585
f 1585 1722 1690
f 1551 1693 1552
f 1552 1693 1558
f 1751 1954 1728
f 1728 1954 1554
f 1590 1981 1591
f 1591 1981 1687
f 1603 1550 1592
f 1592 1550 1549
f 1977 1691 1688
f 1688 1691 1690
f 1587 1560 1588
f 1588 1560 1559
f 1727 1561 1728
f 1728 1561 1584
f 2875 1919 1947
f 1947 1919 1948
f 1557 1560 1952
f 1952 1560 1953
f 1933 1932 1955
f 1955 1932 1956
f 1587 1589 1958
f 1958 1589 1956
f 1959 1933 1965
f 1965 1933 1955
f 1961 1964 1966
f 1966 1964 1967
f 1981 1590 1969
f 1969 1590 1967
f 1742 1949 1972
f 1972 1949 1948
f 1593 1742 1966
f 1966 1742 1972
f 1957 1950 1958
f 1958 1950 1953
f 1583 1586 1974
f 1974 1586 1975
f 1940 1943 1978
f 1978 1943 1979
f 1943 1976 1979
f 1979 1976 1975
f 1951 2875 1952
f 1952 2875 1947
f 1968 1940 1969
f 1969 1940 1978
f 1973 1959 1974
f 1974 1959 1965
f 1923 1971 1920
f 1920 1971 1921
f 1919 2875 1920
f 1920 2875 1924
f 2875 1951 1924
f 1924 1951 1926
f 1950 1957 1929
f 1929 1957 1930
f 2244 2243 1934
f 1934 2243 1935
f 1973 1976 1937
f 1937 1976 1938
f 1944 1980 1941
f 1941 1980 1942
f 1940 1968 1941
f 1941 1968 1945
f 2287 2244 1960
f 1960 2244 1934
f 1970 2245 1962
f 1962 2245 1963
f 2243 1931 1935
f 1935 1931 1930
f 1927 1926 1928
f 1928 1926 1929
f 1961 1922 1962
f 1962 1922 1921
f 2245 1946 1963
f 1963 1946 1945
f 1976 1943 1938
f 1938 1943 1942
f 1936 2287 1937
f 1937 2287 1960
f 743 1238 608
f 608 1238 609
f 607 1811 608
f 608 1811 744
f 1304 2876 1305
f 1305 2876 2877
f 586 585 1298
f 1298 585 1299
f 585 702 1299
f 1299 702 1300
f 702 1428 1300
f 1300 1428 1301
f 1238 586 609
f 609 586 1298
f 2878 2879 1218
f 1218 2879 2877
f 2880 2881 1812
f 1812 2881 1819
f 2883 1821 2882
f 2882 1821 1820
f 2840 2841 620
f 620 2841 621
f 2842 2843 795
f 795 2843 796
f 892 895 2844
f 2844 895 2845
f 2848 2840 942
f 942 2840 620
f 2849 927 1202
f 1202 927 1203
f 2852 2842 1270
f 1270 2842 795
f 2841 2852 621
f 621 2852 1270
f 941 1759 942
f 942 1759 2884
f 659 929 1427
f 1427 929 2847
f 1237 2851 751
f 751 2851 2850
f 1216 2885 1217
f 1217 2885 1754
f 2887 734 2886
f 2886 734 733
f 2889 1816 2888
f 2888 1816 1815
f 2890 1245 2889
f 2889 1245 1816
f 1824 2891 1825
f 1825 2891 1246
f 2892 2893 2895
f 2895 2893 2894
f 1854 1833 1851
f 1851 1833 1832
f 1851 1832 1884
f 1884 1832 1876
f 1884 1876 1441
f 1441 1876 1443
f 1441 1443 1442
f 1442 1443 1446
f 1442 1446 2896
f 2896 1446 1507
f 2897 2823 2898
f 2898 2823 1543
f 1542 2899 1543
f 1543 2899 2898
f 1542 1905 2899
f 2899 1905 2900
f 1905 1259 2900
f 2900 1259 2901
f 1262 1431 2902
f 2902 1431 1904
f 1431 1434 1904
f 1904 1434 1902
f 1902 1434 2903
f 2903 1434 719
f 2903 719 2904
f 2904 719 718
f 1869 1881 718
f 718 1881 2904
f 1881 1869 1880
f 1880 1869 756
f 1880 756 2905
f 2905 756 755
f 2905 755 2906
f 2906 755 758
f 762 2907 763
f 763 2907 2908
f 724 723 2909
f 2909 723 894
f 796 895 723
f 723 895 894
f 2843 2845 796
f 796 2845 895
f 2826 1496 2843
f 2843 1496 2845
f 2825 1497 2826
f 2826 1497 1496
f 1189 2836 2825
f 2825 2836 1497
f 797 891 798
f 798 891 2837
f 802 888 797
f 797 888 891
f 2910 2911 2913
f 2913 2911 2912
f 1780 1783 2915
f 2915 1783 2914
f 2916 2917 831
f 831 2917 832
f 2918 2919 845
f 845 2919 846
f 2920 2916 847
f 847 2916 831
f 2921 2922 857
f 857 2922 858
f 2923 2924 860
f 860 2924 861
f 2919 2912 846
f 846 2912 887
f 2925 2920 940
f 940 2920 847
f 2924 2926 861
f 861 2926 1204
f 2917 2918 832
f 832 2918 845
f 2927 2928 1449
f 1449 2928 1450
f 2929 2930 889
f 889 2930 2931
f 2896 1507 2897
f 2897 1507 2823
f 2902 2901 1262
f 1262 2901 1259
f 2932 2933 750
f 750 2933 1236
f 2933 2934 1236
f 1236 2934 1835
f 2936 2937 2935
f 2935 2937 2938
f 2940 2941 2939
f 2939 2941 2942
f 2943 2944 1841
f 1841 2944 1842
f 2945 1860 2944
f 2944 1860 1842
f 2945 2946 1860
f 1860 2946 1859
f 1889 2947 1890
f 1890 2947 1856
f 1856 2947 1857
f 1857 2947 2948
f 2950 709 2949
f 2949 709 1829
f 2952 730 2951
f 2951 730 729
f 2866 2953 2867
f 2867 2953 1761
f 2953 2954 1761
f 1761 2954 1420
f 2954 2955 1420
f 1420 2955 742
f 2955 2956 742
f 742 2956 739
f 2956 2957 739
f 739 2957 760
f 2957 2958 760
f 760 2958 761
f 2958 2959 761
f 761 2959 2960
f 2959 2961 2960
f 2960 2961 2962
f 2963 2964 1839
f 1839 2964 1840
f 2964 2965 1840
f 1840 2965 2942
f 2966 2950 2939
f 2939 2950 2949
f 2935 2967 2936
f 2936 2967 2968
f 2969 2970 736
f 736 2970 735
f 734 2887 1815
f 1815 2887 2888
f 2887 2882 2888
f 2888 2882 2881
f 1819 1820 1817
f 1817 1820 748
f 1195 1757 1197
f 1197 1757 1424
f 1757 647 1424
f 1424 647 646
f 647 648 646
f 646 648 643
f 648 1271 643
f 643 1271 737
f 1271 725 737
f 737 725 765
f 725 724 765
f 765 724 762
f 762 724 2907
f 2907 724 2909
f 1254 1437 2909
f 2909 1437 2907
f 1438 1253 1836
f 1836 1253 1835
f 1836 1835 2938
f 2938 1835 2934
f 2971 2972 2935
f 2935 2972 2967
f 897 896 2969
f 2969 896 2970
f 1815 1814 734
f 734 1814 731
f 728 1215 896
f 896 1215 732
f 2885 1216 733
f 733 1216 2886
f 1216 1219 2886
f 2886 1219 2883
f 2876 1304 1821
f 1821 1304 749
f 1304 1303 749
f 749 1303 746
f 1818 2973 1817
f 1817 2973 1810
f 747 2974 1818
f 1818 2974 2973
f 747 746 2974
f 2974 746 1303
f 2976 2977 2975
f 2975 2977 2978
f 2976 2979 2901
f 2901 2979 2900
f 2980 2981 2982
f 2982 2981 2979
f 2981 2980 2983
f 2983 2980 2984
f 2985 2897 2983
f 2983 2897 2898
f 2987 2988 2986
f 2986 2988 2985
f 2896 2988 1442
f 1442 2988 1439
f 1903 2977 1904
f 1904 2977 2902
f 1856 1855 1890
f 1890 1855 2989
f 2989 2990 1890
f 1890 2990 1359
f 2990 2991 1359
f 1359 2991 1356
f 2946 2992 1859
f 1859 2992 1893
f 2992 2993 1893
f 1893 2993 775
f 2993 2994 775
f 775 2994 776
f 2986 1356 2987
f 2987 1356 2991
f 2975 2978 776
f 776 2978 777
f 2982 2994 2980
f 2980 2994 2995
f 1357 2984 2995
f 2995 2984 2980
f 2995 2996 1357
f 1357 2996 1358
f 2996 2997 1358
f 1358 2997 1889
f 2998 2999 2932
f 2932 2999 2933
f 2999 2971 2933
f 2933 2971 2934
f 1837 1836 2937
f 2937 1836 2938
f 2943 1841 2941
f 2941 1841 1838
f 3001 2944 3000
f 3000 2944 2943
f 3001 3002 2944
f 2944 3002 2945
f 3002 3003 2945
f 2945 3003 2946
f 2997 3003 1889
f 1889 3003 2947
f 2947 3003 2948
f 2948 3003 3002
f 3001 3004 3002
f 3002 3004 2948
f 3000 3005 3001
f 3001 3005 3004
f 2940 3006 3000
f 3000 3006 3005
f 2999 3007 2971
f 2971 3007 2972
f 2998 2951 2999
f 2999 2951 3007
f 3008 2952 2998
f 2998 2952 2951
f 2966 2965 2936
f 2936 2965 2937
f 2935 2938 2971
f 2971 2938 2934
f 3003 2997 2946
f 2946 2997 2992
f 2997 2996 2992
f 2992 2996 2993
f 2996 2995 2993
f 2993 2995 2994
f 1356 2986 1357
f 1357 2986 2984
f 2982 2975 2994
f 2994 2975 776
f 1844 1843 1899
f 1899 1843 3009
f 1843 638 3009
f 3009 638 3010
f 638 637 3010
f 3010 637 3011
f 637 1830 3011
f 3011 1830 3012
f 1830 1833 3012
f 3012 1833 2894
f 1833 1854 2894
f 2894 1854 2895
f 1854 1853 2895
f 2895 1853 1888
f 1858 1857 1885
f 1885 1857 1892
f 1899 3009 1898
f 1898 3009 1874
f 3009 3010 1874
f 1874 3010 1865
f 3010 3011 1865
f 1865 3011 1862
f 3011 3012 1862
f 1862 3012 1882
f 3012 2894 1882
f 1882 2894 2893
f 1850 2890 782
f 782 2890 2889
f 783 2880 1811
f 1811 2880 1812
f 744 1810 745
f 745 1810 2973
f 745 2973 805
f 805 2973 806
f 2973 2974 806
f 806 2974 815
f 1303 812 2974
f 2974 812 815
f 1303 1302 812
f 812 1302 1221
f 1307 3013 1302
f 1302 3013 1221
f 1734 3014 1633
f 1633 3014 1634
f 1646 1649 1636
f 1636 1649 1637
f 1654 1657 1641
f 1641 1657 1642
f 1639 1736 1636
f 1636 1736 1684
f 1716 1713 1698
f 1698 1713 1699
f 1718 1721 1705
f 1705 1721 1706
f 1653 1654 1709
f 1709 1654 1641
f 1620 1623 1714
f 1714 1623 1699
f 1712 1682 1714
f 1714 1682 1740
f 1668 1671 1746
f 1746 1671 1747
f 1752 1650 1749
f 1749 1650 1750
f 1750 1650 1709
f 1709 1650 1653
f 1632 1668 1633
f 1633 1668 1746
f 1649 1752 1637
f 1637 1752 1749
f 1682 1643 1740
f 1740 1643 1642
f 3014 1685 1634
f 1634 1685 1684
f 1704 1748 1705
f 1705 1748 1747
f 1697 1707 1698
f 1698 1707 1706
f 1739 1701 1621
f 1621 1701 1622
f 1567 1566 1647
f 1647 1566 1648
f 1664 1695 1651
f 1651 1695 1652
f 1614 1617 1655
f 1655 1617 1656
f 1704 1707 1659
f 1659 1707 1660
f 3014 1734 1662
f 1662 1734 1663
f 1650 1752 1651
f 1651 1752 1665
f 1741 1657 1667
f 1667 1657 1656
f 1695 1614 1652
f 1652 1614 1655
f 1724 1567 1726
f 1726 1567 1647
f 1645 1628 1733
f 1733 1628 1663
f 1685 3014 1726
f 1726 3014 1662
f 1620 1741 1621
f 1621 1741 1667
f 1566 1666 1648
f 1648 1666 1665
f 1658 1737 1659
f 1659 1737 1901
f 1911 1661 1910
f 1910 1661 1660
f 1701 1911 1622
f 1622 1911 1910
f 1732 1748 1733
f 1733 1748 1901
f 1857 2948 1892
f 1892 2948 3004
f 1892 3004 1891
f 1891 3004 3005
f 1828 3006 1829
f 1829 3006 2949
f 2967 736 2968
f 2968 736 710
f 2972 2969 2967
f 2967 2969 736
f 2969 2972 897
f 897 2972 3007
f 897 3007 729
f 729 3007 2951
f 3016 753 3015
f 3015 753 752
f 3018 767 3017
f 3017 767 766
f 3019 3020 1249
f 1249 3020 3021
f 2915 2914 3019
f 3019 2914 3020
f 3023 2914 3022
f 3022 2914 1783
f 2827 2839 769
f 769 2839 766
f 3025 2838 3024
f 3024 2838 3021
f 768 767 2850
f 2850 767 3026
f 2850 3026 751
f 751 3026 752
f 750 753 2932
f 2932 753 3027
f 3008 2998 3027
f 3027 2998 2932
f 3028 3029 3008
f 3008 3029 2952
f 3029 3030 2952
f 2952 3030 730
f 3032 3033 3031
f 3031 3033 3034
f 3036 3037 3035
f 3035 3037 3038
f 2870 3039 612
f 612 3039 3040
f 3041 3042 3031
f 3031 3042 3038
f 3034 1352 3043
f 3043 1352 944
f 612 3040 613
f 613 3040 3044
f 613 3044 1425
f 1425 3044 1422
f 3045 3042 669
f 669 3042 670
f 3041 3043 599
f 599 3043 600
f 772 771 1544
f 1544 771 781
f 1503 771 1866
f 1866 771 770
f 771 1503 781
f 781 1503 778
f 61 281 416
f 416 281 1907
f 283 103 3046
f 3046 103 3047
f 76 79 3048
f 3048 79 3049
f 280 76 1906
f 1906 76 3048
f 3051 335 3050
f 3050 335 334
f 3053 417 3052
f 3052 417 416
f 3055 435 3054
f 3054 435 434
f 428 435 419
f 419 435 1908
f 420 1909 293
f 293 1909 443
f 79 294 3049
f 3049 294 444
f 3057 444 3056
f 3056 444 443
f 3051 3058 335
f 335 3058 452
f 216 215 1332
f 1332 215 452
f 308 283 462
f 462 283 3046
f 3050 334 3059
f 3059 334 462
f 103 62 3047
f 3047 62 417
f 313 312 434
f 434 312 463
f 3061 574 3060
f 3060 574 573
f 1310 3062 1428
f 1428 3062 3063
f 1258 3064 1255
f 1255 3064 2871
f 932 3065 2853
f 2853 3065 3066
f 699 2814 931
f 931 2814 3067
f 3068 1301 3063
f 3063 1301 1428
f 571 574 1310
f 1310 574 3062
f 3060 573 3069
f 3069 573 1332
f 3070 3071 1906
f 1906 3071 1907
f 3072 3073 1908
f 1908 3073 1909
f 3075 2814 3074
f 3074 2814 2813
f 2854 3076 1258
f 1258 3076 3064
f 2871 3077 2872
f 2872 3077 3078
f 3074 2813 3079
f 3079 2813 2873
f 2872 3078 1349
f 1349 3078 3080
f 2873 701 3068
f 3068 701 1301
f 1330 1201 3080
f 3080 1201 1349
f 1264 1263 3081
f 3081 1263 3082
f 3083 3084 3082
f 3082 3084 3081
f 811 1448 3086
f 3086 1448 3085
f 808 811 3087
f 3087 811 3086
f 3088 3083 833
f 833 3083 3082
f 884 3089 885
f 885 3089 3090
f 3087 1790 808
f 808 1790 816
f 1790 3087 1787
f 1787 3087 3091
f 3092 3091 3086
f 3086 3091 3087
f 3093 3094 3084
f 3084 3094 3095
f 3089 3096 3090
f 3090 3096 3088
f 3097 3093 3083
f 3083 3093 3084
f 3099 3100 3098
f 3098 3100 1786
f 3101 1788 2913
f 2913 1788 3102
f 838 837 885
f 885 837 886
f 886 837 3103
f 3103 837 1541
f 3094 3093 3104
f 3104 3093 3097
f 3105 3106 3089
f 3089 3106 3096
f 3108 3109 3107
f 3107 3109 3110
f 3111 3112 3091
f 3091 3112 1787
f 3114 3108 3113
f 3113 3108 3107
f 3114 3115 3112
f 3112 3115 3102
f 3091 3092 3111
f 3111 3092 3116
f 839 838 835
f 835 838 836
f 885 3090 838
f 838 3090 836
f 3110 3117 1247
f 1247 3117 3118
f 1247 3118 1248
f 1248 3118 3119
f 3120 3121 3119
f 3119 3121 1248
f 1247 844 3110
f 3110 844 3107
f 844 843 3107
f 3107 843 3113
f 843 3099 3113
f 3113 3099 3122
f 1781 3123 3098
f 3098 3123 3124
f 2915 2931 1780
f 1780 2931 2930
f 3019 3125 2915
f 2915 3125 2931
f 890 3125 2834
f 2834 3125 1252
f 3125 3019 1252
f 1252 3019 1249
f 907 908 946
f 946 908 947
f 1185 1188 1369
f 1369 1188 948
f 954 957 951
f 951 957 952
f 910 965 953
f 953 965 950
f 905 958 960
f 960 958 961
f 3126 978 949
f 949 978 962
f 936 935 967
f 967 935 968
f 994 993 969
f 969 993 966
f 902 904 971
f 971 904 972
f 983 985 973
f 973 985 970
f 906 905 974
f 974 905 960
f 977 981 959
f 959 981 975
f 911 910 1143
f 1143 910 953
f 952 957 1142
f 1142 957 1145
f 911 1143 1366
f 1366 1143 1368
f 1185 1369 1145
f 1145 1369 1142
f 993 1519 966
f 966 1519 1456
f 965 1454 950
f 950 1454 1457
f 900 899 1459
f 1459 899 1460
f 988 991 1461
f 1461 991 1458
f 899 963 1460
f 1460 963 1462
f 985 987 970
f 970 987 1463
f 904 906 972
f 972 906 974
f 981 983 975
f 975 983 973
f 935 900 968
f 968 900 1459
f 991 994 1458
f 1458 994 969
f 1154 1526 1088
f 1088 1526 1089
f 1109 1112 1092
f 1092 1112 1093
f 1083 1098 1084
f 1084 1098 1097
f 1078 1471 1100
f 1100 1471 1101
f 1075 1078 1104
f 1104 1078 1100
f 1152 1154 1156
f 1156 1154 1088
f 1156 1155 1372
f 1372 1155 1373
f 1372 1373 1104
f 1104 1373 1075
f 1467 1109 1465
f 1465 1109 1092
f 1465 1182 1468
f 1468 1182 1184
f 1474 1470 1096
f 1096 1470 1097
f 1102 1101 1083
f 1083 1101 1098
f 1112 1531 1093
f 1093 1531 1529
f 1102 1073 1099
f 1099 1073 1072
f 1526 1154 1079
f 1079 1154 1080
f 1081 1091 1082
f 1082 1091 1094
f 1069 1068 1085
f 1085 1068 1086
f 1153 1151 1080
f 1080 1151 1058
f 1371 1177 1179
f 1179 1177 1176
f 1099 1072 1103
f 1103 1072 1176
f 1068 1071 1086
f 1086 1071 1073
f 1085 1084 1180
f 1180 1084 1469
f 1066 1065 1183
f 1183 1065 1181
f 1153 1152 1177
f 1177 1152 1178
f 1091 1081 1182
f 1182 1081 1183
f 1057 1525 1079
f 1079 1525 1527
f 1120 1117 1076
f 1076 1117 1077
f 1087 1090 1107
f 1107 1090 1108
f 1127 1126 1110
f 1110 1126 1111
f 1095 1116 1096
f 1096 1116 1115
f 1471 1078 1119
f 1119 1078 1077
f 1087 1107 1155
f 1155 1107 1158
f 1376 1374 1157
f 1157 1374 1158
f 1076 1075 1374
f 1374 1075 1373
f 1109 1467 1110
f 1110 1467 1472
f 1467 1466 1472
f 1472 1466 1473
f 1135 1475 1114
f 1114 1475 1115
f 1471 1119 1095
f 1095 1119 1116
f 1126 1532 1111
f 1111 1532 1530
f 914 1276 1480
f 1480 1276 1517
f 3127 3128 1223
f 1223 3128 1224
f 824 933 1455
f 1455 933 3129
f 3131 1448 3130
f 3130 1448 1447
f 3132 3133 1452
f 1452 3133 1453
f 3130 1447 1322
f 1322 1447 1455
f 933 1514 3129
f 3129 1514 3134
f 1161 3135 1480
f 1480 3135 1481
f 3128 3136 1224
f 1224 3136 1499
f 3133 1162 1453
f 1453 1162 1517
f 1515 3127 1535
f 1535 3127 1223
f 3095 3085 3131
f 3131 3085 1448
f 3137 3092 3085
f 3085 3092 3086
f 3138 3116 3137
f 3137 3116 3092
f 3110 3109 3117
f 3117 3109 3139
f 3105 3140 3117
f 3117 3140 3118
f 3140 3141 3118
f 3118 3141 3119
f 3142 3120 3141
f 3141 3120 3119
f 1498 3143 1277
f 1277 3143 882
f 3144 3145 1340
f 1340 3145 1339
f 1340 3146 3144
f 3144 3146 3147
f 3145 3144 3143
f 3143 3144 3148
f 871 901 872
f 872 901 1362
f 3149 3148 3147
f 3147 3148 3144
f 1208 3150 1209
f 3098 1786 1781
f 1781 1786 1782
f 2930 2929 3123
f 3123 2929 2911
f 1794 1791 2916
f 2916 1791 2917
f 1793 3101 2918
f 2918 3101 2919
f 1796 1794 2920
f 2920 1794 2916
f 3151 3152 2921
f 2921 3152 2922
f 3153 3154 2923
f 2923 3154 2924
f 2919 3101 2912
f 2912 3101 2913
f 3155 1796 2925
f 2925 1796 2920
f 3154 3156 2924
f 2924 3156 2926
f 1791 1793 2917
f 2917 1793 2918
f 3157 3158 2927
f 2927 3158 2928
f 1780 2930 1781
f 1781 2930 3123
f 2825 1267 1189
f 1189 1267 1190
f 2827 2828 1250
f 1250 2828 1251
f 1489 2830 1324
f 1324 2830 1325
f 923 1328 1334
f 1334 1328 1335
f 1485 2832 1482
f 1482 2832 1483
f 1266 1490 1492
f 1492 1490 1493
f 1333 1346 1334
f 1334 1346 2824
f 722 799 1492
f 1492 799 1190
f 664 657 1482
f 1482 657 2833
f 631 634 1324
f 1324 634 1493
f 2828 1494 1251
f 1251 1494 2835
f 1249 3021 1250
f 1250 3021 2838
f 798 2837 1189
f 1189 2837 2836
f 3100 842 3160
f 3160 842 3159
f 1788 3101 1789
f 1789 3101 1793
f 1792 816 1789
f 1789 816 1790
f 817 816 1795
f 1795 816 1792
f 938 817 1797
f 1797 817 1795
f 1796 3155 1797
f 1797 3155 1798
f 3155 3158 1798
f 1798 3158 1799
f 3157 3152 1801
f 1801 3152 1802
f 3151 3156 1803
f 1803 3156 1804
f 3154 3153 1805
f 1805 3153 1806
f 3153 3161 1806
f 1806 3161 1807
f 3099 843 3100
f 3100 843 842
f 1788 1787 3102
f 3102 1787 3112
f 2910 3115 3124
f 3124 3115 3122
f 3099 3098 3122
f 3122 3098 3124
f 416 1907 3052
f 3052 1907 3071
f 3046 3047 3163
f 3163 3047 3162
f 249 445 259
f 259 445 3164
f 425 3165 424
f 424 3165 461
f 408 410 329
f 329 410 330
f 39 331 40
f 40 331 332
f 305 304 423
f 423 304 464
f 385 254 458
f 458 254 392
f 250 415 251
f 251 415 412
f 233 337 234
f 234 337 3166
f 435 3055 1908
f 1908 3055 3072
f 443 1909 3056
f 3056 1909 3073
f 3167 3049 3057
f 3057 3049 444
f 452 3058 1332
f 1332 3058 3069
f 234 3166 346
f 346 3166 411
f 3046 3163 462
f 462 3163 3059
f 259 3164 260
f 260 3164 336
f 3047 417 3162
f 3162 417 3053
f 463 3168 434
f 434 3168 3054
f 454 830 425
f 425 830 3165
f 3062 3169 3063
f 3063 3169 3170
f 1355 1354 1534
f 1534 1354 3171
f 3063 3170 3068
f 3068 3170 3172
f 574 3061 3062
f 3062 3061 3169
f 1534 3171 1535
f 1535 3171 3173
f 3079 2873 3172
f 3172 2873 3068
f 2838 3025 2839
f 2839 3025 3174
f 3176 3177 3175
f 3175 3177 3178
f 3180 1125 3179
f 3179 1125 1128
f 3182 3183 3181
f 3181 3183 3184
f 1134 3185 1130
f 1130 3185 3182
f 3186 3187 3189
f 3189 3187 3188
f 3191 3189 3190
f 3190 3189 3188
f 1137 1122 3190
f 3190 1122 3192
f 3175 3178 3193
f 3193 3178 3194
f 3181 3184 3179
f 3179 3184 3195
f 3197 3198 3196
f 3196 3198 3180
f 3200 3178 3199
f 3199 3178 3177
f 3202 3196 3201
f 3201 3196 3195
f 3204 3184 3203
f 3203 3184 3183
f 3206 3207 3205
f 3205 3207 3186
f 3205 3186 3208
f 3208 3186 3189
f 3209 3208 3191
f 3191 3208 3189
f 3210 3194 3200
f 3200 3194 3178
f 3201 3195 3204
f 3204 3195 3184
f 3197 3211 3177
f 3177 3211 3199
f 3213 3214 3212
f 3212 3214 3215
f 3217 3218 3216
f 3216 3218 3219
f 3221 3222 3220
f 3220 3222 3223
f 3225 3226 3224
f 3224 3226 3227
f 3229 3230 3228
f 3228 3230 3231
f 3233 3234 3232
f 3232 3234 3235
f 3237 3238 3236
f 3236 3238 3239
f 3238 3240 3239
f 3239 3240 3241
f 3232 3235 3242
f 3242 3235 3243
f 3245 3246 3244
f 3244 3246 3247
f 3248 3249 3245
f 3245 3249 3246
f 3251 3252 3250
f 3250 3252 3253
f 3255 3252 3254
f 3254 3252 3251
f 3256 3257 3259
f 3259 3257 3258
f 3261 3262 3260
f 3260 3262 3263
f 3265 3263 3264
f 3264 3263 3262
f 3256 3259 3266
f 3266 3259 3267
f 3269 3270 3268
f 3268 3270 3271
f 3269 3272 3270
f 3270 3272 3273
f 3274 3275 3277
f 3277 3275 3276
f 3278 3279 3276
f 3276 3279 3277
f 3281 3282 3280
f 3280 3282 3283
f 3280 3284 3281
f 3281 3284 3285
f 3287 3288 3286
f 3286 3288 3289
f 3290 3291 3288
f 3288 3291 3289
f 3234 3218 3235
f 3235 3218 3217
f 3232 3292 3233
f 3233 3292 3293
f 3239 3294 3236
f 3236 3294 3219
f 3233 3293 3237
f 3237 3293 3295
f 3296 3294 3241
f 3241 3294 3239
f 3240 3238 3297
f 3297 3238 3298
f 3217 3216 3235
f 3235 3216 3243
f 3297 3299 3240
f 3240 3299 3242
f 3246 3300 3247
f 3247 3300 3223
f 3301 3302 3254
f 3254 3302 3244
f 3249 3303 3246
f 3246 3303 3300
f 3245 3304 3248
f 3248 3304 3292
f 3252 3221 3253
f 3253 3221 3220
f 3250 3248 3299
f 3299 3248 3292
f 3222 3221 3255
f 3255 3221 3252
f 3297 3301 3251
f 3251 3301 3254
f 3258 3214 3259
f 3259 3214 3213
f 3257 3256 3304
f 3304 3256 3305
f 3263 3306 3260
f 3260 3306 3215
f 3261 3257 3302
f 3302 3257 3304
f 3307 3306 3265
f 3265 3306 3263
f 3262 3301 3264
f 3264 3301 3308
f 3259 3213 3267
f 3267 3213 3212
f 3308 3309 3264
f 3264 3309 3266
f 3270 3310 3271
f 3271 3310 3231
f 3311 3312 3278
f 3278 3312 3268
f 3270 3273 3310
f 3310 3273 3313
f 3272 3269 3305
f 3305 3269 3314
f 3277 3229 3274
f 3274 3229 3228
f 3275 3272 3309
f 3309 3272 3305
f 3279 3230 3277
f 3277 3230 3229
f 3276 3308 3278
f 3278 3308 3311
f 3281 3315 3282
f 3282 3315 3227
f 3290 3316 3283
f 3283 3316 3317
f 3281 3285 3315
f 3315 3285 3318
f 3284 3280 3314
f 3314 3280 3319
f 3289 3225 3286
f 3286 3225 3224
f 3287 3284 3312
f 3284 3314 3312
f 3291 3226 3289
f 3289 3226 3225
f 3288 3311 3290
f 3290 3311 3316
f 3212 3215 3307
f 3307 3215 3306
f 3294 3296 3219
f 3219 3296 3216
f 3303 3220 3300
f 3300 3220 3223
f 3224 3227 3318
f 3318 3227 3315
f 3228 3231 3313
f 3313 3231 3310
f 3234 3233 3236
f 3236 3233 3237
f 3243 3241 3242
f 3242 3241 3240
f 3247 3255 3244
f 3244 3255 3254
f 3253 3249 3250
f 3250 3249 3248
f 3260 3258 3261
f 3261 3258 3257
f 3266 3267 3264
f 3264 3267 3265
f 3268 3271 3278
f 3278 3271 3279
f 3274 3273 3275
f 3275 3273 3272
f 3283 3282 3290
f 3290 3282 3291
f 3286 3285 3287
f 3287 3285 3284
f 3218 3234 3219
f 3219 3234 3236
f 3295 3298 3237
f 3237 3298 3238
f 3216 3296 3243
f 3243 3296 3241
f 3242 3299 3232
f 3232 3299 3292
f 3223 3222 3247
f 3247 3222 3255
f 3244 3302 3245
f 3245 3302 3304
f 3303 3249 3220
f 3220 3249 3253
f 3297 3251 3299
f 3299 3251 3250
f 3215 3214 3260
f 3260 3214 3258
f 3301 3262 3302
f 3302 3262 3261
f 3212 3307 3267
f 3267 3307 3265
f 3266 3309 3256
f 3256 3309 3305
f 3271 3231 3279
f 3279 3231 3230
f 3268 3312 3269
f 3269 3312 3314
f 3228 3313 3274
f 3274 3313 3273
f 3308 3276 3309
f 3309 3276 3275
f 3282 3227 3291
f 3291 3227 3226
f 3317 3319 3283
f 3283 3319 3280
f 3224 3318 3286
f 3286 3318 3285
f 3312 3311 3287
f 3311 3288 3287
f 3320 3321 3194
f 3194 3321 3193
f 1375 3321 1121
f 1121 3321 3322
f 3323 3324 3322
f 3322 3324 3192
f 3175 1124 3176
f 3176 1124 1123
f 3179 3195 3180
f 3180 3195 3196
f 3181 1131 3182
f 3182 1131 1130
f 3207 3185 3186
f 3186 3185 3187
f 1136 3188 1133
f 1133 3188 3187
f 3190 3188 1137
f 1137 3188 1136
f 3193 1159 3175
f 3175 1159 1124
f 3179 1128 3181
f 3181 1128 1131
f 1533 3198 1123
f 1123 3198 3176
f 3321 1375 3193
f 3193 1375 1159
f 3321 3320 3322
f 3322 3320 3323
f 1122 1121 3192
f 3192 1121 3322
f 3194 3210 3320
f 3320 3210 3325
f 3324 3323 3327
f 3327 3323 3326
f 3320 3325 3323
f 3323 3325 3326
f 3208 3328 3205
f 3205 3328 3329
f 3330 3206 3329
f 3329 3206 3205
f 3203 3331 3204
f 3204 3331 3332
f 3210 3333 3325
f 3325 3333 3334
f 3325 3334 3326
f 3326 3334 3335
f 3327 3326 3336
f 3336 3326 3335
f 3327 3209 3324
f 3324 3209 3191
f 3190 3192 3191
f 3191 3192 3324
f 3338 3339 3337
f 3337 3339 3340
f 3338 3341 3339
f 3339 3341 3342
f 3341 3343 3342
f 3342 3343 3344
f 3343 3345 3344
f 3344 3345 3346
f 3345 3347 3346
f 3346 3347 3348
f 3347 3349 3348
f 3348 3349 3350
f 3337 3340 3351
f 3351 3340 3352
f 3351 3352 3353
f 3353 3352 3354
f 3353 3354 3355
f 3355 3354 3356
f 3350 3349 3357
f 3357 3349 3358
f 3355 3356 3359
f 3359 3356 3360
f 3359 3360 3361
f 3361 3360 3362
f 3361 3362 3363
f 3363 3362 3364
f 3363 3364 3358
f 3358 3364 3357
f 3339 3342 3365
f 3365 3342 3366
f 3342 3344 3366
f 3366 3344 3367
f 3344 3346 3367
f 3367 3346 3368
f 3346 3348 3368
f 3368 3348 3369
f 3348 3350 3369
f 3369 3350 3370
f 3368 3369 3371
f 3371 3369 3372
f 3369 3370 3372
f 3372 3370 3373
f 3373 3374 3372
f 3372 3374 3375
f 3377 3378 3376
f 3376 3378 3379
f 3377 3375 3378
f 3378 3375 3374
f 3375 3380 3372
f 3372 3380 3371
f 3377 3381 3375
f 3375 3381 3380
f 3376 3382 3377
f 3377 3382 3381
f 3384 3385 3383
f 3383 3385 3386
f 3384 3383 3388
f 3388 3383 3387
f 3388 3387 3389
f 3389 3387 3390
f 3392 3385 3391
f 3391 3385 3384
f 3388 3393 3384
f 3384 3393 3391
f 3389 3394 3388
f 3388 3394 3393
f 3389 3395 3394
f 3394 3395 3396
f 3395 3389 3397
f 3397 3389 3390
f 3339 3365 3340
f 3340 3365 3398
f 3340 3398 3352
f 3352 3398 3399
f 3371 3400 3368
f 3368 3400 3367
f 3400 3401 3367
f 3367 3401 3366
f 3366 3401 3365
f 3365 3401 3402
f 3398 3365 3403
f 3403 3365 3402
f 3398 3403 3399
f 3399 3403 3404
f 3403 3405 3404
f 3404 3405 3406
f 3352 3399 3354
f 3354 3399 3407
f 3399 3404 3407
f 3407 3404 3408
f 3404 3406 3408
f 3408 3406 3409
f 3405 3410 3406
f 3406 3410 3411
f 3410 3412 3411
f 3411 3412 3413
f 3397 3414 3395
f 3395 3414 3415
f 3417 3415 3416
f 3416 3415 3412
f 3410 3418 3412
f 3412 3418 3416
f 3410 3405 3418
f 3418 3405 3419
f 3405 3403 3419
f 3419 3403 3402
f 3370 3350 3420
f 3420 3350 3357
f 3373 3370 3421
f 3421 3370 3420
f 3374 3373 3422
f 3422 3373 3421
f 3378 3374 3423
f 3423 3374 3422
f 3378 3423 3379
f 3379 3423 3424
f 3424 3425 3379
f 3379 3425 3386
f 3383 3426 3387
f 3387 3426 3427
f 3387 3427 3390
f 3390 3427 3428
f 3390 3428 3397
f 3397 3428 3429
f 3429 3430 3397
f 3397 3430 3414
f 3411 3413 3431
f 3431 3413 3432
f 3406 3411 3409
f 3409 3411 3431
f 3401 3400 3335
f 3335 3400 3336
f 3401 3335 3402
f 3402 3335 3334
f 3402 3334 3419
f 3419 3334 3333
f 3419 3333 3418
f 3418 3333 3433
f 3418 3433 3416
f 3416 3433 3434
f 3435 3417 3434
f 3434 3417 3416
f 3394 3396 3436
f 3436 3396 3437
f 3393 3394 3332
f 3332 3394 3436
f 3393 3332 3391
f 3391 3332 3331
f 3330 3392 3331
f 3331 3392 3391
f 3382 3329 3381
f 3381 3329 3328
f 3354 3407 3356
f 3356 3407 3438
f 3356 3438 3360
f 3360 3438 3439
f 3360 3439 3362
f 3362 3439 3440
f 3362 3440 3364
f 3364 3440 3441
f 3364 3441 3357
f 3357 3441 3420
f 3421 3420 3442
f 3442 3420 3441
f 3442 3441 3443
f 3443 3441 3440
f 3443 3440 3444
f 3444 3440 3439
f 3444 3439 3445
f 3445 3439 3438
f 3445 3438 3408
f 3408 3438 3407
f 3422 3421 3446
f 3446 3421 3442
f 3446 3442 3447
f 3447 3442 3443
f 3447 3443 3448
f 3448 3443 3444
f 3448 3444 3449
f 3449 3444 3445
f 3449 3445 3409
f 3409 3445 3408
f 3409 3431 3449
f 3449 3431 3450
f 3449 3450 3448
f 3448 3450 3451
f 3451 3452 3448
f 3448 3452 3447
f 3447 3452 3446
f 3446 3452 3453
f 3446 3453 3422
f 3422 3453 3423
f 3424 3423 3454
f 3454 3423 3453
f 3452 3455 3453
f 3453 3455 3454
f 3452 3451 3455
f 3455 3451 3456
f 3450 3457 3451
f 3451 3457 3456
f 3431 3432 3450
f 3450 3432 3457
f 3454 3458 3424
f 3424 3458 3425
f 3427 3426 3459
f 3459 3426 3460
f 3428 3427 3461
f 3461 3427 3459
f 3428 3461 3429
f 3429 3461 3462
f 3462 3463 3429
f 3429 3463 3430
f 3464 3465 3462
f 3462 3465 3463
f 3455 3466 3454
f 3454 3466 3458
f 3465 3464 3466
f 3466 3464 3467
f 3461 3459 3468
f 3468 3459 3469
f 3468 3469 3464
f 3464 3469 3467
f 3464 3462 3468
f 3468 3462 3461
f 3459 3460 3469
f 3469 3460 3467
f 3295 3351 3298
f 3298 3351 3353
f 3353 3355 3298
f 3298 3355 3297
f 3297 3355 3301
f 3301 3355 3359
f 3301 3359 3308
f 3308 3359 3361
f 3308 3361 3311
f 3311 3361 3363
f 3311 3363 3316
f 3316 3363 3358
f 3316 3358 3317
f 3317 3358 3349
f 3349 3347 3317
f 3317 3347 3319
f 3347 3345 3319
f 3319 3345 3314
f 3345 3343 3314
f 3314 3343 3305
f 3343 3341 3305
f 3305 3341 3304
f 3304 3341 3292
f 3292 3341 3338
f 3292 3338 3293
f 3293 3338 3337
f 3293 3337 3295
f 3295 3337 3351
f 3437 3202 3436
f 3436 3202 3201
f 3436 3201 3332
f 3332 3201 3204
f 3433 3200 3434
f 3434 3200 3199
f 3211 3435 3199
f 3199 3435 3434
f 3333 3210 3433
f 3433 3210 3200
f 3380 3470 3371
f 3400 3371 3336
f 3336 3371 3470
f 3381 3328 3380
f 3380 3328 3470
f 3470 3328 3209
f 3209 3328 3208
f 3336 3470 3327
f 3327 3470 3209
f 1545 1763 1546
f 1546 1763 1762
f 1403 1546 773
f 773 1546 770
f 1221 3013 1220
f 1220 3013 3471
f 1305 2877 1306
f 1306 2877 2879
f 1220 3471 828
f 828 3471 829
f 1217 1754 3472
f 3472 1754 1756
f 1049 3473 1048
f 1048 3473 3474
f 1371 1179 3473
f 3473 1179 3474
f 1074 3475 1179
f 1179 3475 3474
f 3474 3475 1048
f 1048 3475 1056
f 919 666 1345
f 1345 666 665
f 856 680 919
f 919 680 666
f 679 680 1449
f 1449 680 858
f 1367 878 1500
f 1500 878 877
f 1366 908 1367
f 1367 908 878
f 1512 916 1513
f 1513 916 915
f 947 1368 948
f 948 1368 1369
f 1047 1021 1044
f 1044 1021 1020
f 1370 1049 1019
f 1019 1049 1020
f 1173 1030 1174
f 1174 1030 1033
f 3126 1188 1464
f 1464 1188 1187
f 1800 1451 1512
f 1512 1451 916
f 1175 1174 1186
f 1186 1174 1187
f 1030 1173 1047
f 1047 1173 1021
f 1513 915 3476
f 3476 915 1481
f 1345 665 3477
f 3477 665 1483
f 1502 1501 876
f 876 1501 877
f 1205 1451 1803
f 1803 1451 1802
f 3479 2832 3478
f 3478 2832 2831
f 1449 858 2927
f 2927 858 2922
f 908 1366 947
f 947 1366 1368
f 949 948 3126
f 3126 948 1188
f 3480 3135 1502
f 1502 3135 1501
f 2927 2922 3157
f 3157 2922 3152
f 3477 1483 3479
f 3479 1483 2832
f 1803 1802 3151
f 3151 1802 3152
f 663 658 664
f 664 658 657
f 655 658 939
f 939 658 706
f 1512 870 1800
f 1800 870 869
f 875 874 876
f 876 874 873
f 849 874 905
f 905 874 958
f 949 962 946
f 946 962 961
f 978 3126 979
f 979 3126 1464
f 1031 1168 1032
f 1032 1168 1022
f 1045 1013 1046
f 1046 1013 1012
f 1045 1044 1056
f 1056 1044 1048
f 1047 1046 1030
f 1030 1046 1031
f 939 706 940
f 940 706 1450
f 979 1464 1032
f 1032 1464 1033
f 3480 1478 3476
f 3476 1478 3134
f 2829 1487 2830
f 2830 1487 1486
f 848 1230 873
f 873 1230 1479
f 867 870 933
f 933 870 1514
f 1800 869 1801
f 1801 869 1799
f 2830 1486 1325
f 1325 1486 2833
f 940 1450 2925
f 2925 1450 2928
f 946 961 907
f 907 961 958
f 959 962 977
f 977 962 978
f 3476 3134 1513
f 1513 3134 1514
f 2925 2928 3155
f 3155 2928 3158
f 1325 2833 656
f 656 2833 657
f 1801 1799 3157
f 3157 1799 3158
f 1074 1055 3475
f 3475 1055 1056
f 1371 3473 1370
f 1370 3473 1049
f 2884 615 3481
f 3481 615 618
f 3478 2831 2846
f 2846 2831 617
f 2831 1484 617
f 617 1484 618
f 1484 1487 618
f 618 1487 3481
f 2848 3481 2829
f 2829 3481 1487
f 1480 1517 1161
f 1161 1517 1162
f 3129 1323 1455
f 1455 1323 1322
f 3129 3134 1323
f 1323 3134 1478
f 1535 3173 1515
f 1515 3173 1516
f 3085 3095 3137
f 3137 3095 3094
f 3137 3094 3138
f 3138 3094 3104
f 3117 3139 3105
f 3105 3139 3106
f 1138 1141 3127
f 3127 1141 3128
f 3081 3131 1264
f 1264 3131 3130
f 1227 1226 3132
f 3132 1226 3133
f 1264 3130 1229
f 1229 3130 1322
f 1160 1501 1161
f 1161 1501 3135
f 1141 1476 3128
f 3128 1476 3136
f 1226 1163 3133
f 3133 1163 1162
f 1363 1138 1515
f 1515 1138 3127
f 3084 3095 3081
f 3081 3095 3131
f 3089 884 3105
f 3105 884 3140
f 884 883 3140
f 3140 883 3141
f 883 3482 3141
f 3141 3482 3142
f 3476 1481 3480
f 3480 1481 3135
f 1502 1479 3480
f 3480 1479 1478
f 3168 463 440
f 714 1880 715
f 715 1880 2905
f 896 732 2970
f 2970 732 731
f 1263 834 3082
f 3082 834 833
f 898 1231 853
f 853 1231 854
f 3125 890 2931
f 2931 890 889
f 1237 893 2851
f 2851 893 892
f 898 853 899
f 899 853 963
f 988 987 989
f 989 987 986
f 1002 1007 1003
f 1003 1007 1006
f 1038 1036 1007
f 1007 1036 1004
f 1070 1052 1005
f 1005 1052 1006
f 1069 1067 1070
f 1070 1067 1052
f 1130 1129 1134
f 1134 1129 1135
f 879 1167 880
f 880 1167 1166
f 1171 1169 1037
f 1037 1169 1038
f 1085 1180 1069
f 1069 1180 1067
f 1209 1210 879
f 879 1210 1167
f 2885 1215 1754
f 1754 1215 1214
f 1263 855 834
f 834 855 854
f 708 1244 1826
f 1826 1244 1243
f 2909 894 1254
f 1254 894 893
f 1228 1361 964
f 964 1361 1360
f 2908 2907 1436
f 1436 2907 1437
f 2990 1440 2991
f 2991 1440 1439
f 964 1360 965
f 965 1360 1454
f 950 1457 951
f 951 1457 1456
f 970 1463 971
f 971 1463 1462
f 1025 1169 984
f 984 1169 986
f 1084 1097 1469
f 1469 1097 1470
f 1096 1115 1474
f 1474 1115 1475
f 1140 1361 1141
f 1141 1361 1476
f 1212 1495 2828
f 2828 1495 1494
f 880 1166 1452
f 1452 1166 1499
f 715 2905 1504
f 1504 2905 2906
f 954 1519 955
f 955 1519 1518
f 1026 1520 992
f 992 1520 1518
f 1029 1520 1043
f 1043 1520 1521
f 997 1522 1040
f 1040 1522 1521
f 1015 1522 1016
f 1016 1522 1523
f 1523 996 1524
f 1524 996 1062
f 1057 1060 1525
f 1525 1060 1524
f 1094 1528 1082
f 1082 1528 1527
f 1526 1528 1089
f 1089 1528 1529
f 1090 1531 1108
f 1108 1531 1530
f 1125 1533 1126
f 1126 1533 1532
f 3483 1755 727
f 727 1755 1214
f 735 1814 707
f 707 1814 1813
f 2891 1834 1246
f 1246 1834 1243
f 2904 1881 1847
f 1847 1881 1848
f 1852 1855 1853
f 1853 1855 1858
f 1902 2903 1877
f 1877 2903 1878
f 2903 2904 1878
f 1878 2904 1847
f 714 713 1848
f 1848 713 1849
f 1440 2990 1883
f 1883 2990 2989
f 1883 2989 1852
f 1852 2989 1855
f 2895 1888 2892
f 2892 1888 1887
f 774 777 1877
f 1877 777 1903
f 1251 2835 1252
f 1252 2835 2834
f 1213 2844 1212
f 1212 2844 1495
f 2851 892 1213
f 1213 892 2844
f 3123 2911 3124
f 3124 2911 2910
f 887 2929 888
f 888 2929 889
f 1435 2963 1436
f 1436 2963 2961
f 1253 1438 1254
f 1254 1438 1437
f 2970 731 735
f 735 731 1814
f 733 732 2885
f 2885 732 1215
f 2901 2902 2976
f 2976 2902 2977
f 2975 2982 2976
f 2976 2982 2979
f 2899 2900 2981
f 2981 2900 2979
f 2899 2981 2898
f 2898 2981 2983
f 2986 2985 2984
f 2984 2985 2983
f 2897 2985 2896
f 2896 2985 2988
f 2991 1439 2987
f 2987 1439 2988
f 777 2978 1903
f 1903 2978 2977
f 1885 1888 1858
f 1858 1888 1853
f 3090 3088 836
f 836 3088 833
f 3083 3088 3097
f 3097 3088 3096
f 3097 3096 3104
f 3104 3096 3106
f 3111 3116 3108
f 3108 3116 3109
f 3112 3111 3114
f 3114 3111 3108
f 3113 3122 3114
f 3114 3122 3115
f 891 890 2837
f 2837 890 2834
f 951 1456 954
f 954 1456 1519
f 967 1457 936
f 936 1457 1454
f 971 1462 902
f 902 1462 963
f 1461 1463 988
f 988 1463 987
f 1466 1468 1474
f 1474 1468 1470
f 1089 1529 1090
f 1090 1529 1531
f 1184 1181 1469
f 1469 1181 1180
f 1082 1527 1061
f 1061 1527 1525
f 1129 1473 1135
f 1135 1473 1475
f 1108 1530 1105
f 1105 1530 1532
f 1452 1499 3132
f 3132 1499 3136
f 3109 3116 3139
f 3139 3116 3138
f 2912 2911 887
f 887 2911 2929
f 2836 2835 1497
f 1497 2835 1494
f 2913 3102 2910
f 2910 3102 3115
f 1133 3187 1134
f 1134 3187 3185
f 3177 3176 3197
f 3197 3176 3198
f 3203 3183 3206
f 3206 3183 3207
f 3196 3202 3197
f 3197 3202 3211
f 3183 3182 3207
f 3207 3182 3185
f 1125 3180 1533
f 1533 3180 3198
f 3331 3203 3330
f 3330 3203 3206
f 3376 3379 3385
f 3385 3379 3386
f 3382 3376 3392
f 3392 3376 3385
f 3412 3415 3413
f 3413 3415 3414
f 3417 3396 3415
f 3415 3396 3395
f 3383 3386 3426
f 3426 3386 3425
f 3413 3414 3432
f 3432 3414 3430
f 3437 3396 3435
f 3435 3396 3417
f 3329 3382 3330
f 3330 3382 3392
f 3426 3425 3460
f 3460 3425 3458
f 3432 3430 3457
f 3457 3430 3463
f 3457 3463 3456
f 3456 3463 3465
f 3460 3458 3467
f 3467 3458 3466
f 3466 3455 3465
f 3465 3455 3456
f 3202 3437 3211
f 3211 3437 3435
f 3104 3106 3138
f 3138 3106 3139
f 3132 3136 1227
f 1227 3136 1476
f 943 687 600
f 600 687 601
f 596 625 667
f 667 625 1297
f 687 686 601
f 601 686 653
f 1319 784 711
f 711 784 712
f 1811 607 783
f 783 607 712
f 862 921 917
f 917 921 920
f 3478 925 3479
f 3479 925 924
f 2846 926 3478
f 3478 926 925
f 659 662 929
f 929 662 930
f 856 921 857
f 857 921 1204
f 1206 864 1207
f 1207 864 863
f 2876 1219 2877
f 2877 1219 1218
f 667 1297 593
f 593 1297 1296
f 917 920 1333
f 1333 920 1346
f 686 693 653
f 653 693 930
f 1277 913 1498
f 1498 913 1207
f 592 1536 610
f 610 1536 711
f 864 1206 1805
f 1805 1206 1804
f 1317 1536 1900
f 1900 1536 1809
f 1900 1809 1295
f 1295 1809 1296
f 3479 924 3477
f 3477 924 2824
f 927 926 1203
f 1203 926 2847
f 3484 2859 3032
f 3032 2859 3033
f 3472 2878 1217
f 1217 2878 1218
f 2889 2888 2880
f 2880 2888 2881
f 2886 2883 2887
f 2887 2883 2882
f 929 928 2847
f 2847 928 1203
f 857 1204 2921
f 2921 1204 2926
f 1820 1819 2882
f 2882 1819 2881
f 1821 2883 2876
f 2876 2883 1219
f 782 2889 783
f 783 2889 2880
f 1352 3034 1353
f 1353 3034 3033
f 3031 3034 3041
f 3041 3034 3043
f 944 943 3043
f 3043 943 600
f 1339 3145 1498
f 1498 3145 3143
f 1208 882 3148
f 3148 882 3143
f 2921 2926 3151
f 3151 2926 3156
f 3477 2824 1345
f 1345 2824 1346
f 1805 1804 3154
f 3154 1804 3156
f 886 3103 883
f 883 3103 3482
f 841 1248 3485
f 3485 1248 3121
f 2811 2819 2812
f 2812 2819 2816
f 2818 2815 2817
f 2817 2815 2806
f 2817 2816 2818
f 2818 2816 2819
f 2793 2795 2819
f 2819 2795 2818
f 243 352 2793
f 2793 352 2795
f 242 353 243
f 243 353 352
f 359 191 242
f 242 191 353
f 247 192 359
f 359 192 191
f 157 193 247
f 247 193 192
f 156 194 157
f 157 194 193
f 378 261 156
f 156 261 194
f 378 381 261
f 261 381 195
f 195 381 196
f 196 381 376
f 196 376 198
f 198 376 375
f 375 1776 198
f 198 1776 197
f 1776 1767 197
f 197 1767 274
f 181 274 199
f 199 274 1767
f 568 566 564
f 564 566 563
f 568 569 566
f 566 569 567
f 501 1773 1771
f 1771 1773 578
f 547 579 1773
f 1773 579 578
f 3486 470 474
f 474 470 469
f 450 582 3487
f 3487 582 3488
f 582 583 3488
f 3488 583 3489
f 583 584 3489
f 3489 584 3490
f 3490 584 3491
f 3491 584 543
f 470 3486 466
f 466 3486 467
f 3489 3490 503
f 503 3490 504
f 503 3492 3489
f 3489 3492 3488
f 3492 503 3493
f 3493 503 502
f 3495 3492 3494
f 3494 3492 3493
f 3487 3488 3495
f 3495 3488 3492
f 468 1774 465
f 465 1774 570
f 3494 3493 1775
f 1775 3493 1771
f 3490 3491 504
f 504 3491 1772
f 3491 543 1772
f 1772 543 548
f 450 3487 474
f 474 3487 3486
f 3495 467 3487
f 3487 467 3486
f 3494 468 3495
f 3495 468 467
f 468 3494 1774
f 1774 3494 1775
f 501 1771 502
f 502 1771 3493
f 527 366 384
f 384 366 365
f 522 524 527
f 527 524 366
f 521 534 522
f 522 534 524
f 530 535 521
f 521 535 534
f 508 486 513
f 513 486 532
f 513 532 541
f 541 532 535
f 667 668 596
f 596 668 597
f 1294 1297 624
f 624 1297 625
f 603 641 604
f 604 641 640
f 1290 1293 650
f 650 1293 651
f 1758 691 660
f 660 691 661
f 602 671 599
f 599 671 670
f 654 662 690
f 690 662 661
f 2856 598 695
f 695 598 597
f 602 654 671
f 671 654 690
f 604 640 676
f 676 640 704
f 1826 1829 708
f 708 1829 709
f 1288 1284 740
f 740 1284 741
f 755 754 758
f 758 754 759
f 2853 2856 932
f 932 2856 695
f 689 691 1192
f 1192 691 1193
f 784 1319 1240
f 1240 1319 1241
f 1813 1816 1244
f 1244 1816 1245
f 754 1288 759
f 759 1288 740
f 1894 1242 1318
f 1318 1242 1241
f 2867 1348 1418
f 1418 1348 1347
f 676 704 673
f 673 704 1347
f 1284 1287 741
f 741 1287 1419
f 1421 1426 1422
f 1422 1426 1425
f 1758 660 615
f 615 660 616
f 1192 1191 1421
f 1421 1191 1426
f 2962 1839 1504
f 1504 1839 1505
f 941 1194 1759
f 1759 1194 1193
f 1287 1537 1419
f 1419 1537 1760
f 1882 2893 1823
f 1823 2893 1824
f 1886 1891 1827
f 1827 1891 1828
f 1887 1886 1834
f 1834 1886 1827
f 1841 716 1838
f 1838 716 1505
f 782 784 1850
f 1850 784 1240
f 1239 1242 1863
f 1863 1242 1864
f 1242 1894 1864
f 1864 1894 1873
f 1822 1239 1823
f 1823 1239 1863
f 1318 1317 1895
f 1895 1317 1900
f 1894 1896 1873
f 1873 1896 1897
f 1291 1896 1292
f 1292 1896 1895
f 605 1898 606
f 606 1898 1897
f 1258 1257 2854
f 2854 1257 2855
f 1257 1351 2855
f 2855 1351 2857
f 1351 1353 2857
f 2857 1353 2858
f 1353 3033 2858
f 2858 3033 2859
f 2860 2861 3036
f 3036 2861 3037
f 2862 2863 2870
f 2870 2863 3039
f 2870 2869 2862
f 2862 2869 2864
f 2868 2865 2869
f 2869 2865 2864
f 1764 2866 2868
f 2868 2866 2865
f 1537 1199 1760
f 1760 1199 1348
f 615 2884 1758
f 1758 2884 1759
f 1825 1246 2890
f 2890 1246 1245
f 2893 2892 1824
f 1824 2892 2891
f 761 2960 758
f 758 2960 2906
f 3000 2943 2940
f 2940 2943 2941
f 2968 710 2950
f 2950 710 709
f 1764 1423 2866
f 2866 1423 2953
f 1423 645 2953
f 2953 645 2954
f 645 644 2954
f 2954 644 2955
f 644 738 2955
f 2955 738 2956
f 738 764 2956
f 2956 764 2957
f 764 763 2957
f 2957 763 2958
f 763 2908 2958
f 2958 2908 2959
f 2908 1436 2959
f 2959 1436 2961
f 1837 2964 1435
f 1435 2964 2963
f 1837 2937 2964
f 2964 2937 2965
f 2936 2968 2966
f 2966 2968 2950
f 1840 2942 1838
f 1838 2942 2941
f 2939 2949 2940
f 2940 2949 3006
f 2939 2942 2966
f 2966 2942 2965
f 1822 1825 1850
f 1850 1825 2890
f 1891 3005 1828
f 1828 3005 3006
f 3035 3038 3045
f 3045 3038 3042
f 3045 3044 3035
f 3035 3044 3040
f 669 1422 3045
f 3045 1422 3044
f 599 670 3041
f 3041 670 3042
f 931 3067 932
f 932 3067 3065
f 2853 3066 2854
f 2854 3066 3076
f 3067 3496 3065
f 3065 3496 3497
f 3066 3498 3076
f 3076 3498 3499
f 707 1813 708
f 708 1813 1244
f 2960 2962 2906
f 2906 2962 1504
f 2892 1887 2891
f 2891 1887 1834
f 1839 2962 2963
f 2963 2962 2961
f 595 626 596
f 596 626 625
f 623 626 3484
f 3484 626 2859
f 1291 1290 606
f 606 1290 603
f 1290 650 603
f 603 650 641
f 641 650 642
f 642 650 649
f 2860 2863 649
f 649 2863 642
f 3036 3039 2860
f 2860 3039 2863
f 3035 3040 3036
f 3036 3040 3039
f 1294 1293 1295
f 1295 1293 1292
f 624 651 1294
f 1294 651 1293
f 623 652 624
f 624 652 651
f 3484 2861 623
f 623 2861 652
f 3032 3037 3484
f 3484 3037 2861
f 3031 3038 3032
f 3032 3038 3037
f 3481 2848 2884
f 2884 2848 942
f 2846 617 1427
f 1427 617 616
f 3049 3167 3048
f 3048 3167 3500
f 1906 3048 3070
f 3070 3048 3500
f 1337 1768 3501
f 3501 1768 3502
f 3020 3503 3021
f 3021 3503 3024
f 2914 3023 3020
f 3020 3023 3503
f 859 1770 860
f 860 1770 3504
f 1336 3505 1768
f 1768 3505 3502
f 3065 3497 3066
f 3066 3497 3498
f 2814 3075 3067
f 3067 3075 3496
f 2839 3174 766
f 766 3174 3017
f 1337 3501 1338
f 1338 3501 1769
f 767 3018 3026
f 3026 3018 3506
f 3076 3499 3064
f 3064 3499 3507
f 727 730 3483
f 3483 730 3030
f 3064 3507 2871
f 2871 3507 3077
f 3100 3160 1786
f 1786 3160 1784
f 3026 3506 752
f 752 3506 3015
f 860 3504 2923
f 2923 3504 3508
f 753 3016 3027
f 3027 3016 3509
f 3027 3509 3008
f 3008 3509 3028
f 1782 1785 1783
f 1783 1785 3022
f 2923 3508 3153
f 3153 3508 3161
f 3148 3149 1208
f 1208 3149 3150
f 1335 1328 3510
f 3510 1328 1327
f 1336 1335 3505
f 3505 1335 3510
f 866 3511 1340
f 1340 3511 3146
f 865 1808 866
f 866 1808 3511
f 842 841 3159
f 3159 841 3485
f 2849 3512 1329
f 1329 3512 1326
f 1202 1331 2849
f 2849 1331 3512
f 3514 3515 3513
f 3513 3515 3516
f 3518 3516 3517
f 3517 3516 3515
f 3519 3520 3514
f 3514 3520 3515
f 3522 3523 3521
f 3521 3523 3524
f 3526 3527 3525
f 3525 3527 3528
f 3530 3531 3529
f 3529 3531 3532
f 3534 3535 3533
f 3533 3535 3536
f 3529 3532 3537
f 3537 3532 3538
f 3537 3539 3529
f 3529 3539 3540
f 3542 3543 3541
f 3541 3543 3544
f 3546 3547 3545
f 3545 3547 3548
f 3550 3534 3549
f 3549 3534 3533
f 3550 3543 3551
f 3551 3543 3552
f 3537 3545 3539
f 3539 3545 3548
f 3553 3554 3556
f 3556 3554 3555
f 3537 3557 3545
f 3545 3557 3546
f 3558 3559 3561
f 3561 3559 3560
f 3563 3564 3562
f 3562 3564 3565
f 3564 3563 3566
f 3566 3563 3567
f 3569 3570 3568
f 3568 3570 3571
f 3573 3574 3572
f 3572 3574 3575
f 3577 3578 3576
f 3576 3578 3579
f 3581 3582 3580
f 3580 3582 3583
f 3585 3586 3584
f 3584 3586 3579
f 3586 3587 3579
f 3579 3587 3576
f 3589 3590 3588
f 3588 3590 3591
f 3592 3593 3595
f 3595 3593 3594
f 3597 3598 3596
f 3596 3598 3595
f 3583 3600 3599
f 3599 3600 3601
f 3603 3599 3602
f 3602 3599 3601
f 3605 3606 3604
f 3604 3606 3607
f 3608 3555 3596
f 3596 3555 3554
f 3597 3610 3609
f 3609 3610 3565
f 3564 3611 3565
f 3565 3611 3609
f 3611 3564 3612
f 3612 3564 3566
f 3613 3614 3569
f 3569 3614 3570
f 3615 3616 3573
f 3573 3616 3574
f 3517 3617 3518
f 3518 3617 3618
f 3620 3621 3619
f 3619 3621 3622
f 3624 3625 3623
f 3623 3625 3626
f 3628 3629 3627
f 3627 3629 3630
f 3632 3633 3631
f 3631 3633 3634
f 3636 3637 3635
f 3635 3637 3638
f 3640 3641 3639
f 3639 3641 3642
f 3643 3644 3639
f 3639 3644 3640
f 3646 3513 3645
f 3645 3513 3647
f 3648 3514 3646
f 3646 3514 3513
f 3649 3519 3648
f 3648 3519 3514
f 3650 3651 3527
f 3527 3651 3652
f 3654 3651 3653
f 3653 3651 3650
f 3568 3571 3655
f 3655 3571 3656
f 3657 3658 3653
f 3653 3658 3659
f 3661 3662 3660
f 3660 3662 3658
f 3664 3665 3663
f 3663 3665 3666
f 3667 3657 3650
f 3650 3657 3653
f 3669 3523 3668
f 3668 3523 3670
f 3672 3673 3671
f 3671 3673 3674
f 3676 3677 3675
f 3675 3677 3678
f 3671 3674 3676
f 3676 3674 3677
f 3680 3681 3679
f 3679 3681 3682
f 3683 3684 3680
f 3680 3684 3681
f 3685 3686 3661
f 3661 3686 3662
f 3686 3687 3662
f 3662 3687 3688
f 3684 3683 3689
f 3689 3683 3690
f 3692 3693 3691
f 3691 3693 3694
f 3691 3694 3695
f 3695 3694 3696
f 3698 3699 3697
f 3697 3699 3700
f 3702 3703 3701
f 3701 3703 3704
f 3705 3706 3519
f 3519 3706 3520
f 3673 3672 3707
f 3707 3672 3708
f 3709 3710 3682
f 3682 3710 3679
f 3711 3712 3692
f 3692 3712 3693
f 3714 3715 3713
f 3713 3715 3716
f 3718 3700 3717
f 3717 3700 3699
f 3720 3721 3719
f 3719 3721 3722
f 3724 3725 3723
f 3723 3725 3726
f 3727 3728 3730
f 3730 3728 3729
f 3722 3721 3731
f 3731 3721 3732
f 3697 3700 3733
f 3733 3700 3714
f 3733 3714 3734
f 3734 3714 3713
f 3721 3723 3732
f 3732 3723 3735
f 3720 3736 3724
f 3724 3736 3737
f 3700 3718 3714
f 3714 3718 3715
f 3717 3699 3738
f 3738 3699 3739
f 3536 3740 3533
f 3533 3740 3540
f 3742 3743 3741
f 3741 3743 3744
f 3746 3747 3745
f 3745 3747 3748
f 3750 3751 3749
f 3749 3751 3752
f 3627 3632 3628
f 3628 3632 3631
f 3754 3755 3753
f 3753 3755 3626
f 3562 3565 3756
f 3756 3565 3610
f 3527 3652 3528
f 3528 3652 3757
f 3758 3524 3669
f 3669 3524 3523
f 3582 3598 3583
f 3583 3598 3600
f 3759 3670 3522
f 3522 3670 3523
f 3675 3678 3760
f 3760 3678 3761
f 3762 3763 3690
f 3690 3763 3689
f 3765 3766 3764
f 3764 3766 3767
f 3768 3739 3698
f 3698 3739 3699
f 3726 3725 3770
f 3770 3725 3769
f 3645 3647 3771
f 3771 3647 3772
f 3645 3678 3646
f 3646 3678 3677
f 3646 3677 3648
f 3648 3677 3674
f 3673 3649 3674
f 3674 3649 3648
f 3707 3773 3673
f 3673 3773 3649
f 3775 3776 3774
f 3774 3776 3777
f 3779 3526 3778
f 3778 3526 3525
f 3526 3779 3667
f 3667 3779 3780
f 3780 3781 3667
f 3667 3781 3657
f 3672 3679 3708
f 3708 3679 3710
f 3671 3680 3672
f 3672 3680 3679
f 3676 3683 3671
f 3671 3683 3680
f 3675 3690 3676
f 3676 3690 3683
f 3760 3762 3675
f 3675 3762 3690
f 3682 3681 3783
f 3783 3681 3782
f 3689 3784 3684
f 3684 3784 3785
f 3684 3785 3681
f 3681 3785 3782
f 3786 3709 3783
f 3783 3709 3682
f 3784 3689 3787
f 3787 3689 3763
f 3789 3557 3788
f 3788 3557 3790
f 3792 3793 3791
f 3791 3793 3794
f 3616 3615 3795
f 3795 3615 3796
f 3797 3798 3727
f 3727 3798 3728
f 3800 3801 3799
f 3799 3801 3802
f 3803 3578 3592
f 3592 3578 3593
f 3805 3806 3804
f 3804 3806 3807
f 3599 3603 3585
f 3585 3603 3586
f 3587 3586 3604
f 3604 3586 3603
f 3588 3591 3794
f 3794 3591 3791
f 3581 3803 3582
f 3582 3803 3592
f 3594 3561 3608
f 3608 3561 3790
f 3662 3688 3808
f 3808 3688 3809
f 3665 3664 3810
f 3810 3664 3811
f 3719 3812 3720
f 3720 3812 3736
f 3717 3813 3718
f 3718 3813 3737
f 3723 3721 3724
f 3724 3721 3720
f 3813 3717 3814
f 3814 3717 3738
f 3815 3816 303
f 303 3816 304
f 3818 3819 3817
f 3817 3819 3820
f 3578 3803 3579
f 3579 3803 3584
f 3558 3593 3577
f 3577 3593 3578
f 3822 3823 3821
f 3821 3823 3824
f 3546 3826 3825
f 3825 3826 3827
f 3828 3829 3547
f 3547 3829 3541
f 3831 3542 3830
f 3830 3542 3832
f 3834 3822 3833
f 3833 3822 3821
f 3835 3836 3827
f 3827 3836 3825
f 3800 3799 3828
f 3828 3799 3829
f 3830 3832 3837
f 3837 3832 3838
f 331 330 3551
f 3551 330 3839
f 3831 333 3552
f 3552 333 332
f 3819 3797 3841
f 3841 3797 3840
f 3513 3516 3647
f 3647 3516 3746
f 337 336 3745
f 3745 336 3772
f 3525 3528 3775
f 3775 3528 3749
f 3610 3597 3554
f 3554 3597 3596
f 3706 3702 3520
f 3520 3702 3701
f 3756 3610 3553
f 3553 3610 3554
f 3757 3750 3528
f 3528 3750 3749
f 3517 3515 3701
f 3701 3515 3520
f 3842 3584 3581
f 3581 3584 3803
f 3525 3775 3778
f 3778 3775 3774
f 3638 3843 3635
f 3635 3843 3618
f 3617 3621 3618
f 3618 3621 3635
f 3617 3517 3704
f 3704 3517 3701
f 3521 3624 3522
f 3522 3624 3623
f 3749 3844 3775
f 3775 3844 3776
f 3846 3847 3845
f 3845 3847 3848
f 3843 3747 3618
f 3618 3747 3518
f 3850 3851 3849
f 3849 3851 3748
f 3853 3854 3852
f 3852 3854 3855
f 3856 3857 3622
f 3622 3857 3619
f 3859 3860 3858
f 3858 3860 3861
f 3862 3844 3752
f 3752 3844 3749
f 3863 3759 3623
f 3623 3759 3522
f 3864 3777 3630
f 3630 3777 3776
f 3713 3865 3734
f 3734 3865 3866
f 3868 3869 3867
f 3867 3869 3870
f 3872 3873 3871
f 3871 3873 3874
f 3876 3877 3875
f 3875 3877 3878
f 3879 3880 3878
f 3878 3880 3881
f 3882 3883 3885
f 3885 3883 3884
f 3780 3886 3781
f 3781 3886 3887
f 3888 3685 3869
f 3869 3685 3661
f 3880 3879 3883
f 3883 3879 3884
f 3693 3783 3694
f 3694 3783 3782
f 3696 3785 3764
f 3764 3785 3784
f 3694 3782 3696
f 3696 3782 3785
f 3693 3786 3783
f 3787 3765 3784
f 3784 3765 3764
f 386 385 3765
f 3765 385 3766
f 3695 3889 3691
f 3691 3889 3890
f 3691 3890 3692
f 3692 3890 3891
f 3892 3711 3891
f 3891 3711 3692
f 3767 3893 3695
f 3695 3893 3889
f 3766 3894 3767
f 3767 3894 3893
f 3882 3885 3895
f 3895 3885 3896
f 3898 3698 3897
f 3897 3698 3697
f 3897 3697 3899
f 3899 3697 3733
f 3899 3733 3900
f 3900 3733 3734
f 3901 3768 3898
f 3898 3768 3698
f 3901 3902 3768
f 3768 3902 3903
f 3904 3905 3907
f 3907 3905 3906
f 3869 3661 3870
f 3870 3661 3660
f 3908 3909 3896
f 3896 3909 3895
f 3909 3758 3895
f 3895 3758 3669
f 3751 3531 3752
f 3752 3531 3848
f 3858 3536 3854
f 3854 3536 3535
f 3652 3562 3757
f 3757 3562 3756
f 3651 3654 3563
f 3563 3654 3567
f 3655 3656 3808
f 3808 3656 3659
f 3530 3740 3845
f 3845 3740 3861
f 3751 3750 3556
f 3556 3750 3553
f 3817 3820 3796
f 3796 3820 3795
f 410 409 3910
f 3910 409 3855
f 3750 3757 3553
f 3553 3757 3756
f 3908 3886 3909
f 3909 3886 3780
f 409 411 3855
f 3855 411 3851
f 413 412 3760
f 3760 412 3762
f 415 414 3763
f 3763 414 3787
f 3790 3557 3538
f 3538 3557 3537
f 3555 3608 3538
f 3538 3608 3790
f 3574 3911 3575
f 3575 3911 3912
f 3535 3534 3910
f 3910 3534 3839
f 3831 3552 3542
f 3542 3552 3543
f 3534 3550 3839
f 3839 3550 3551
f 3543 3550 3544
f 3544 3550 3549
f 3913 3914 3916
f 3916 3914 3915
f 3806 3805 3589
f 3589 3805 3590
f 3849 3843 3917
f 3917 3843 3638
f 3853 3644 3859
f 3859 3644 3742
f 3747 3746 3518
f 3518 3746 3516
f 3695 3696 3767
f 3767 3696 3764
f 3903 3918 3768
f 3768 3918 3739
f 3738 3739 3816
f 3816 3739 3918
f 3919 3920 3769
f 3769 3920 3770
f 3921 3726 3922
f 3922 3726 3770
f 3678 3645 3761
f 3761 3645 3771
f 3924 3913 3923
f 3923 3913 3916
f 3802 3925 3838
f 3838 3925 3837
f 3577 3926 3558
f 3558 3926 3559
f 3815 3919 3814
f 3814 3919 3769
f 3927 3928 3822
f 3822 3928 3823
f 3829 3832 3541
f 3541 3832 3542
f 3834 3927 3822
f 3832 3829 3838
f 3838 3829 3799
f 3745 3772 3746
f 3746 3772 3647
f 3849 3748 3843
f 3843 3748 3747
f 3854 3853 3858
f 3858 3853 3859
f 3854 3535 3855
f 3855 3535 3910
f 3557 3789 3546
f 3546 3789 3826
f 3923 3823 3924
f 3924 3823 3928
f 3823 3923 3929
f 3929 3923 3930
f 3531 3751 3532
f 3532 3751 3556
f 3532 3556 3538
f 3538 3556 3555
f 3932 3634 3931
f 3931 3634 3633
f 3814 3769 3813
f 3813 3769 3725
f 3620 3636 3621
f 3621 3636 3635
f 3847 3862 3848
f 3848 3862 3752
f 3531 3530 3848
f 3848 3530 3845
f 3933 3934 3830
f 3830 3934 3831
f 3925 3933 3837
f 3837 3933 3830
f 3934 440 3831
f 3831 440 333
f 3925 3802 3833
f 3833 3802 3801
f 3776 3844 3630
f 3630 3844 3627
f 3808 3659 3662
f 3662 3659 3658
f 3667 3650 3526
f 3526 3650 3527
f 3935 3666 3936
f 3936 3666 3665
f 3718 3737 3715
f 3715 3737 3736
f 3663 3809 3664
f 3664 3809 3688
f 3807 3806 3938
f 3938 3806 3937
f 445 413 3761
f 3761 413 3760
f 3902 447 3903
f 3903 447 446
f 3897 3890 3898
f 3898 3890 3889
f 3899 3891 3897
f 3897 3891 3890
f 3898 3889 3901
f 3901 3889 3893
f 3893 3894 3901
f 3901 3894 3902
f 414 386 3787
f 3787 386 3765
f 3940 3941 3939
f 3939 3941 3942
f 3840 3797 3943
f 3943 3797 3727
f 3665 3810 3936
f 3936 3810 3944
f 3921 3735 3726
f 3726 3735 3723
f 3920 3945 3770
f 3770 3945 3922
f 3521 3524 3774
f 3774 3524 3778
f 3864 3946 3625
f 3625 3946 3947
f 3773 3705 3649
f 3649 3705 3519
f 3779 3778 3758
f 3758 3778 3524
f 3812 3716 3736
f 3736 3716 3715
f 3624 3521 3777
f 3777 3521 3774
f 3703 3856 3704
f 3704 3856 3622
f 3900 3892 3899
f 3899 3892 3891
f 3641 3917 3642
f 3642 3917 3948
f 3895 3669 3882
f 3882 3669 3668
f 3855 3851 3852
f 3852 3851 3850
f 3894 458 3902
f 3902 458 447
f 3781 3887 3660
f 3660 3887 3870
f 3570 3566 3571
f 3571 3566 3567
f 3950 3576 3949
f 3949 3576 3587
f 3605 3602 3614
f 3614 3602 3612
f 3614 3612 3570
f 3570 3612 3566
f 3571 3567 3656
f 3656 3567 3654
f 3660 3658 3781
f 3781 3658 3657
f 3604 3607 3587
f 3587 3607 3949
f 3653 3659 3654
f 3654 3659 3656
f 3529 3540 3530
f 3530 3540 3740
f 3687 3811 3688
f 3688 3811 3664
f 3813 3725 3737
f 3737 3725 3724
f 3919 3815 461
f 461 3815 303
f 3818 3798 3819
f 3819 3798 3797
f 3819 3841 3820
f 3820 3841 3951
f 3816 3815 3738
f 3738 3815 3814
f 3540 3539 3533
f 3533 3539 3549
f 3548 3547 3544
f 3544 3547 3541
f 3539 3548 3549
f 3549 3548 3544
f 3741 3931 3860
f 3860 3931 3846
f 3801 3800 3835
f 3835 3800 3836
f 3934 3933 3824
f 3824 3933 3821
f 3825 3828 3546
f 3546 3828 3547
f 3833 3821 3925
f 3925 3821 3933
f 3800 3828 3836
f 3836 3828 3825
f 3824 3952 3934
f 3934 3952 440
f 3860 3846 3861
f 3861 3846 3845
f 3629 3946 3630
f 3630 3946 3864
f 3740 3536 3861
f 3861 3536 3858
f 3833 3801 3834
f 3834 3801 3835
f 3583 3599 3580
f 3580 3599 3585
f 3651 3563 3652
f 3652 3563 3562
f 3758 3909 3779
f 3779 3909 3780
f 3621 3617 3622
f 3622 3617 3704
f 3625 3947 3626
f 3626 3947 3753
f 3633 3632 3847
f 3847 3632 3862
f 3852 3850 3640
f 3640 3850 3641
f 3644 3853 3640
f 3640 3853 3852
f 3859 3742 3860
f 3860 3742 3741
f 3632 3627 3862
f 3862 3627 3844
f 3755 3863 3626
f 3626 3863 3623
f 3917 3638 3948
f 3948 3638 3637
f 3644 3643 3742
f 3742 3643 3743
f 3931 3633 3846
f 3846 3633 3847
f 3625 3624 3864
f 3864 3624 3777
f 3917 3641 3849
f 3849 3641 3850
f 3744 3932 3741
f 3741 3932 3931
f 3903 446 3918
f 3918 446 464
f 3953 3954 3956
f 3956 3954 3955
f 3958 3959 3957
f 3957 3959 3960
f 3876 3958 3877
f 3877 3958 3957
f 3877 3957 3961
f 3961 3957 3962
f 3963 3964 3958
f 3958 3964 3959
f 3965 3966 3876
f 3876 3966 3958
f 3966 3963 3958
f 3966 3967 3963
f 3963 3967 3968
f 3878 3877 3879
f 3879 3877 3961
f 3967 3969 3968
f 3968 3969 3970
f 3969 3971 3970
f 3970 3971 3972
f 3974 3904 3973
f 3973 3904 3907
f 3971 3975 3972
f 3972 3975 3976
f 3976 3975 3978
f 3978 3975 3977
f 3979 3980 3977
f 3977 3980 3978
f 3981 3982 3979
f 3979 3982 3980
f 3983 3984 3981
f 3981 3984 3982
f 3972 3985 3970
f 3970 3985 3986
f 3871 3987 3969
f 3969 3987 3971
f 3872 3871 3967
f 3967 3871 3969
f 3965 3872 3966
f 3966 3872 3967
f 3970 3986 3968
f 3968 3986 3988
f 3879 3961 3884
f 3884 3961 3940
f 3884 3940 3885
f 3885 3940 3939
f 3989 3990 3992
f 3992 3990 3991
f 3942 3993 3995
f 3995 3993 3994
f 3994 3996 3995
f 3995 3996 3974
f 3997 3998 3994
f 3994 3998 3996
f 3999 3997 3993
f 3993 3997 3994
f 4001 3996 4000
f 4000 3996 3998
f 4000 3998 4002
f 4002 3998 4003
f 4004 4003 3997
f 3997 4003 3998
f 3997 3999 4004
f 4004 3999 4005
f 4006 3995 3973
f 3973 3995 3974
f 3939 3942 4006
f 4006 3942 3995
f 3906 3887 3907
f 3907 3887 3886
f 3887 3906 3870
f 3870 3906 3867
f 3908 3973 3886
f 3886 3973 3907
f 3865 4007 3866
f 3866 4007 4008
f 3984 3983 4009
f 4009 3983 4010
f 3961 3962 3940
f 3940 3962 3941
f 4012 3868 4011
f 4011 3868 3867
f 4013 3975 3987
f 3987 3975 3971
f 4014 3977 4013
f 4013 3977 3975
f 4015 4010 4007
f 4007 4010 3983
f 4007 3983 4008
f 4008 3983 3981
f 4008 3981 4016
f 4016 3981 3979
f 4017 3984 4018
f 4018 3984 4009
f 3977 4014 3979
f 3979 4014 4016
f 3982 3984 4019
f 4019 3984 4017
f 4021 4022 4020
f 4020 4022 4023
f 4022 4012 4023
f 4023 4012 4011
f 4023 3904 4020
f 4020 3904 3974
f 4024 4025 4018
f 4018 4025 4017
f 4026 4027 4024
f 4024 4027 4025
f 4028 4026 4029
f 4029 4026 4024
f 4018 4021 4024
f 4024 4021 4029
f 4030 4031 4026
f 4026 4031 4027
f 4032 4030 4028
f 4028 4030 4026
f 4029 4001 4028
f 4028 4001 4000
f 4028 4000 4032
f 4032 4000 4002
f 4034 4035 4033
f 4033 4035 4036
f 4037 4038 4019
f 4019 4038 4039
f 4041 4039 4040
f 4040 4039 4038
f 4040 4038 4042
f 4042 4038 4036
f 4042 4036 4043
f 4043 4036 4035
f 3985 4044 4046
f 4046 4044 4045
f 4047 4048 4045
f 4045 4048 4046
f 4047 4049 4048
f 4048 4049 4050
f 4042 4047 4040
f 4040 4047 4045
f 4043 4049 4042
f 4042 4049 4047
f 4040 4045 4041
f 4041 4045 4044
f 4052 3959 4051
f 4051 3959 3964
f 4053 4054 4051
f 4051 4054 4055
f 3956 3960 4052
f 4052 3960 3959
f 3953 3956 4056
f 4056 3956 4052
f 4058 3953 4057
f 4057 3953 4056
f 4060 4061 4059
f 4059 4061 4062
f 4063 4064 4054
f 4054 4064 4057
f 4054 4053 4063
f 4063 4053 4065
f 4066 4067 4069
f 4069 4067 4068
f 4048 4050 4063
f 4063 4050 4064
f 4063 4065 4048
f 4048 4065 4046
f 3985 4046 3986
f 3986 4046 4065
f 3986 4065 3988
f 3988 4065 4053
f 3988 4053 3964
f 3964 4053 4051
f 3976 3978 4044
f 4044 3978 4041
f 3980 3982 4039
f 4039 3982 4019
f 4039 4041 3980
f 3980 4041 3978
f 3973 3908 4006
f 4006 3908 3896
f 3885 3939 3896
f 3896 3939 4006
f 4031 4034 4027
f 4027 4034 4033
f 4027 4033 4025
f 4025 4033 4037
f 4019 4017 4037
f 4037 4017 4025
f 3993 3942 4070
f 4070 3942 3941
f 3999 3993 4071
f 4071 3993 4070
f 3999 4071 4005
f 4005 4071 4072
f 4073 4074 4076
f 4076 4074 4075
f 4078 4079 4077
f 4077 4079 4080
f 4082 4080 4081
f 4081 4080 4079
f 4084 4085 4083
f 4083 4085 4086
f 4087 4088 4090
f 4090 4088 4089
f 4092 4093 4091
f 4091 4093 4094
f 4096 4097 4095
f 4095 4097 4098
f 4100 4101 4099
f 4099 4101 4102
f 4103 4104 4106
f 4106 4104 4105
f 4108 4109 4107
f 4107 4109 4110
f 4112 4113 4111
f 4111 4113 4114
f 4116 4117 4115
f 4115 4117 4118
f 4120 4121 4119
f 4119 4121 4122
f 4123 4124 4126
f 4126 4124 4125
f 4127 4128 4130
f 4130 4128 4129
f 4132 4133 4131
f 4131 4133 4134
f 4136 4108 4135
f 4135 4108 4107
f 4138 4139 4137
f 4137 4139 4140
f 4141 4142 4088
f 4088 4142 4089
f 4144 4145 4143
f 4143 4145 4146
f 4148 4149 4147
f 4147 4149 4150
f 4152 4153 4151
f 4151 4153 4154
f 4156 4082 4155
f 4155 4082 4081
f 4157 4158 4160
f 4160 4158 4159
f 4161 4162 4164
f 4164 4162 4163
f 4166 4122 4165
f 4165 4122 4121
f 4168 4152 4167
f 4167 4152 4151
f 4169 4170 4172
f 4172 4170 4171
f 4174 4175 4173
f 4173 4175 4176
f 4178 4149 4177
f 4177 4149 4179
f 4173 4176 4180
f 4180 4176 4181
f 4156 4085 4182
f 4182 4085 4183
f 4182 4184 4156
f 4156 4184 4082
f 4185 4186 4184
f 4184 4186 4187
f 4186 4188 4187
f 4187 4188 4189
f 4190 4191 4073
f 4073 4191 4074
f 4177 4179 4158
f 4158 4179 4159
f 4193 4127 4192
f 4192 4127 4130
f 4144 4194 4151
f 4151 4194 4167
f 4196 4197 4195
f 4195 4197 4198
f 4095 4199 4096
f 4096 4199 4200
f 4201 4202 4204
f 4204 4202 4203
f 4205 4206 4208
f 4208 4206 4207
f 4121 4120 4209
f 4209 4120 4210
f 4212 4213 4211
f 4211 4213 4214
f 4216 4217 4215
f 4215 4217 4218
f 4220 4221 4219
f 4219 4221 4222
f 4224 4196 4223
f 4223 4196 4195
f 4225 4226 4134
f 4134 4226 4131
f 4228 4229 4227
f 4227 4229 4230
f 4232 4233 4231
f 4231 4233 4098
f 4235 4236 4234
f 4234 4236 4237
f 4239 4240 4238
f 4238 4240 4241
f 4242 4243 4245
f 4245 4243 4244
f 4246 4247 4249
f 4249 4247 4248
f 4251 4252 4250
f 4250 4252 4253
f 4255 4256 4254
f 4254 4256 4257
f 4259 4260 4258
f 4258 4260 4261
f 4263 4264 4262
f 4262 4264 4265
f 4267 4268 4266
f 4266 4268 4269
f 4271 4199 4270
f 4270 4199 4272
f 4273 4274 4276
f 4276 4274 4275
f 4115 4118 4277
f 4277 4118 4278
f 4280 4281 4279
f 4279 4281 4282
f 4211 4283 4212
f 4212 4283 4284
f 4286 4287 4285
f 4285 4287 4288
f 4165 4121 4289
f 4289 4121 4209
f 4291 4286 4290
f 4290 4286 4285
f 4293 4294 4292
f 4292 4294 4295
f 4297 4298 4296
f 4296 4298 4299
f 4301 4302 4300
f 4300 4302 4303
f 4299 4304 4296
f 4296 4304 4305
f 4306 4292 4307
f 4307 4292 4295
f 4307 4308 4306
f 4306 4308 4309
f 4310 4309 4075
f 4075 4309 4308
f 4299 4298 4312
f 4312 4298 4311
f 4302 4301 4293
f 4293 4301 4294
f 3735 3921 4313
f 4313 3921 4314
f 4315 4314 3922
f 3922 4314 3921
f 4316 3945 829
f 829 3945 830
f 4289 4317 4165
f 4165 4317 4318
f 4320 4321 4319
f 4319 4321 4322
f 4324 4325 4323
f 4323 4325 4326
f 4327 4328 4330
f 4330 4328 4329
f 4290 4331 4291
f 4291 4331 4332
f 4165 4318 4166
f 4166 4318 4333
f 4334 4335 4337
f 4337 4335 4336
f 4339 4340 4338
f 4338 4340 4341
f 4168 4343 4342
f 4342 4343 4344
f 4346 4347 4345
f 4345 4347 4348
f 4350 4351 4349
f 4349 4351 4352
f 4354 4355 4353
f 4353 4355 4356
f 4357 4358 4324
f 4324 4358 4325
f 4337 4359 4334
f 4334 4359 4360
f 4362 4363 4361
f 4361 4363 4364
f 4366 4367 4365
f 4365 4367 4368
f 4369 4370 4372
f 4372 4370 4371
f 4331 4290 4374
f 4374 4290 4373
f 4373 4376 4375
f 4375 4376 4377
f 4379 4380 4378
f 4378 4380 4381
f 4217 4382 4218
f 4218 4382 4383
f 4385 4386 4384
f 4384 4386 4387
f 4388 4389 4338
f 4338 4389 4390
f 4337 4336 4392
f 4392 4336 4391
f 4394 4362 4393
f 4393 4362 4361
f 4396 4397 4395
f 4395 4397 4398
f 4400 4401 4399
f 4399 4401 4402
f 4345 4403 4346
f 4346 4403 4404
f 4405 4406 4342
f 4342 4406 4407
f 4409 4410 4408
f 4408 4410 4411
f 4408 4412 4409
f 4409 4412 4413
f 4181 4415 4414
f 4414 4415 4416
f 4182 4183 4417
f 4417 4183 4418
f 4419 4353 4311
f 4311 4353 4312
f 4421 4422 4420
f 4420 4422 4423
f 4353 4356 4312
f 4312 4356 4424
f 4166 4333 4425
f 4425 4333 4426
f 4425 4143 4166
f 4166 4143 4122
f 4427 4107 4428
f 4428 4107 4110
f 4429 4430 4174
f 4174 4430 4175
f 4335 4431 4336
f 4336 4431 4390
f 4336 4390 4391
f 4391 4390 4389
f 4432 4433 4435
f 4435 4433 4434
f 4437 4438 4436
f 4436 4438 4439
f 4441 4442 4440
f 4440 4442 4443
f 4359 4444 4361
f 4361 4444 4393
f 4446 4447 4445
f 4445 4447 4448
f 4338 4341 4388
f 4388 4341 4449
f 4450 4451 4398
f 4398 4451 4395
f 4453 4454 4452
f 4452 4454 4455
f 4457 4458 4456
f 4456 4458 4459
f 4460 4461 4448
f 4448 4461 4445
f 4463 4464 4462
f 4462 4464 4465
f 4462 4465 4466
f 4466 4465 4467
f 4468 4469 4467
f 4467 4469 4466
f 4469 4468 4470
f 4470 4468 4471
f 4472 4473 4471
f 4471 4473 4470
f 4475 4476 4474
f 4474 4476 4477
f 4479 4480 4478
f 4478 4480 4481
f 4483 4484 4482
f 4482 4484 4485
f 4487 4488 4486
f 4486 4488 4489
f 4491 4492 4490
f 4490 4492 4493
f 4494 4495 4493
f 4493 4495 4490
f 4496 4497 4494
f 4494 4497 4495
f 4497 4496 4498
f 4498 4496 4499
f 4500 4501 4503
f 4503 4501 4502
f 4505 4506 4504
f 4504 4506 4507
f 4466 4508 4462
f 4462 4508 4509
f 4470 4510 4469
f 4469 4510 4511
f 4513 4479 4512
f 4512 4479 4478
f 4515 4443 4514
f 4514 4443 4442
f 4516 4517 4519
f 4519 4517 4518
f 4521 4495 4520
f 4520 4495 4497
f 4522 4490 4521
f 4521 4490 4495
f 4491 4523 4488
f 4488 4523 4524
f 4525 4489 4524
f 4524 4489 4488
f 4484 4526 4485
f 4485 4526 4527
f 4503 4528 4500
f 4500 4528 4529
f 4530 4531 4533
f 4533 4531 4532
f 4535 4506 4534
f 4534 4506 4530
f 4486 4536 4487
f 4487 4536 4537
f 4487 4537 4492
f 4492 4537 4538
f 4494 4539 4496
f 4496 4539 4540
f 4542 4533 4541
f 4541 4533 4499
f 4544 4545 4543
f 4543 4545 4546
f 4548 4549 4547
f 4547 4549 4550
f 4536 4551 4537
f 4537 4551 4552
f 4537 4552 4538
f 4538 4552 4553
f 4554 4539 4556
f 4556 4539 4555
f 4557 4540 4554
f 4554 4540 4539
f 4559 4557 4558
f 4558 4557 4560
f 4540 4557 4541
f 4541 4557 4559
f 4562 4563 4561
f 4561 4563 4564
f 4546 4565 4543
f 4543 4565 4566
f 4547 4567 4548
f 4548 4567 4568
f 4570 4571 4569
f 4569 4571 4572
f 4574 4575 4573
f 4573 4575 4576
f 4578 4579 4577
f 4577 4579 4580
f 4582 4583 4581
f 4581 4583 4584
f 4585 4586 4588
f 4588 4586 4587
f 4589 4585 4590
f 4590 4585 4588
f 4592 4593 4591
f 4591 4593 4594
f 4596 4597 4595
f 4595 4597 4598
f 4600 4601 4599
f 4599 4601 4602
f 4563 4604 4603
f 4603 4604 4605
f 4603 4606 4608
f 4608 4606 4607
f 4609 4610 4594
f 4594 4610 4591
f 4611 4612 4614
f 4614 4612 4613
f 4616 4617 4615
f 4615 4617 4618
f 4602 4620 4619
f 4619 4620 4621
f 4619 4622 4602
f 4602 4622 4599
f 4605 4599 4623
f 4623 4599 4622
f 4605 4623 4603
f 4603 4623 4606
f 4625 4626 4624
f 4624 4626 4627
f 4438 4437 4628
f 4628 4437 4629
f 4442 4441 4630
f 4630 4441 4631
f 4630 4632 4442
f 4442 4632 4514
f 4633 4634 4529
f 4529 4634 4500
f 4500 4634 4501
f 4501 4634 4635
f 4637 4546 4636
f 4636 4546 4545
f 4639 4565 4638
f 4638 4565 4640
f 4573 4576 4641
f 4641 4576 4642
f 4593 4643 4594
f 4594 4643 4644
f 4645 4609 4644
f 4644 4609 4594
f 4647 4648 4646
f 4646 4648 4649
f 4651 4652 4650
f 4650 4652 4653
f 4654 4498 4519
f 4519 4498 4532
f 4520 4508 4521
f 4521 4508 4511
f 4522 4510 4523
f 4523 4510 4655
f 4524 4656 4525
f 4525 4656 4657
f 4514 4529 4515
f 4515 4529 4528
f 4658 4659 4661
f 4661 4659 4660
f 4496 4540 4499
f 4499 4540 4541
f 4493 4555 4494
f 4494 4555 4539
f 4549 4483 4550
f 4550 4483 4482
f 4545 4544 4501
f 4501 4544 4502
f 4636 4545 4635
f 4635 4545 4501
f 4589 4663 4662
f 4662 4663 4664
f 4662 4665 4558
f 4558 4665 4559
f 4569 4586 4570
f 4570 4586 4560
f 4552 4666 4553
f 4553 4666 4667
f 4668 4669 4670
f 4670 4669 4666
f 4672 4673 4671
f 4671 4673 4674
f 4287 4675 4288
f 4288 4675 4676
f 4678 4679 4677
f 4677 4679 4680
f 4681 4678 4682
f 4682 4678 4677
f 4682 4683 4681
f 4681 4683 4684
f 4161 4164 4685
f 4685 4164 4686
f 4414 4687 4689
f 4689 4687 4688
f 4405 4690 4346
f 4346 4690 4347
f 4691 4399 4693
f 4693 4399 4692
f 1209 4694 4365
f 4365 4694 4366
f 4650 1211 4651
f 4651 1211 1210
f 4695 4696 4255
f 4255 4696 4256
f 4697 4698 4218
f 4218 4698 4215
f 4700 4701 4699
f 4699 4701 4702
f 4703 4704 4303
f 4303 4704 4300
f 4315 3922 4316
f 4316 3922 3945
f 4653 4706 4705
f 4705 4706 4707
f 4709 4710 4708
f 4708 4710 4711
f 4335 4334 4713
f 4713 4334 4712
f 4714 4340 4321
f 4321 4340 4322
f 4716 4717 4715
f 4715 4717 4718
f 4238 4241 4719
f 4719 4241 4720
f 4231 4721 4307
f 4307 4721 4308
f 4723 4724 4722
f 4722 4724 4725
f 4727 4728 4726
f 4726 4728 4729
f 4730 4731 4327
f 4327 4731 4328
f 4733 4734 4732
f 4732 4734 4735
f 4720 4381 4736
f 4736 4381 4737
f 4738 4739 4741
f 4741 4739 4740
f 4743 4744 4742
f 4742 4744 4745
f 4338 4390 4339
f 4339 4390 4431
f 4746 4747 4431
f 4431 4747 4339
f 4291 4332 4289
f 4289 4332 4317
f 4289 4209 4291
f 4291 4209 4286
f 4287 4286 4210
f 4210 4286 4209
f 4749 4750 4748
f 4748 4750 4751
f 4212 4284 4752
f 4752 4284 4753
f 4752 4754 4212
f 4212 4754 4213
f 4252 4251 4225
f 4225 4251 4226
f 4227 4230 4248
f 4248 4230 4249
f 4205 4755 4757
f 4757 4755 4756
f 4708 4711 4758
f 4758 4711 4647
f 4367 4366 4759
f 4759 4366 4760
f 4526 4513 4527
f 4527 4513 4512
f 4420 4423 4385
f 4385 4423 4386
f 4705 4761 4653
f 4653 4761 4650
f 4761 1279 4650
f 4650 1279 1211
f 4762 4763 3944
f 3944 4763 3936
f 4274 4273 4765
f 4765 4273 4764
f 4767 4768 4766
f 4766 4768 4769
f 4770 4771 4769
f 4769 4771 4766
f 4771 4770 4242
f 4242 4770 4243
f 4093 4163 4094
f 4094 4163 4162
f 4772 4773 4775
f 4775 4773 4774
f 4777 4778 4776
f 4776 4778 4779
f 4417 4185 4182
f 4182 4185 4184
f 4780 4078 4781
f 4781 4078 4077
f 4781 4077 4782
f 4782 4077 4189
f 4188 4783 4189
f 4189 4783 4782
f 4295 4232 4307
f 4307 4232 4231
f 4785 4786 4784
f 4784 4786 4787
f 4784 1307 4785
f 4785 1307 1306
f 4078 4780 4096
f 4096 4780 4097
f 4075 4074 4310
f 4310 4074 4788
f 4788 4074 4789
f 4789 4074 4191
f 4789 4191 4059
f 4059 4191 4790
f 4791 4277 4792
f 4792 4277 4278
f 3732 3735 4793
f 4793 3735 4313
f 4793 4794 3732
f 3732 4794 3731
f 4792 4795 4791
f 4791 4795 4796
f 4797 4798 4799
f 4799 4798 4724
f 4763 4800 3936
f 3936 4800 3935
f 4801 4062 3729
f 3729 4062 3730
f 4713 4712 4802
f 4802 4712 4803
f 4146 4804 4119
f 4119 4804 4805
f 4498 4654 4497
f 4497 4654 4520
f 4806 4807 1326
f 1326 4807 1327
f 4689 4688 1330
f 1330 4688 1331
f 4801 4789 4062
f 4062 4789 4059
f 3730 4062 4808
f 4808 4062 4061
f 4810 4811 4809
f 4809 4811 4812
f 4813 4403 4814
f 4814 4403 4345
f 4815 4816 4349
f 4349 4816 4350
f 4817 4818 4820
f 4820 4818 4819
f 4406 4821 4407
f 4407 4821 4822
f 4823 4161 4824
f 4824 4161 4685
f 4181 4414 4825
f 4825 4414 4689
f 4741 4740 4826
f 4826 4740 4827
f 4828 4829 4827
f 4827 4829 4826
f 4142 4141 4415
f 4415 4141 4148
f 4830 1354 4761
f 4761 1354 1279
f 4832 4833 4831
f 4831 4833 4834
f 4835 4836 4626
f 4626 4836 4421
f 4451 4709 4395
f 4395 4709 4708
f 4627 4420 4837
f 4837 4420 4385
f 4837 1365 4838
f 4838 1365 1364
f 4397 4396 4839
f 4839 4396 4840
f 4842 4628 4841
f 4841 4628 4629
f 4671 4674 4631
f 4631 4674 4630
f 4674 4659 4630
f 4630 4659 4632
f 4633 4632 4658
f 4658 4632 4659
f 4658 4504 4633
f 4633 4504 4634
f 4635 4634 4507
f 4507 4634 4504
f 4843 4636 4507
f 4507 4636 4635
f 4844 4637 4843
f 4843 4637 4636
f 4637 4844 4640
f 4640 4844 4664
f 4638 4663 4642
f 4642 4663 4845
f 4847 4643 4846
f 4846 4643 4641
f 4644 4848 4645
f 4645 4848 4849
f 4851 4852 4850
f 4850 4852 4853
f 4855 4856 4854
f 4854 4856 4857
f 4859 4860 4858
f 4858 4860 4857
f 4715 4718 4859
f 4859 4718 4860
f 4862 4863 4861
f 4861 4863 4864
f 4866 4867 4865
f 4865 4867 4868
f 4870 4871 4869
f 4869 4871 4872
f 4869 4872 4116
f 4116 4872 4117
f 4820 4819 4874
f 4874 4819 4873
f 4876 4877 4875
f 4875 4877 4878
f 4880 4881 4879
f 4879 4881 4882
f 4884 4885 4883
f 4883 4885 4886
f 4887 4888 4280
f 4280 4888 4281
f 4818 4817 4889
f 4889 4817 4890
f 4891 4193 4823
f 4823 4193 4192
f 4892 4893 4228
f 4228 4893 4229
f 4158 4157 4894
f 4894 4157 4895
f 4896 4897 4132
f 4132 4897 4133
f 4099 4683 4100
f 4100 4683 4682
f 4101 4100 4899
f 4899 4100 4898
f 4150 4106 4147
f 4147 4106 4900
f 4100 4682 4898
f 4898 4682 4677
f 4080 4082 4187
f 4187 4082 4184
f 4077 4080 4189
f 4189 4080 4187
f 4191 4190 4790
f 4790 4190 4901
f 4177 4158 4680
f 4680 4158 4894
f 4108 4136 4752
f 4752 4136 4754
f 4752 4753 4108
f 4108 4753 4109
f 4817 4902 4890
f 4890 4902 4903
f 4904 4905 4907
f 4907 4905 4906
f 4909 4910 4908
f 4908 4910 4911
f 4913 4914 4912
f 4912 4914 4915
f 4916 4917 4919
f 4919 4917 4918
f 4312 4424 4299
f 4299 4424 4304
f 4920 4921 4297
f 4297 4921 4298
f 4194 4922 4167
f 4167 4922 4923
f 4924 4400 4691
f 4691 4400 4399
f 4395 4708 4396
f 4396 4708 4758
f 4367 4925 4368
f 4368 4925 4926
f 4919 4918 4873
f 4873 4918 4874
f 4836 4927 4421
f 4421 4927 4422
f 4921 4928 4298
f 4298 4928 4311
f 4143 4146 4122
f 4122 4146 4119
f 4929 4930 4455
f 4455 4930 4452
f 4932 4933 4931
f 4931 4933 4934
f 4935 4936 4932
f 4932 4936 4933
f 4461 4460 4457
f 4457 4460 4458
f 4480 4479 4475
f 4475 4479 4476
f 4660 4673 4517
f 4517 4673 4937
f 4661 4505 4658
f 4658 4505 4504
f 4484 4483 4489
f 4489 4483 4486
f 4462 4509 4463
f 4463 4509 4518
f 4469 4511 4466
f 4466 4511 4508
f 4655 4473 4656
f 4656 4473 4477
f 4476 4657 4477
f 4477 4657 4656
f 4479 4513 4476
f 4476 4513 4657
f 4489 4525 4484
f 4484 4525 4526
f 4483 4549 4486
f 4486 4549 4536
f 4549 4548 4536
f 4536 4548 4551
f 4548 4568 4551
f 4551 4568 4670
f 4663 4589 4845
f 4845 4589 4590
f 4668 4577 4938
f 4938 4577 4580
f 4940 4938 4939
f 4939 4938 4941
f 4940 4942 4669
f 4669 4942 4943
f 4587 4582 4944
f 4944 4582 4581
f 4848 4847 4608
f 4608 4847 4564
f 4616 4945 4613
f 4613 4945 4598
f 4615 4946 4616
f 4616 4946 4945
f 4947 4939 4948
f 4948 4939 4946
f 4599 4605 4600
f 4600 4605 4604
f 4608 4607 4848
f 4848 4607 4849
f 4613 4612 4616
f 4616 4612 4617
f 4835 4949 4709
f 4709 4949 4710
f 4357 1477 4837
f 4837 1477 1365
f 4712 4950 4803
f 4803 4950 4951
f 4401 4952 4402
f 4402 4952 4953
f 4759 4760 4402
f 4402 4760 4399
f 4508 4520 4509
f 4509 4520 4654
f 4510 4522 4511
f 4511 4522 4521
f 4513 4526 4657
f 4657 4526 4525
f 4632 4633 4514
f 4514 4633 4529
f 4931 4934 4453
f 4453 4934 4454
f 4153 4954 4154
f 4154 4954 4955
f 4957 4958 4956
f 4956 4958 4959
f 4961 4962 4960
f 4960 4962 4963
f 4120 4964 4210
f 4210 4964 4965
f 4967 4968 4966
f 4966 4968 4969
f 4349 4692 4815
f 4815 4692 4970
f 4652 4971 4653
f 4653 4971 4706
f 4758 4647 4972
f 4972 4647 4646
f 4973 4363 4646
f 4646 4363 4972
f 4950 4360 4974
f 4974 4360 4364
f 4431 4335 4746
f 4746 4335 4713
f 4358 4714 4325
f 4325 4714 4321
f 4765 4764 4266
f 4266 4764 4975
f 4202 4976 4203
f 4203 4976 4977
f 4917 4978 4918
f 4918 4978 4979
f 4279 4282 4854
f 4854 4282 4269
f 4820 4880 4817
f 4817 4880 4902
f 4890 4903 4980
f 4980 4903 4886
f 4982 4983 4981
f 4981 4983 4123
f 4795 4851 4796
f 4796 4851 4850
f 4918 4979 4874
f 4874 4979 4881
f 4809 4404 4810
f 4810 4404 4403
f 4354 4985 4984
f 4984 4985 4986
f 1364 1516 4838
f 4838 1516 4987
f 4759 4988 4367
f 4367 4988 4925
f 4989 4990 4481
f 4481 4990 4478
f 4443 4515 4990
f 4990 4515 4991
f 4527 4512 4992
f 4992 4512 4991
f 4528 4503 4992
f 4992 4503 4993
f 4993 4994 4485
f 4485 4994 4482
f 4544 4995 4502
f 4502 4995 4994
f 4995 4996 4550
f 4550 4996 4547
f 4998 4999 4997
f 4997 4999 4566
f 4998 5000 4578
f 4578 5000 4579
f 5001 5002 4596
f 4596 5002 4597
f 5003 4591 5004
f 5004 4591 4610
f 4626 4421 4627
f 4627 4421 4420
f 4837 4838 4627
f 4627 4838 4624
f 4761 4705 4830
f 4830 4705 5005
f 4705 4707 5005
f 5005 4707 5006
f 4308 4721 4075
f 4075 4721 4076
f 5007 4200 4797
f 4797 4200 4798
f 4685 4686 5008
f 5008 4686 5009
f 4889 4890 5010
f 5010 4890 4980
f 4323 1541 4324
f 4324 1541 1540
f 4385 4384 4358
f 4358 4384 4714
f 4396 4758 4840
f 4840 4758 4972
f 4866 4852 5011
f 5011 4852 5012
f 5013 4260 4980
f 4980 4260 5010
f 4875 4878 5014
f 5014 4878 5015
f 5017 5018 5016
f 5016 5018 5019
f 5016 5019 5020
f 5020 5019 5021
f 5023 5024 5022
f 5022 5024 5025
f 5027 5028 5026
f 5026 5028 5029
f 5031 5032 5030
f 5030 5032 5033
f 5035 5036 5034
f 5034 5036 5037
f 5039 5040 5038
f 5038 5040 5041
f 5043 5044 5042
f 5042 5044 5045
f 5038 5046 5039
f 5039 5046 5047
f 5049 5050 5048
f 5048 5050 5051
f 5053 5054 5052
f 5052 5054 5055
f 5057 5024 5056
f 5056 5024 5058
f 5060 5061 5059
f 5059 5061 5062
f 5064 5065 5063
f 5063 5065 5066
f 5043 5050 5064
f 5064 5050 5065
f 5038 5041 5067
f 5067 5041 5068
f 5070 5071 5069
f 5069 5071 5072
f 5074 5075 5073
f 5073 5075 5076
f 5034 5077 5035
f 5035 5077 5078
f 5080 5081 5079
f 5079 5081 5082
f 5084 5085 5083
f 5083 5085 5086
f 5085 5084 5087
f 5087 5084 5088
f 5090 5091 5089
f 5089 5091 5092
f 5094 5095 5093
f 5093 5095 5096
f 5098 5099 5097
f 5097 5099 5100
f 5102 5103 5101
f 5101 5103 5104
f 5105 5106 5108
f 5108 5106 5107
f 5110 5111 5109
f 5109 5111 5112
f 5114 5094 5113
f 5113 5094 5093
f 5116 5117 5115
f 5115 5117 5118
f 5120 5121 5119
f 5119 5121 5122
f 5124 5125 5123
f 5123 5125 5126
f 5128 5129 5127
f 5127 5129 5130
f 5097 5131 5098
f 5098 5131 5132
f 5134 5135 5133
f 5133 5135 5122
f 5084 5125 5088
f 5088 5125 5136
f 5138 5139 5137
f 5137 5139 5140
f 5142 5102 5141
f 5141 5102 5101
f 5106 5143 5107
f 5107 5143 5144
f 5146 5147 5145
f 5145 5147 5148
f 5149 5150 5109
f 5109 5150 5110
f 5151 5110 5152
f 5152 5110 5150
f 4715 5140 4716
f 4716 5140 5139
f 5143 4870 5144
f 5144 4870 4869
f 4115 5146 4116
f 4116 5146 5145
f 4791 4796 5149
f 5149 4796 5150
f 4796 4850 5150
f 5150 4850 5152
f 4858 5142 4859
f 4859 5142 5141
f 5153 5154 5115
f 5115 5154 5105
f 5156 5157 5155
f 5155 5157 5158
f 5159 5160 5053
f 5053 5160 5054
f 5161 5162 5020
f 5020 5162 5068
f 5026 5029 5163
f 5163 5029 5021
f 5083 5086 5164
f 5164 5086 5165
f 5090 5167 5166
f 5166 5167 5168
f 5169 5170 5172
f 5172 5170 5171
f 5174 5175 5173
f 5173 5175 5176
f 5177 5109 5178
f 5178 5109 5112
f 5179 5180 5182
f 5182 5180 5181
f 5123 5126 5120
f 5120 5126 5121
f 5180 5167 5181
f 5181 5167 5183
f 5184 5185 5179
f 5179 5185 5180
f 5186 5149 5177
f 5177 5149 5109
f 4868 5184 4865
f 4865 5184 5179
f 5188 5189 5187
f 5187 5189 5190
f 4277 4791 5186
f 5186 4791 5149
f 5179 5182 4865
f 4865 5182 4853
f 5189 4862 5190
f 5190 4862 4861
f 5156 5075 5191
f 5191 5075 5192
f 5036 5035 5193
f 5193 5035 5194
f 5115 5118 5153
f 5153 5118 5195
f 5022 5025 5196
f 5196 5025 5197
f 5155 5158 5069
f 5069 5158 5062
f 5063 5066 5198
f 5198 5066 5199
f 5073 5076 5200
f 5200 5076 5072
f 5202 5131 5201
f 5201 5131 5203
f 5143 5106 5204
f 5204 5106 5205
f 5114 5113 5206
f 5206 5113 5127
f 5098 5132 5193
f 5193 5132 5195
f 5204 5207 5143
f 5143 5207 4870
f 5088 5136 5208
f 5208 5136 5092
f 5209 5210 5089
f 5089 5210 5183
f 5211 5018 5060
f 5060 5018 5061
f 5017 5040 5070
f 5070 5040 5071
f 5191 5160 5156
f 5156 5160 5157
f 5048 5028 5049
f 5049 5028 5058
f 5207 5204 4858
f 4858 5204 5142
f 4859 5141 4715
f 4715 5141 5140
f 5212 5162 5042
f 5042 5162 5051
f 5182 5152 4853
f 4853 5152 4850
f 5214 5134 5213
f 5213 5134 5133
f 5164 5165 5133
f 5133 5165 5213
f 5215 5216 5201
f 5201 5216 5217
f 5147 5218 5148
f 5148 5218 5219
f 5147 5177 5218
f 5218 5177 5178
f 5141 5101 5140
f 5140 5101 5137
f 5201 5217 5202
f 5202 5217 5104
f 5146 5186 5147
f 5147 5186 5177
f 4277 5186 4115
f 4115 5186 5146
f 5191 5192 5031
f 5031 5192 5032
f 5052 5055 5220
f 5220 5055 5197
f 4116 5145 4869
f 4869 5145 5144
f 5034 5037 5214
f 5214 5037 5134
f 5097 5100 5114
f 5114 5100 5094
f 5108 5107 5219
f 5219 5107 5148
f 5221 5135 5116
f 5116 5135 5117
f 5124 5111 5209
f 5209 5111 5210
f 5107 5144 5148
f 5148 5144 5145
f 5152 5182 5151
f 5151 5182 5181
f 5208 5222 5088
f 5088 5222 5087
f 5222 5208 5171
f 5171 5208 5172
f 5223 1756 4698
f 4698 1756 1755
f 4427 5224 4107
f 4107 5224 4135
f 4178 4679 5225
f 5225 4679 5226
f 5227 5228 4892
f 4892 5228 4893
f 5229 5230 4171
f 4171 5230 4172
f 4855 4268 4884
f 4884 4268 4885
f 4884 4871 4855
f 4855 4871 4856
f 4684 5231 4896
f 4896 5231 4897
f 4768 4767 5009
f 5009 4767 5008
f 5205 5154 5102
f 5102 5154 5103
f 5099 5098 5194
f 5194 5098 5193
f 5198 5199 5079
f 5079 5199 5033
f 5102 5142 5205
f 5205 5142 5204
f 5224 4427 4681
f 4681 4427 4678
f 3712 3711 5232
f 5232 3711 5233
f 3968 3988 3963
f 3963 3988 3964
f 3976 4044 3972
f 3972 4044 3985
f 4038 4037 4036
f 4036 4037 4033
f 4794 4762 3731
f 3731 4762 3944
f 3731 3944 3722
f 3722 3944 3810
f 3874 5234 5232
f 5232 5234 3712
f 3906 3905 3867
f 3867 3905 4011
f 3904 4023 3905
f 3905 4023 4011
f 3719 3722 3811
f 3811 3722 3810
f 3812 3719 3687
f 3687 3719 3811
f 3716 3812 3686
f 3686 3812 3687
f 3713 3716 3685
f 3685 3716 3686
f 4810 4403 5235
f 5235 4403 4813
f 4345 1770 4814
f 4814 1770 1769
f 4067 4066 4058
f 4058 4066 5236
f 4043 4068 4049
f 4049 4068 4050
f 4034 5237 3989
f 3989 5237 3990
f 4031 4030 4072
f 4072 4030 4005
f 4003 4004 4002
f 4002 4004 4032
f 4004 4005 4032
f 4032 4005 4030
f 4067 4064 4068
f 4068 4064 4050
f 4058 4057 4067
f 4067 4057 4064
f 4035 4034 5238
f 5238 4034 3989
f 5236 5239 4058
f 4058 5239 5240
f 5234 3874 5241
f 5241 3874 3873
f 5241 3873 3881
f 3881 3873 3878
f 4800 4763 4788
f 4788 4763 4310
f 4763 4762 4310
f 4310 4762 4309
f 4762 4794 4309
f 4309 4794 4306
f 4794 4793 4306
f 4306 4793 4292
f 4293 4313 4302
f 4302 4313 4314
f 4302 4314 4303
f 4303 4314 4315
f 4303 4315 4703
f 4703 4315 4316
f 4035 4069 4043
f 4043 4069 4068
f 4324 1540 4357
f 4357 1540 1477
f 5232 3987 3874
f 3874 3987 3871
f 3987 5232 4013
f 4013 5232 5233
f 4013 5233 4014
f 4014 5233 5242
f 3888 4015 3865
f 3865 4015 4007
f 3866 4008 5243
f 5243 4008 4016
f 3873 5244 3878
f 3878 5244 3875
f 3965 5244 3872
f 3872 5244 3873
f 3876 3875 3965
f 3965 3875 5244
f 5243 4016 5242
f 5242 4016 4014
f 5246 5247 5245
f 5245 5247 5248
f 3576 3950 3577
f 3577 3950 3926
f 3584 3842 3585
f 3585 3842 3580
f 5249 5247 1784
f 1784 5247 1785
f 5250 5251 5253
f 5253 5251 5252
f 5255 5252 5254
f 5254 5252 5256
f 5254 5256 5258
f 5258 5256 5257
f 5258 5257 5260
f 5260 5257 5259
f 4356 5261 4424
f 4424 5261 5259
f 4355 5262 4356
f 4356 5262 5261
f 4924 5264 5263
f 5263 5264 5265
f 4693 5266 4691
f 4691 5266 5267
f 4351 5268 4352
f 4352 5268 5269
f 1808 1807 4351
f 4351 1807 5268
f 3580 3842 3581
f 3799 3802 3838
f 4800 4788 4801
f 4801 4788 4789
f 3729 3935 4801
f 4801 3935 4800
f 3728 3666 3729
f 3729 3666 3935
f 3728 3798 3666
f 3666 3798 3663
f 3798 3818 3663
f 3663 3818 3809
f 3818 3817 3809
f 3809 3817 3808
f 3796 3655 3817
f 3817 3655 3808
f 3615 3568 3796
f 3796 3568 3655
f 3573 3569 3615
f 3615 3569 3568
f 3572 3613 3573
f 3573 3613 3569
f 3792 3606 3572
f 3572 3606 3613
f 3607 3791 3949
f 3949 3791 3591
f 3590 3950 3591
f 3591 3950 3949
f 3805 3926 3590
f 3590 3926 3950
f 3804 3559 3805
f 3805 3559 3926
f 3804 3914 3559
f 3559 3914 3560
f 3924 3789 3913
f 3913 3789 3788
f 3924 3928 3789
f 3789 3928 3826
f 3928 3927 3826
f 3826 3927 3827
f 3927 3834 3827
f 3827 3834 3835
f 4079 4078 5270
f 5270 4078 5007
f 5271 5272 4233
f 4233 5272 5273
f 5275 5276 5274
f 5274 5276 5277
f 5278 5279 4236
f 4236 5279 4237
f 5278 5280 5271
f 5271 5280 5272
f 4235 5281 4236
f 4236 5281 5282
f 5284 5285 5283
f 5283 5285 5286
f 5288 5289 5287
f 5287 5289 5290
f 5292 5293 5291
f 5291 5293 5294
f 5287 5290 4726
f 4726 5290 5295
f 4293 4292 4313
f 4313 4292 4793
f 4720 4736 4719
f 4719 4736 5296
f 5297 4909 5298
f 5298 4909 4908
f 5299 5300 4976
f 4976 5300 5301
f 5302 4202 5303
f 5303 4202 4201
f 5304 5305 4983
f 4983 5305 5306
f 5308 5309 5307
f 5307 5309 5310
f 4722 4725 5283
f 5283 4725 5311
f 5291 5294 4125
f 4125 5294 4126
f 5313 5314 5312
f 5312 5314 5315
f 5316 5317 5319
f 5319 5317 5318
f 5321 5308 5320
f 5320 5308 5307
f 4819 4981 4873
f 4873 4981 5322
f 4981 4123 5322
f 5322 4123 4126
f 5324 5325 5323
f 5323 5325 5326
f 4764 5327 4975
f 4975 5327 5328
f 4172 5327 4169
f 4169 5327 5329
f 4768 4171 4769
f 4769 4171 4170
f 4243 4755 4244
f 4244 4755 5330
f 4755 4205 5330
f 5330 4205 4208
f 4206 4906 4207
f 4207 4906 4905
f 4686 5014 5009
f 5009 5014 5229
f 4756 4770 4170
f 4170 4770 4769
f 4170 4169 4756
f 4756 4169 4757
f 4273 5329 4764
f 4764 5329 5327
f 4276 5331 4273
f 4273 5331 5329
f 4770 4756 4243
f 4243 4756 4755
f 5333 4889 5332
f 5332 4889 5010
f 4877 5332 4878
f 4878 5332 4259
f 4875 4164 4876
f 4876 4164 4163
f 5334 5335 5324
f 5324 5335 5325
f 4983 5306 4123
f 4123 5306 4124
f 4818 4982 4819
f 4819 4982 4981
f 5332 5010 4259
f 4259 5010 4260
f 5014 4686 4875
f 4875 4686 4164
f 4171 4768 5229
f 5229 4768 5009
f 5337 4916 5336
f 5336 4916 4919
f 5293 5337 5294
f 5294 5337 5336
f 4982 4818 5333
f 5333 4818 4889
f 5338 5339 4262
f 4262 5339 5340
f 5307 5310 5338
f 5338 5310 5339
f 5341 5342 4204
f 4204 5342 5309
f 5336 4919 5322
f 5322 4919 4873
f 5294 5336 4126
f 4126 5336 5322
f 5323 5326 5343
f 5343 5326 5286
f 4914 5344 4915
f 4915 5344 5345
f 5312 5315 5344
f 5344 5315 5345
f 5347 5348 5346
f 5346 5348 5349
f 5350 5351 4832
f 4832 5351 4833
f 5352 5353 5349
f 5349 5353 5346
f 5354 5338 4265
f 4265 5338 4262
f 5320 5307 5354
f 5354 5307 5338
f 4201 5308 5303
f 5303 5308 5321
f 5356 5357 5355
f 5355 5357 4799
f 5358 5359 5334
f 5334 5359 5335
f 5358 5360 4093
f 4093 5360 4163
f 5360 5305 4163
f 4163 5305 4876
f 5305 5304 4876
f 4876 5304 4877
f 5270 4778 4079
f 4079 4778 4081
f 4779 5361 4774
f 4774 5361 5357
f 5356 5359 4775
f 4775 5359 4092
f 5333 5304 4982
f 4982 5304 4983
f 5332 4877 5333
f 5333 4877 5304
f 5015 4258 5230
f 5230 4258 5328
f 5327 4172 5328
f 5328 4172 5230
f 4169 5329 4757
f 4757 5329 5331
f 4757 5331 4205
f 4205 5331 4206
f 5331 4276 4206
f 4206 4276 4906
f 4276 4275 4906
f 4906 4275 4907
f 4275 4888 4907
f 4907 4888 4744
f 4887 4717 4745
f 4745 4717 4864
f 4716 5139 4861
f 4861 5139 5190
f 5139 5138 5190
f 5190 5138 5187
f 5138 5216 5187
f 5187 5216 5176
f 5215 5362 5173
f 5173 5362 5130
f 5364 5365 5363
f 5363 5365 5340
f 4742 4863 5366
f 5366 4863 4867
f 4862 5189 4868
f 4868 5189 5184
f 5189 5188 5184
f 5184 5188 5185
f 5188 5175 5185
f 5185 5175 5168
f 3560 3788 3561
f 3561 3788 3790
f 3596 3595 3608
f 3608 3595 3594
f 3598 3582 3595
f 3595 3582 3592
f 3600 3609 3601
f 3601 3609 3611
f 3602 3601 3612
f 3612 3601 3611
f 3606 3605 3613
f 3613 3605 3614
f 3793 5367 3794
f 3794 5367 5368
f 3598 3597 3600
f 3600 3597 3609
f 3793 3792 3575
f 3575 3792 3572
f 3561 3594 3558
f 3558 3594 3593
f 3807 3915 3804
f 3804 3915 3914
f 3916 3915 5370
f 5370 3915 5369
f 3602 3605 3603
f 3603 3605 3604
f 3606 3792 3607
f 3607 3792 3791
f 3914 3913 3560
f 3560 3913 3788
f 5174 5129 5166
f 5166 5129 5371
f 5170 5169 5093
f 5093 5169 5113
f 5166 5371 5090
f 5090 5371 5091
f 5128 5169 5372
f 5372 5169 5172
f 5127 5113 5128
f 5128 5113 5169
f 5114 5206 5203
f 5203 5206 5362
f 5200 5373 5073
f 5073 5373 5096
f 5374 5375 5200
f 5200 5375 5373
f 5039 5047 5374
f 5374 5047 5375
f 5087 5046 5085
f 5085 5046 5376
f 5212 5377 5067
f 5067 5377 5376
f 5042 5045 5212
f 5212 5045 5377
f 5064 5378 5043
f 5043 5378 5044
f 5063 5077 5064
f 5064 5077 5378
f 5079 5082 5198
f 5198 5082 5078
f 5099 5081 5100
f 5100 5081 5379
f 5100 5379 5094
f 5094 5379 5095
f 5381 5382 5380
f 5380 5382 5383
f 5385 5386 5384
f 5384 5386 5383
f 5385 5387 5386
f 5386 5387 5388
f 5390 5391 5389
f 5389 5391 5392
f 5393 5394 5396
f 5396 5394 5395
f 5398 5399 5397
f 5397 5399 5400
f 5402 5403 5401
f 5401 5403 5404
f 5406 5407 5405
f 5405 5407 5404
f 5408 5409 5163
f 5163 5409 5410
f 5411 5412 5414
f 5414 5412 5413
f 5057 5416 5415
f 5415 5416 5417
f 5393 5416 5418
f 5418 5416 5419
f 5396 5395 5420
f 5420 5395 5421
f 5423 5424 5422
f 5422 5424 5425
f 5415 5417 5220
f 5220 5417 5426
f 5418 5391 5393
f 5393 5391 5394
f 5414 5388 5411
f 5411 5388 5392
f 5059 5427 5060
f 5060 5427 5428
f 5423 5427 5429
f 5429 5427 5430
f 5432 5382 5431
f 5431 5382 5425
f 5429 5407 5423
f 5423 5407 5424
f 5380 5409 5381
f 5381 5409 5433
f 5381 5433 5422
f 5422 5433 5428
f 5027 5412 5056
f 5056 5412 5419
f 5435 5436 5434
f 5434 5436 5437
f 5159 5439 5438
f 5438 5439 5440
f 5053 5436 5159
f 5159 5436 5439
f 5441 5403 5398
f 5398 5403 5399
f 5163 5410 5026
f 5026 5410 5413
f 5438 5440 5442
f 5442 5440 5430
f 5444 5445 5443
f 5443 5445 5446
f 5447 5448 5450
f 5450 5448 5449
f 5451 5446 5452
f 5452 5446 5445
f 5454 5455 5453
f 5453 5455 5451
f 5456 5454 5458
f 5458 5454 5457
f 5460 5461 5459
f 5459 5461 5462
f 5464 5465 5463
f 5463 5465 5466
f 5468 5469 5467
f 5467 5469 5470
f 5472 5473 5471
f 5471 5473 5474
f 5475 5476 5478
f 5478 5476 5477
f 5479 5480 5482
f 5482 5480 5481
f 5483 5484 5448
f 5448 5484 5485
f 5448 5485 5449
f 5449 5485 5486
f 5487 5476 5488
f 5488 5476 5475
f 5490 5491 5489
f 5489 5491 5492
f 5494 5495 5493
f 5493 5495 5496
f 5498 5494 5497
f 5497 5494 5493
f 5500 5501 5499
f 5499 5501 5502
f 5503 5504 5446
f 5446 5504 5443
f 5506 5507 5505
f 5505 5507 5508
f 5510 5511 5509
f 5509 5511 5512
f 5514 5515 5513
f 5513 5515 5516
f 5518 5519 5517
f 5517 5519 5520
f 5495 5521 5496
f 5496 5521 5522
f 5524 5525 5523
f 5523 5525 5526
f 5527 5528 5494
f 5494 5528 5495
f 5499 5502 5529
f 5529 5502 5530
f 5531 5532 5485
f 5485 5532 5486
f 5485 5484 5531
f 5531 5484 5533
f 5482 5481 5534
f 5534 5481 5535
f 5536 5512 5506
f 5506 5512 5511
f 5455 5503 5451
f 5451 5503 5446
f 5467 5470 5511
f 5511 5470 5537
f 5538 5467 5510
f 5510 5467 5511
f 5540 5541 5539
f 5539 5541 5542
f 5543 5544 5546
f 5546 5544 5545
f 5548 5472 5547
f 5547 5472 5471
f 5493 5496 5549
f 5549 5496 5550
f 5496 5522 5550
f 5550 5522 5551
f 5553 5554 5552
f 5552 5554 5555
f 5557 5447 5556
f 5556 5447 5558
f 5557 5483 5447
f 5447 5483 5448
f 5478 5477 5553
f 5553 5477 5559
f 5477 5560 5559
f 5559 5560 5561
f 5476 5562 5477
f 5477 5562 5560
f 5476 5487 5562
f 5562 5487 5563
f 5560 5564 5561
f 5561 5564 5565
f 5564 5560 5566
f 5566 5560 5562
f 5563 5567 5562
f 5562 5567 5566
f 5569 5521 5568
f 5568 5521 5570
f 5481 5572 5571
f 5571 5572 5573
f 5574 5535 5571
f 5571 5535 5481
f 5576 5577 5575
f 5575 5577 5578
f 5579 5580 5456
f 5456 5580 5581
f 5475 5582 5488
f 5488 5582 5583
f 5584 5536 5505
f 5505 5536 5506
f 5585 5586 5588
f 5588 5586 5587
f 5590 5591 5589
f 5589 5591 5592
f 5519 5593 5520
f 5520 5593 5594
f 5595 5596 5462
f 5462 5596 5597
f 5599 5600 5598
f 5598 5600 5514
f 5602 5603 5601
f 5601 5603 5604
f 5524 5543 5525
f 5525 5543 5546
f 5543 5524 5606
f 5606 5524 5605
f 5607 5608 5500
f 5500 5608 5501
f 5610 5551 5609
f 5609 5551 5522
f 5611 5510 5598
f 5598 5510 5509
f 5612 5597 5457
f 5457 5597 5458
f 5510 5611 5538
f 5538 5611 5613
f 5580 5508 5581
f 5581 5508 5507
f 5615 5616 5614
f 5614 5616 5617
f 5619 5620 5618
f 5618 5620 5621
f 5623 5624 5622
f 5622 5624 5625
f 5627 5624 5626
f 5626 5624 5623
f 5629 5630 5628
f 5628 5630 5631
f 5633 5634 5632
f 5632 5634 5466
f 5635 5636 5463
f 5463 5636 5637
f 5523 5638 5524
f 5524 5638 5605
f 5639 5640 5641
f 5641 5640 5595
f 5611 5513 5613
f 5613 5513 5642
f 5643 5586 5608
f 5608 5586 5501
f 5622 5625 5590
f 5590 5625 5591
f 5598 5514 5611
f 5611 5514 5513
f 5645 5646 5644
f 5644 5646 5647
f 5620 5619 5491
f 5491 5619 5648
f 5649 5643 5492
f 5492 5643 5608
f 5650 5651 5653
f 5653 5651 5652
f 5463 5466 5635
f 5635 5466 5634
f 5597 5612 5462
f 5462 5612 5459
f 5635 5634 5523
f 5523 5634 5638
f 5654 5638 5633
f 5633 5638 5634
f 5655 5656 5525
f 5525 5656 5526
f 5658 5659 5657
f 5657 5659 5527
f 5660 5464 5637
f 5637 5464 5463
f 5632 5466 5661
f 5661 5466 5465
f 5661 5662 5632
f 5632 5662 5658
f 5662 5663 5658
f 5658 5663 5659
f 5665 5659 5664
f 5664 5659 5663
f 5632 5658 5633
f 5633 5658 5657
f 5666 5629 5530
f 5530 5629 5667
f 5528 5527 5665
f 5665 5527 5659
f 5668 5669 5570
f 5570 5669 5568
f 5669 5668 5670
f 5670 5668 5671
f 5646 5672 5673
f 5672 5674 5673
f 5673 5674 5675
f 5674 5460 5675
f 5675 5460 5459
f 5461 5676 5462
f 5462 5676 5595
f 5677 5678 5680
f 5680 5678 5679
f 5628 5681 5629
f 5629 5681 5667
f 5682 5529 5667
f 5667 5529 5530
f 5675 5459 5683
f 5683 5459 5612
f 5585 5666 5502
f 5502 5666 5530
f 5589 5684 5602
f 5602 5684 5603
f 5646 5645 5663
f 5663 5645 5664
f 5685 5647 5673
f 5673 5647 5646
f 5686 5687 5683
f 5683 5687 5685
f 5688 5689 5533
f 5533 5689 5531
f 5690 5691 5535
f 5535 5691 5534
f 5692 5690 5574
f 5574 5690 5535
f 5685 5687 5689
f 5689 5687 5693
f 5489 5694 5490
f 5490 5694 5695
f 5690 5692 5696
f 5696 5692 5697
f 5696 5644 5690
f 5690 5644 5691
f 5447 5450 5558
f 5558 5450 5698
f 5699 5700 5642
f 5642 5700 5613
f 5701 5702 5540
f 5540 5702 5541
f 5431 5703 5432
f 5432 5703 5697
f 5385 5384 5574
f 5574 5384 5692
f 5389 5387 5573
f 5573 5387 5571
f 5565 5390 5573
f 5573 5390 5389
f 5390 5565 5704
f 5704 5565 5564
f 5566 5705 5564
f 5564 5705 5704
f 5569 5441 5609
f 5609 5441 5398
f 5568 5405 5569
f 5569 5405 5441
f 5670 5706 5669
f 5669 5706 5406
f 5703 5431 5670
f 5670 5431 5706
f 5432 5697 5384
f 5384 5697 5692
f 5574 5571 5385
f 5385 5571 5387
f 5607 5707 5489
f 5489 5707 5694
f 5518 5708 5519
f 5519 5708 5709
f 5711 5576 5710
f 5710 5576 5575
f 5713 5714 5712
f 5712 5714 5715
f 5553 5552 5478
f 5478 5552 5716
f 5717 5475 5716
f 5716 5475 5478
f 5718 5719 5605
f 5605 5719 5606
f 5505 5622 5584
f 5584 5622 5590
f 5508 5623 5505
f 5505 5623 5622
f 5626 5623 5580
f 5580 5623 5508
f 5580 5579 5626
f 5626 5579 5720
f 5579 5721 5720
f 5720 5721 5722
f 5666 5585 5723
f 5723 5585 5588
f 5724 5725 5639
f 5639 5725 5640
f 5554 5726 5555
f 5555 5726 5727
f 5453 5728 5729
f 5689 5688 5685
f 5685 5688 5647
f 5604 5730 5512
f 5512 5730 5509
f 5628 5631 5618
f 5618 5631 5592
f 5601 5604 5536
f 5536 5604 5512
f 5732 5676 5731
f 5731 5676 5660
f 5730 5604 5733
f 5733 5604 5603
f 5563 5487 5551
f 5551 5487 5550
f 5489 5492 5607
f 5607 5492 5608
f 5573 5572 5565
f 5565 5572 5561
f 5609 5522 5569
f 5569 5522 5521
f 5499 5734 5500
f 5500 5734 5735
f 5596 5736 5721
f 5721 5736 5722
f 5737 5600 5594
f 5594 5600 5520
f 5599 5730 5517
f 5517 5730 5733
f 5660 5738 5731
f 5731 5738 5739
f 5648 5649 5491
f 5491 5649 5492
f 5501 5586 5502
f 5502 5586 5585
f 5525 5546 5655
f 5655 5546 5740
f 5600 5599 5520
f 5520 5599 5517
f 5708 5739 5709
f 5709 5739 5738
f 5636 5635 5526
f 5526 5635 5523
f 5670 5671 5703
f 5703 5671 5741
f 5490 5695 5742
f 5742 5695 5743
f 5682 5678 5744
f 5744 5678 5677
f 5678 5681 5679
f 5679 5681 5621
f 5742 5743 5679
f 5679 5743 5680
f 5618 5621 5628
f 5628 5621 5681
f 5725 5724 5589
f 5589 5724 5684
f 5456 5458 5579
f 5579 5458 5721
f 5675 5683 5673
f 5673 5683 5685
f 5529 5682 5745
f 5745 5682 5744
f 5721 5458 5596
f 5596 5458 5597
f 5701 5540 5719
f 5719 5540 5606
f 5703 5741 5697
f 5697 5741 5696
f 5500 5735 5607
f 5607 5735 5707
f 5549 5746 5493
f 5493 5746 5497
f 5700 5747 5613
f 5613 5747 5538
f 5420 5421 5434
f 5434 5421 5400
f 5689 5693 5531
f 5531 5693 5532
f 5705 5566 5748
f 5748 5566 5567
f 5609 5398 5610
f 5610 5398 5397
f 5669 5406 5568
f 5568 5406 5405
f 5488 5583 5549
f 5549 5583 5746
f 5714 5713 5710
f 5710 5713 5711
f 5747 5468 5538
f 5538 5468 5467
f 5548 5547 5749
f 5749 5547 5750
f 5733 5603 5751
f 5751 5603 5684
f 5589 5602 5590
f 5590 5602 5584
f 5636 5752 5614
f 5614 5752 5615
f 5753 5754 5738
f 5738 5754 5755
f 5602 5601 5584
f 5584 5601 5536
f 5723 5736 5630
f 5630 5736 5640
f 5595 5640 5596
f 5596 5640 5736
f 5734 5499 5745
f 5745 5499 5529
f 5627 5587 5643
f 5643 5587 5586
f 5553 5559 5554
f 5554 5559 5480
f 5559 5561 5480
f 5480 5561 5572
f 5554 5480 5726
f 5726 5480 5479
f 5749 5750 5715
f 5715 5750 5712
f 5683 5612 5686
f 5686 5612 5457
f 5678 5682 5681
f 5681 5682 5667
f 5598 5509 5599
f 5599 5509 5730
f 5679 5621 5742
f 5742 5621 5620
f 5652 5616 5653
f 5653 5616 5615
f 5220 5426 5052
f 5052 5426 5437
f 5487 5488 5550
f 5550 5488 5549
f 5742 5620 5490
f 5490 5620 5491
f 5551 5610 5563
f 5563 5610 5567
f 5610 5397 5567
f 5567 5397 5748
f 5614 5617 5753
f 5753 5617 5754
f 5480 5572 5481
f 5755 5756 5738
f 5738 5756 5709
f 5745 5744 5758
f 5758 5744 5757
f 5745 5758 5734
f 5734 5758 5759
f 5735 5734 5760
f 5760 5734 5759
f 5707 5735 5761
f 5761 5735 5760
f 5744 5677 5757
f 5757 5677 5762
f 5677 5680 5762
f 5762 5680 5763
f 5763 5680 5764
f 5764 5680 5743
f 5765 5766 5762
f 5762 5766 5757
f 5768 5769 5767
f 5767 5769 5770
f 5771 5772 5770
f 5770 5772 5767
f 5770 5769 5774
f 5774 5769 5773
f 5775 5776 5774
f 5774 5776 5777
f 5773 5778 5774
f 5774 5778 5775
f 5779 5766 5773
f 5773 5766 5778
f 5777 5771 5774
f 5774 5771 5770
f 5780 5781 5783
f 5783 5781 5782
f 5781 5780 5771
f 5771 5780 5772
f 5773 5769 5779
f 5779 5769 5768
f 5768 5759 5779
f 5779 5759 5758
f 5768 5784 5759
f 5759 5784 5760
f 5767 5785 5768
f 5768 5785 5784
f 5785 5767 5786
f 5786 5767 5772
f 5766 5779 5757
f 5757 5779 5758
f 5780 5787 5772
f 5772 5787 5786
f 5785 5786 5788
f 5788 5786 5789
f 5786 5787 5789
f 5789 5787 5790
f 5788 5789 5791
f 5791 5789 5792
f 5791 5793 5788
f 5788 5793 5794
f 5795 5792 5790
f 5790 5792 5789
f 5785 5788 5784
f 5784 5788 5794
f 5784 5794 5760
f 5760 5794 5761
f 5787 5780 5796
f 5796 5780 5783
f 5775 5778 5797
f 5797 5778 5766
f 5797 5798 5775
f 5775 5798 5776
f 5766 5765 5797
f 5797 5765 5799
f 5798 5797 5800
f 5800 5797 5799
f 5798 5801 5776
f 5776 5801 5802
f 5707 5761 5694
f 5694 5761 5803
f 5695 5804 5743
f 5743 5804 5764
f 5804 5695 5803
f 5803 5695 5694
f 5803 5793 5804
f 5804 5793 5805
f 5793 5791 5805
f 5805 5791 5806
f 5804 5805 5764
f 5764 5805 5807
f 5803 5761 5793
f 5793 5761 5794
f 5808 5763 5807
f 5807 5763 5764
f 5808 5765 5763
f 5763 5765 5762
f 5809 5799 5808
f 5808 5799 5765
f 5809 5808 5810
f 5810 5808 5807
f 5811 5809 5812
f 5812 5809 5810
f 5805 5806 5807
f 5807 5806 5810
f 5806 5813 5810
f 5810 5813 5812
f 5799 5809 5800
f 5800 5809 5811
f 5815 5800 5814
f 5814 5800 5811
f 5814 5817 5816
f 5816 5817 5818
f 5814 5811 5817
f 5817 5811 5812
f 5814 5816 5815
f 5815 5816 5796
f 5815 5796 5801
f 5801 5796 5783
f 5801 5798 5815
f 5815 5798 5800
f 5791 5792 5806
f 5806 5792 5813
f 5818 5813 5795
f 5795 5813 5792
f 5818 5817 5813
f 5813 5817 5812
f 5816 5818 5790
f 5790 5818 5795
f 5790 5787 5816
f 5816 5787 5796
f 5771 5777 5781
f 5781 5777 5782
f 5782 5802 5783
f 5783 5802 5801
f 5782 5777 5802
f 5802 5777 5776
f 5588 5587 5722
f 5722 5587 5720
f 5591 5619 5592
f 5592 5619 5618
f 5625 5624 5648
f 5648 5624 5649
f 5624 5627 5649
f 5649 5627 5643
f 5631 5630 5725
f 5725 5630 5640
f 5625 5648 5591
f 5591 5648 5619
f 5588 5722 5723
f 5723 5722 5736
f 5631 5725 5592
f 5592 5725 5589
f 5723 5630 5666
f 5666 5630 5629
f 5587 5627 5720
f 5720 5627 5626
f 5820 5821 5819
f 5819 5821 5822
f 5824 5825 5823
f 5823 5825 5826
f 5823 5826 5827
f 5827 5826 5828
f 5829 5830 5832
f 5832 5830 5831
f 5518 5833 5708
f 5708 5833 5834
f 5835 5836 5824
f 5824 5836 5825
f 5838 5839 5837
f 5837 5839 5840
f 5751 5684 5842
f 5842 5684 5841
f 5843 5841 5724
f 5724 5841 5684
f 5845 5846 5844
f 5844 5846 5847
f 5848 5830 5836
f 5836 5830 5825
f 5518 5751 5833
f 5833 5751 5842
f 5839 5838 5821
f 5821 5838 5849
f 5850 5848 5822
f 5822 5848 5836
f 5851 5845 5828
f 5828 5845 5852
f 5854 5855 5853
f 5853 5855 5856
f 5845 5844 5852
f 5852 5844 5857
f 5858 5827 5852
f 5852 5827 5828
f 5851 5828 5829
f 5829 5828 5826
f 5819 5859 5820
f 5820 5859 5860
f 5835 5861 5819
f 5819 5861 5859
f 5851 5829 5862
f 5862 5829 5832
f 5844 5847 5837
f 5837 5847 5834
f 5819 5822 5835
f 5835 5822 5836
f 5823 5863 5824
f 5824 5863 5864
f 5849 5850 5821
f 5821 5850 5822
f 5825 5830 5826
f 5826 5830 5829
f 5820 5860 5865
f 5865 5860 5866
f 5858 5854 5867
f 5867 5854 5853
f 5854 5857 5855
f 5855 5857 5840
f 5855 5865 5856
f 5856 5865 5866
f 5837 5840 5844
f 5844 5840 5857
f 5827 5858 5868
f 5868 5858 5867
f 5824 5864 5835
f 5835 5864 5861
f 5732 5731 5862
f 5862 5731 5846
f 5863 5823 5868
f 5868 5823 5827
f 5843 5831 5848
f 5848 5831 5830
f 5854 5858 5857
f 5857 5858 5852
f 5855 5840 5865
f 5865 5840 5839
f 5865 5839 5820
f 5820 5839 5821
f 5868 5867 5870
f 5870 5867 5869
f 5868 5870 5863
f 5863 5870 5871
f 5863 5871 5864
f 5864 5871 5872
f 5864 5872 5861
f 5861 5872 5873
f 5867 5853 5869
f 5869 5853 5874
f 5853 5856 5874
f 5874 5856 5875
f 5856 5866 5875
f 5875 5866 5876
f 5877 5878 5874
f 5874 5878 5869
f 5880 5881 5879
f 5879 5881 5882
f 5883 5884 5880
f 5880 5884 5881
f 5881 5884 5886
f 5886 5884 5885
f 5887 5888 5886
f 5886 5888 5889
f 5885 5890 5886
f 5886 5890 5887
f 5889 5882 5886
f 5886 5882 5881
f 5882 5891 5879
f 5879 5891 5892
f 5885 5884 5893
f 5893 5884 5883
f 5883 5871 5893
f 5893 5871 5870
f 5883 5894 5871
f 5871 5894 5872
f 5880 5895 5883
f 5883 5895 5894
f 5896 5895 5879
f 5879 5895 5880
f 5893 5878 5885
f 5885 5878 5890
f 5878 5893 5869
f 5869 5893 5870
f 5897 5896 5892
f 5892 5896 5879
f 5895 5896 5898
f 5898 5896 5899
f 5896 5897 5899
f 5899 5897 5900
f 5898 5899 5901
f 5901 5899 5902
f 5901 5903 5898
f 5898 5903 5904
f 5900 5905 5899
f 5899 5905 5902
f 5898 5904 5895
f 5895 5904 5894
f 5894 5904 5872
f 5872 5904 5873
f 5897 5892 5907
f 5907 5892 5906
f 5892 5891 5906
f 5906 5891 5908
f 5887 5890 5909
f 5909 5890 5878
f 5888 5887 5910
f 5910 5887 5909
f 5878 5877 5909
f 5909 5877 5911
f 5909 5911 5910
f 5910 5911 5912
f 5913 5914 5910
f 5910 5914 5888
f 5908 5914 5906
f 5906 5914 5913
f 5861 5873 5859
f 5859 5873 5915
f 5860 5916 5866
f 5866 5916 5876
f 5916 5860 5915
f 5915 5860 5859
f 5915 5903 5916
f 5916 5903 5917
f 5903 5901 5917
f 5917 5901 5918
f 5916 5917 5876
f 5876 5917 5919
f 5903 5915 5904
f 5904 5915 5873
f 5920 5875 5919
f 5919 5875 5876
f 5920 5877 5875
f 5875 5877 5874
f 5920 5921 5877
f 5877 5921 5911
f 5921 5920 5922
f 5922 5920 5919
f 5923 5921 5924
f 5924 5921 5922
f 5917 5918 5919
f 5919 5918 5922
f 5918 5925 5922
f 5922 5925 5924
f 5921 5923 5911
f 5911 5923 5912
f 5927 5912 5926
f 5926 5912 5923
f 5926 5929 5928
f 5928 5929 5930
f 5926 5923 5929
f 5929 5923 5924
f 5926 5928 5927
f 5927 5928 5907
f 5927 5907 5913
f 5913 5907 5906
f 5913 5910 5927
f 5927 5910 5912
f 5901 5902 5918
f 5918 5902 5925
f 5930 5925 5905
f 5905 5925 5902
f 5930 5929 5925
f 5925 5929 5924
f 5928 5930 5900
f 5900 5930 5905
f 5900 5897 5928
f 5928 5897 5907
f 5882 5889 5891
f 5891 5889 5908
f 5908 5889 5914
f 5914 5889 5888
f 5832 5831 5641
f 5641 5831 5639
f 5833 5838 5834
f 5834 5838 5837
f 5842 5841 5849
f 5849 5841 5850
f 5841 5843 5850
f 5850 5843 5848
f 5847 5846 5739
f 5739 5846 5731
f 5842 5849 5833
f 5833 5849 5838
f 5862 5832 5732
f 5732 5832 5641
f 5847 5739 5834
f 5834 5739 5708
f 5862 5846 5851
f 5851 5846 5845
f 5831 5843 5639
f 5639 5843 5724
f 5676 5732 5595
f 5595 5732 5641
f 5676 5461 5660
f 5660 5461 5464
f 5461 5460 5464
f 5464 5460 5465
f 5460 5674 5465
f 5465 5674 5661
f 5931 5932 5934
f 5934 5932 5933
f 5936 5937 5935
f 5935 5937 5938
f 5935 5938 5939
f 5939 5938 5940
f 5942 5943 5941
f 5941 5943 5944
f 5945 5946 5936
f 5936 5946 5937
f 5948 5949 5947
f 5947 5949 5950
f 5951 5952 5519
f 5519 5952 5593
f 5953 5951 5709
f 5709 5951 5519
f 5955 5956 5954
f 5954 5956 5957
f 5958 5942 5946
f 5946 5942 5937
f 5948 5959 5949
f 5949 5959 5933
f 5960 5958 5934
f 5934 5958 5946
f 5961 5955 5940
f 5940 5955 5962
f 5963 5964 5966
f 5966 5964 5965
f 5955 5954 5962
f 5962 5954 5967
f 5968 5939 5962
f 5962 5939 5940
f 5961 5940 5941
f 5941 5940 5938
f 5931 5969 5932
f 5932 5969 5970
f 5945 5971 5931
f 5931 5971 5969
f 5941 5944 5961
f 5961 5944 5972
f 5954 5957 5947
f 5947 5957 5973
f 5945 5931 5946
f 5946 5931 5934
f 5935 5974 5936
f 5936 5974 5975
f 5959 5960 5933
f 5933 5960 5934
f 5937 5942 5938
f 5938 5942 5941
f 5932 5970 5976
f 5976 5970 5977
f 5968 5964 5978
f 5978 5964 5963
f 5965 5964 5950
f 5950 5964 5967
f 5976 5977 5965
f 5965 5977 5966
f 5947 5950 5954
f 5954 5950 5967
f 5939 5968 5979
f 5979 5968 5978
f 5936 5975 5945
f 5945 5975 5971
f 5972 5754 5956
f 5956 5754 5617
f 5974 5935 5979
f 5979 5935 5939
f 5953 5943 5958
f 5958 5943 5942
f 5964 5968 5967
f 5967 5968 5962
f 5965 5950 5976
f 5976 5950 5949
f 5976 5949 5932
f 5932 5949 5933
f 5979 5978 5981
f 5981 5978 5980
f 5979 5981 5974
f 5974 5981 5982
f 5974 5982 5975
f 5975 5982 5983
f 5975 5983 5971
f 5971 5983 5984
f 5978 5963 5980
f 5980 5963 5985
f 5963 5966 5985
f 5985 5966 5986
f 5986 5966 5987
f 5987 5966 5977
f 5988 5989 5985
f 5985 5989 5980
f 5991 5992 5990
f 5990 5992 5993
f 5994 5995 5991
f 5991 5995 5992
f 5992 5995 5997
f 5997 5995 5996
f 5998 5999 5997
f 5997 5999 6000
f 5996 6001 5997
f 5997 6001 5998
f 6000 5993 5997
f 5997 5993 5992
f 6002 6003 5993
f 5993 6003 5990
f 5995 5994 5996
f 5996 5994 6004
f 5994 5982 6004
f 6004 5982 5981
f 5994 6005 5982
f 5982 6005 5983
f 5991 6006 5994
f 5994 6006 6005
f 6006 5991 6007
f 6007 5991 5990
f 5996 6004 6001
f 6001 6004 5989
f 5989 6004 5980
f 5980 6004 5981
f 6003 6008 5990
f 5990 6008 6007
f 6009 6006 6010
f 6010 6006 6007
f 6008 6011 6007
f 6007 6011 6010
f 6012 6009 6013
f 6013 6009 6010
f 6009 6012 6015
f 6015 6012 6014
f 6011 6016 6010
f 6010 6016 6013
f 6006 6009 6005
f 6005 6009 6015
f 6005 6015 5983
f 5983 6015 5984
f 6008 6003 6018
f 6018 6003 6017
f 6003 6002 6017
f 6017 6002 6019
f 5998 6001 6020
f 6020 6001 5989
f 5999 5998 6021
f 6021 5998 6020
f 5989 5988 6020
f 6020 5988 6022
f 6021 6020 6023
f 6023 6020 6022
f 6021 6024 5999
f 5999 6024 6025
f 6019 6025 6017
f 6017 6025 6024
f 5971 5984 5969
f 5969 5984 6026
f 5970 6027 5977
f 5977 6027 5987
f 6027 5970 6026
f 6026 5970 5969
f 6026 6014 6027
f 6027 6014 6028
f 6014 6012 6028
f 6028 6012 6029
f 6027 6028 5987
f 5987 6028 6030
f 6026 5984 6014
f 6014 5984 6015
f 6031 5986 6030
f 6030 5986 5987
f 6031 5988 5986
f 5986 5988 5985
f 6032 6022 6031
f 6031 6022 5988
f 6032 6031 6033
f 6033 6031 6030
f 6034 6032 6035
f 6035 6032 6033
f 6028 6029 6030
f 6030 6029 6033
f 6029 6036 6033
f 6033 6036 6035
f 6032 6034 6022
f 6022 6034 6023
f 6038 6023 6037
f 6037 6023 6034
f 6037 6040 6039
f 6039 6040 6041
f 6037 6034 6040
f 6040 6034 6035
f 6037 6039 6038
f 6038 6039 6018
f 6038 6018 6024
f 6024 6018 6017
f 6024 6021 6038
f 6038 6021 6023
f 6012 6013 6029
f 6029 6013 6036
f 6041 6036 6016
f 6016 6036 6013
f 6041 6040 6036
f 6036 6040 6035
f 6041 6016 6039
f 6039 6016 6011
f 6011 6008 6039
f 6039 6008 6018
f 5993 6000 6002
f 6002 6000 6019
f 6019 6000 6025
f 6025 6000 5999
f 5943 5756 5944
f 5944 5756 5755
f 6042 5948 5973
f 5973 5948 5947
f 5952 5951 5959
f 5959 5951 5960
f 5951 5953 5960
f 5960 5953 5958
f 5616 5957 5617
f 5617 5957 5956
f 6042 5952 5948
f 5948 5952 5959
f 5944 5755 5972
f 5972 5755 5754
f 5957 5616 5973
f 5973 5616 5652
f 5956 5955 5972
f 5972 5955 5961
f 5943 5953 5756
f 5756 5953 5709
f 6044 6045 6043
f 6043 6045 6046
f 6048 6049 6047
f 6047 6049 6050
f 6047 6050 6051
f 6051 6050 6052
f 6054 6055 6053
f 6053 6055 6056
f 6057 6058 6060
f 6060 6058 6059
f 6061 6062 6048
f 6048 6062 6049
f 6063 6064 6066
f 6066 6064 6065
f 6067 6068 6070
f 6070 6068 6069
f 6071 6069 5653
f 5653 6069 6068
f 6072 6073 6075
f 6075 6073 6074
f 6062 6076 6049
f 6049 6076 6054
f 6058 6067 6059
f 6059 6067 6070
f 6064 6077 6065
f 6065 6077 6045
f 6078 6076 6046
f 6046 6076 6062
f 6073 6080 6079
f 6079 6080 6052
f 6082 6083 6081
f 6081 6083 6084
f 6072 6085 6073
f 6073 6085 6080
f 6086 6051 6080
f 6080 6051 6052
f 6079 6052 6053
f 6053 6052 6050
f 6043 6087 6044
f 6044 6087 6088
f 6061 6089 6043
f 6043 6089 6087
f 6053 6056 6079
f 6079 6056 6090
f 6063 6072 6060
f 6060 6072 6075
f 6043 6046 6061
f 6061 6046 6062
f 6047 6091 6048
f 6048 6091 6092
f 6077 6078 6045
f 6045 6078 6046
f 6049 6054 6050
f 6050 6054 6053
f 6044 6088 6093
f 6093 6088 6094
f 6086 6082 6095
f 6095 6082 6081
f 6083 6082 6066
f 6066 6082 6085
f 6093 6094 6083
f 6083 6094 6084
f 6072 6063 6085
f 6085 6063 6066
f 6051 6086 6096
f 6096 6086 6095
f 6048 6092 6061
f 6061 6092 6089
f 5656 5655 6090
f 6090 5655 6074
f 6091 6047 6096
f 6096 6047 6051
f 6071 6055 6076
f 6076 6055 6054
f 6082 6086 6085
f 6085 6086 6080
f 6093 6083 6065
f 6065 6083 6066
f 6044 6093 6045
f 6045 6093 6065
f 6096 6095 6098
f 6098 6095 6097
f 6096 6098 6091
f 6091 6098 6099
f 6091 6099 6092
f 6092 6099 6100
f 6092 6100 6089
f 6089 6100 6101
f 6095 6081 6097
f 6097 6081 6102
f 6081 6084 6102
f 6102 6084 6103
f 6103 6084 6104
f 6104 6084 6094
f 6106 6097 6105
f 6105 6097 6102
f 6107 6108 6110
f 6110 6108 6109
f 6111 6112 6108
f 6108 6112 6109
f 6109 6112 6114
f 6114 6112 6113
f 6114 6115 6117
f 6117 6115 6116
f 6113 6118 6114
f 6114 6118 6115
f 6117 6110 6114
f 6114 6110 6109
f 6110 6119 6107
f 6107 6119 6120
f 6112 6111 6113
f 6113 6111 6121
f 6111 6099 6121
f 6121 6099 6098
f 6111 6122 6099
f 6099 6122 6100
f 6123 6122 6108
f 6108 6122 6111
f 6124 6123 6107
f 6107 6123 6108
f 6113 6121 6118
f 6118 6121 6106
f 6106 6121 6097
f 6097 6121 6098
f 6125 6124 6120
f 6120 6124 6107
f 6126 6123 6127
f 6127 6123 6124
f 6125 6128 6124
f 6124 6128 6127
f 6129 6126 6130
f 6130 6126 6127
f 6126 6129 6132
f 6132 6129 6131
f 6128 6133 6127
f 6127 6133 6130
f 6123 6126 6122
f 6122 6126 6132
f 6122 6132 6100
f 6100 6132 6101
f 6120 6134 6125
f 6125 6134 6135
f 6120 6119 6134
f 6134 6119 6136
f 6115 6118 6137
f 6137 6118 6106
f 6115 6137 6116
f 6116 6137 6138
f 6137 6106 6139
f 6139 6106 6105
f 6138 6137 6140
f 6140 6137 6139
f 6141 6142 6138
f 6138 6142 6116
f 6136 6142 6134
f 6134 6142 6141
f 6089 6101 6087
f 6087 6101 6143
f 6088 6144 6094
f 6094 6144 6104
f 6143 6144 6087
f 6087 6144 6088
f 6131 6145 6143
f 6143 6145 6144
f 6129 6146 6131
f 6131 6146 6145
f 6144 6145 6104
f 6104 6145 6147
f 6143 6101 6131
f 6131 6101 6132
f 6148 6103 6147
f 6147 6103 6104
f 6103 6148 6102
f 6102 6148 6105
f 6148 6149 6105
f 6105 6149 6139
f 6149 6148 6150
f 6150 6148 6147
f 6151 6149 6152
f 6152 6149 6150
f 6145 6146 6147
f 6147 6146 6150
f 6146 6153 6150
f 6150 6153 6152
f 6149 6151 6139
f 6139 6151 6140
f 6155 6140 6154
f 6154 6140 6151
f 6154 6157 6156
f 6156 6157 6158
f 6154 6151 6157
f 6157 6151 6152
f 6154 6156 6155
f 6155 6156 6135
f 6155 6135 6141
f 6141 6135 6134
f 6141 6138 6155
f 6155 6138 6140
f 6146 6129 6153
f 6153 6129 6130
f 6158 6153 6133
f 6133 6153 6130
f 6158 6157 6153
f 6153 6157 6152
f 6156 6158 6128
f 6128 6158 6133
f 6128 6125 6156
f 6156 6125 6135
f 6110 6117 6119
f 6119 6117 6136
f 6136 6117 6142
f 6142 6117 6116
f 6055 5615 6056
f 6056 5615 5752
f 6060 6059 6063
f 6063 6059 6064
f 6077 6070 6078
f 6078 6070 6069
f 6069 6071 6078
f 6078 6071 6076
f 6159 6057 6075
f 6075 6057 6060
f 6059 6070 6064
f 6064 6070 6077
f 6056 5752 6090
f 6090 5752 5656
f 6090 6074 6079
f 6079 6074 6073
f 6055 6071 5615
f 5615 6071 5653
f 5547 5471 6160
f 6160 5471 6161
f 5729 5577 6163
f 6163 5577 6162
f 5577 5576 6162
f 6162 5576 6164
f 5713 6165 5711
f 5711 6165 6166
f 5474 5729 6167
f 6167 5729 6163
f 5750 5547 6168
f 6168 5547 6160
f 5471 5474 6161
f 6161 5474 6167
f 6169 5712 6168
f 6168 5712 5750
f 5711 6166 5576
f 5576 6166 6164
f 6165 5713 6169
f 6169 5713 5712
f 6168 6170 6169
f 6169 6170 6171
f 6169 6171 6165
f 6165 6171 6172
f 6165 6172 6166
f 6166 6172 6173
f 6166 6173 6164
f 6164 6173 6174
f 6168 6160 6170
f 6170 6160 6175
f 6160 6161 6175
f 6175 6161 6176
f 6161 6167 6176
f 6176 6167 6177
f 6179 6170 6178
f 6178 6170 6175
f 6181 6182 6180
f 6180 6182 6183
f 6184 6185 6181
f 6181 6185 6182
f 6186 6187 6185
f 6185 6187 6182
f 6186 6188 6187
f 6187 6188 6189
f 6190 6183 6187
f 6187 6183 6182
f 6183 6190 6191
f 6191 6190 6192
f 6191 6193 6183
f 6183 6193 6180
f 6186 6185 6194
f 6194 6185 6184
f 6184 6172 6194
f 6194 6172 6171
f 6184 6195 6172
f 6172 6195 6173
f 6181 6196 6184
f 6184 6196 6195
f 6196 6181 6197
f 6197 6181 6180
f 6186 6194 6188
f 6188 6194 6179
f 6179 6194 6170
f 6170 6194 6171
f 6193 6198 6180
f 6180 6198 6197
f 6199 6196 6200
f 6200 6196 6197
f 6198 6201 6197
f 6197 6201 6200
f 6202 6199 6203
f 6203 6199 6200
f 6199 6202 6205
f 6205 6202 6204
f 6201 6206 6200
f 6200 6206 6203
f 6196 6199 6195
f 6195 6199 6205
f 6195 6205 6173
f 6173 6205 6174
f 6198 6193 6208
f 6208 6193 6207
f 6193 6191 6207
f 6207 6191 6192
f 6189 6188 6209
f 6209 6188 6179
f 6210 6189 6211
f 6211 6189 6209
f 6209 6179 6212
f 6212 6179 6178
f 6211 6209 6213
f 6213 6209 6212
f 6211 6214 6210
f 6210 6214 6215
f 6192 6215 6207
f 6207 6215 6214
f 6190 6187 6210
f 6210 6187 6189
f 6192 6190 6215
f 6215 6190 6210
f 6162 6164 6216
f 6216 6164 6174
f 6167 6163 6177
f 6177 6163 6217
f 6216 6217 6162
f 6162 6217 6163
f 6204 6218 6216
f 6216 6218 6217
f 6202 6219 6204
f 6204 6219 6218
f 6217 6218 6177
f 6177 6218 6220
f 6216 6174 6204
f 6204 6174 6205
f 6221 6176 6220
f 6220 6176 6177
f 6176 6221 6175
f 6175 6221 6178
f 6221 6222 6178
f 6178 6222 6212
f 6222 6221 6223
f 6223 6221 6220
f 6224 6222 6225
f 6225 6222 6223
f 6218 6219 6220
f 6220 6219 6223
f 6219 6226 6223
f 6223 6226 6225
f 6222 6224 6212
f 6212 6224 6213
f 6228 6213 6227
f 6227 6213 6224
f 6229 6227 6231
f 6231 6227 6230
f 6227 6224 6230
f 6230 6224 6225
f 6227 6229 6228
f 6228 6229 6208
f 6228 6208 6214
f 6214 6208 6207
f 6214 6211 6228
f 6228 6211 6213
f 6219 6202 6226
f 6226 6202 6203
f 6231 6226 6206
f 6206 6226 6203
f 6231 6230 6226
f 6226 6230 6225
f 6229 6231 6201
f 6201 6231 6206
f 6201 6198 6229
f 6229 6198 6208
f 5674 5672 5661
f 5661 5672 5662
f 5662 5672 5663
f 5663 5672 5646
f 5651 6042 5652
f 5652 6042 5973
f 5518 5517 5751
f 5751 5517 5733
f 5738 5660 5753
f 5753 5660 5637
f 5752 5636 5656
f 5656 5636 5526
f 5952 6042 5593
f 5593 6042 5651
f 5593 5651 5594
f 5594 5651 5650
f 5600 5737 5514
f 5514 5737 5515
f 5546 5545 5740
f 5740 5545 6232
f 6232 6058 5740
f 5740 6058 6057
f 6067 6058 6233
f 6233 6058 6232
f 6233 6232 6234
f 6234 6232 5545
f 6234 5545 6235
f 6235 5545 5544
f 5606 6236 5543
f 5543 6236 5544
f 6235 5544 5539
f 5539 5544 6236
f 6237 6235 5542
f 5542 6235 5539
f 6235 6237 6234
f 6234 6237 6238
f 6234 6238 6233
f 6233 6238 6239
f 5653 6068 5650
f 5650 6068 6239
f 5642 5513 6240
f 6240 5513 5516
f 5539 6236 5540
f 5540 6236 5606
f 5636 5614 5637
f 5637 5614 5753
f 6239 5737 5650
f 5650 5737 5594
f 6239 6068 6233
f 6233 6068 6067
f 6075 6074 6159
f 6159 6074 5655
f 6057 6159 5740
f 5740 6159 5655
f 5515 5737 6238
f 6238 5737 6239
f 6238 6237 5515
f 5515 6237 5516
f 5542 6240 6237
f 6237 6240 5516
f 6240 5542 5642
f 5642 5542 5541
f 5702 5699 5541
f 5541 5699 5642
f 5582 5475 5717
f 5470 5443 5537
f 5537 5443 5504
f 5469 5444 5470
f 5470 5444 5443
f 5726 5557 5727
f 5727 5557 5556
f 5537 5504 5511
f 5511 5504 5506
f 5504 5503 5506
f 5506 5503 5507
f 5503 5455 5507
f 5507 5455 5581
f 5455 5454 5581
f 5581 5454 5456
f 5473 5453 5474
f 5474 5453 5729
f 5457 5454 5473
f 5473 5454 5453
f 5473 5472 5457
f 5457 5472 5686
f 5472 5548 5686
f 5686 5548 5687
f 5749 5693 5548
f 5548 5693 5687
f 5715 5532 5749
f 5749 5532 5693
f 5714 5486 5715
f 5715 5486 5532
f 5714 5710 5486
f 5486 5710 5449
f 5728 5578 5729
f 5729 5578 5577
f 5452 5445 5698
f 5698 5445 5558
f 5445 5444 5558
f 5558 5444 5556
f 5444 5469 5556
f 5556 5469 5727
f 5469 5468 5727
f 5727 5468 5555
f 5468 5747 5555
f 5555 5747 5552
f 5747 5700 5552
f 5552 5700 5716
f 5700 5699 5716
f 5716 5699 5717
f 5699 5702 5717
f 5717 5702 5582
f 5702 5701 5582
f 5582 5701 5583
f 5726 5479 5557
f 5557 5479 5483
f 5483 5479 5484
f 5484 5479 5482
f 5534 5533 5482
f 5482 5533 5484
f 5691 5688 5534
f 5534 5688 5533
f 5644 5647 5691
f 5691 5647 5688
f 5719 5746 5701
f 5701 5746 5583
f 5718 5497 5719
f 5719 5497 5746
f 5718 5605 5654
f 5654 5605 5638
f 5498 5654 5657
f 5657 5654 5633
f 5497 5718 5498
f 5498 5718 5654
f 5657 5527 5498
f 5498 5527 5494
f 5528 5570 5495
f 5495 5570 5521
f 5665 5668 5528
f 5528 5668 5570
f 5664 5671 5665
f 5665 5671 5668
f 5645 5741 5664
f 5664 5741 5671
f 5644 5696 5645
f 5645 5696 5741
f 5710 5575 5449
f 5449 5575 5450
f 5575 5578 5450
f 5450 5578 5698
f 5578 5728 5698
f 5698 5728 5452
f 5452 5728 5451
f 5451 5728 5453
f 3619 6241 3620
f 3620 6241 6242
f 6243 6244 3628
f 3628 6244 3629
f 6245 6246 3634
f 3634 6246 3631
f 6247 6248 3636
f 3636 6248 3637
f 6249 6250 3642
f 3642 6250 3639
f 3639 6250 3643
f 3643 6250 6251
f 3743 6252 3744
f 3744 6252 6253
f 6246 6243 3631
f 3631 6243 3628
f 3753 6254 3754
f 3754 6254 6255
f 3857 6256 3619
f 3619 6256 6241
f 6257 6245 3932
f 3932 6245 3634
f 6242 6247 3620
f 3620 6247 3636
f 6258 6259 3946
f 3946 6259 3947
f 6260 6249 3948
f 3948 6249 3642
f 6244 6258 3629
f 3629 6258 3946
f 3947 6259 3753
f 3753 6259 6254
f 6248 6260 3637
f 3637 6260 3948
f 3643 6251 3743
f 3743 6251 6252
f 3744 6253 3932
f 3932 6253 6257
f 6250 6249 6251
f 6251 6249 6252
f 6245 6261 6246
f 6246 6261 6262
f 6263 6264 6247
f 6247 6264 6248
f 6252 6265 6253
f 6253 6265 6266
f 6246 6262 6243
f 6243 6262 6267
f 6268 6261 6257
f 6257 6261 6245
f 6269 6263 6242
f 6242 6263 6247
f 6270 6271 6260
f 6260 6271 6249
f 6264 6270 6248
f 6248 6270 6260
f 6253 6266 6257
f 6257 6266 6268
f 6249 6271 6252
f 6252 6271 6265
f 6254 6259 6272
f 6272 6259 6273
f 6266 6265 6270
f 6270 6265 6271
f 6268 6266 6264
f 6264 6266 6270
f 6261 6268 6263
f 6263 6268 6264
f 6269 6262 6263
f 6263 6262 6261
f 4186 4185 6274
f 6274 4185 6275
f 6241 6276 6242
f 6242 6276 6269
f 6258 6244 6277
f 6277 6244 6278
f 6256 6279 6241
f 6241 6279 6276
f 6259 6258 6273
f 6273 6258 6277
f 6243 6267 6244
f 6244 6267 6278
f 6276 6267 6269
f 6269 6267 6262
f 6254 6272 6255
f 6255 6272 6280
f 3865 3713 3888
f 3888 3713 3685
f 5242 5233 3892
f 3892 5233 3711
f 3900 5243 3892
f 3892 5243 5242
f 3734 3866 3900
f 3900 3866 5243
f 4117 6281 4118
f 4118 6281 6282
f 4118 6282 4278
f 4278 6282 4879
f 4717 4887 4718
f 4718 4887 4280
f 4792 4278 4882
f 4882 4278 4879
f 4795 4792 6283
f 6283 4792 4882
f 4852 4851 5012
f 5012 4851 6284
f 4856 5207 4857
f 4857 5207 4858
f 4860 4279 4857
f 4857 4279 4854
f 4718 4280 4860
f 4860 4280 4279
f 4864 4863 4745
f 4745 4863 4742
f 5366 4867 5011
f 5011 4867 4866
f 4871 4884 4872
f 4872 4884 4883
f 4872 4883 4117
f 4117 4883 6281
f 6284 4851 6283
f 6283 4851 4795
f 4852 4866 4853
f 4853 4866 4865
f 4871 4870 4856
f 4856 4870 5207
f 4717 4716 4864
f 4864 4716 4861
f 4868 4867 4862
f 4862 4867 4863
f 4268 4855 4269
f 4269 4855 4854
f 4281 4274 4282
f 4282 4274 4765
f 4744 4743 4907
f 4907 4743 4904
f 4874 4881 4820
f 4820 4881 4880
f 4885 5013 4886
f 4886 5013 4980
f 4888 4275 4281
f 4281 4275 4274
f 4902 6282 4903
f 4903 6282 6281
f 6283 4979 6284
f 6284 4979 4978
f 4282 4765 4269
f 4269 4765 4266
f 4880 4879 4902
f 4902 4879 6282
f 4903 6281 4886
f 4886 6281 4883
f 4882 4881 6283
f 6283 4881 4979
f 5013 4885 4267
f 4267 4885 4268
f 4888 4887 4744
f 4744 4887 4745
f 4410 6285 4411
f 4411 6285 4812
f 4750 4749 6286
f 6286 4749 6287
f 6289 4695 6288
f 6288 4695 4255
f 4750 4675 4751
f 4751 4675 4965
f 6290 6291 4963
f 4963 6291 4960
f 4807 4806 4411
f 4411 4806 4408
f 6292 6293 4959
f 4959 6293 4956
f 4958 6294 4959
f 4959 6294 4955
f 4962 4964 4963
f 4963 4964 4805
f 4962 4961 4751
f 4751 4961 4748
f 6296 6297 6295
f 6295 6297 6298
f 6299 6300 6288
f 6288 6300 4735
f 6302 4961 6301
f 6301 4961 4960
f 6304 6287 6303
f 6303 6287 4749
f 4968 6305 4969
f 4969 6305 6306
f 4413 6308 6307
f 6307 6308 4900
f 6301 4960 6309
f 6309 4960 6291
f 4412 4408 6310
f 6310 4408 4806
f 4696 6311 4256
f 4256 6311 6312
f 6303 4749 6313
f 6313 4749 4748
f 6313 4748 6302
f 6302 4748 4961
f 6315 6316 6314
f 6314 6316 6317
f 4084 6318 6315
f 6315 6318 6316
f 4083 6319 4084
f 4084 6319 6318
f 4112 6320 4083
f 4083 6320 6319
f 6322 4138 6321
f 6321 4138 4137
f 6324 4128 6323
f 6323 4128 4127
f 4127 4193 6323
f 6323 4193 6325
f 4193 4891 6325
f 6325 4891 6326
f 4891 6327 6326
f 6326 6327 6328
f 6327 4824 5227
f 5227 4824 5228
f 5231 4684 6329
f 6329 4684 4683
f 4683 4099 6329
f 6329 4099 6330
f 4099 4102 6330
f 6330 4102 6331
f 4174 4826 4429
f 4429 4826 4829
f 4173 4741 4174
f 4174 4741 4826
f 4180 4738 4173
f 4173 4738 4741
f 6332 6333 4180
f 4180 6333 4738
f 6274 6334 4186
f 4186 6334 4188
f 4181 4825 4180
f 4180 4825 6332
f 5044 5213 5045
f 5045 5213 5165
f 5046 5087 5047
f 5047 5087 5222
f 5077 5063 5078
f 5078 5063 5198
f 5081 5099 5082
f 5082 5099 5194
f 5095 5074 5096
f 5096 5074 5073
f 5373 5170 5096
f 5096 5170 5093
f 5375 5171 5373
f 5373 5171 5170
f 5047 5222 5375
f 5375 5222 5171
f 5046 5038 5376
f 5376 5038 5067
f 5377 5086 5376
f 5376 5086 5085
f 5045 5165 5377
f 5377 5165 5086
f 5378 5214 5044
f 5044 5214 5213
f 5077 5034 5378
f 5378 5034 5214
f 5082 5194 5078
f 5078 5194 5035
f 5081 5080 5379
f 5379 5080 6335
f 5379 6335 5095
f 5095 6335 5074
f 5032 5080 5033
f 5033 5080 5079
f 5040 5017 5041
f 5041 5017 5016
f 5050 5043 5051
f 5051 5043 5042
f 5065 5023 5066
f 5066 5023 5022
f 5050 5049 5065
f 5065 5049 5023
f 5041 5016 5068
f 5068 5016 5020
f 5071 5374 5072
f 5072 5374 5200
f 5075 5156 5076
f 5076 5156 5155
f 5162 5212 5068
f 5068 5212 5067
f 5075 5074 5192
f 5192 5074 6335
f 5066 5022 5199
f 5199 5022 5196
f 5076 5155 5072
f 5072 5155 5069
f 5040 5039 5071
f 5071 5039 5374
f 5162 5161 5051
f 5051 5161 5048
f 5192 6335 5032
f 5032 6335 5080
f 5199 5196 5033
f 5033 5196 5030
f 5018 5211 5019
f 5019 5211 5408
f 5019 5408 5021
f 5021 5408 5163
f 5024 5057 5025
f 5025 5057 5415
f 5028 5048 5029
f 5029 5048 5161
f 5054 5031 5055
f 5055 5031 5030
f 5024 5023 5058
f 5058 5023 5049
f 5061 5070 5062
f 5062 5070 5069
f 5157 5438 5158
f 5158 5438 5442
f 5160 5191 5054
f 5054 5191 5031
f 5029 5161 5021
f 5021 5161 5020
f 5025 5415 5197
f 5197 5415 5220
f 5158 5442 5062
f 5062 5442 5059
f 5018 5017 5061
f 5061 5017 5070
f 5160 5159 5157
f 5157 5159 5438
f 5028 5027 5058
f 5058 5027 5056
f 5055 5030 5197
f 5197 5030 5196
f 5409 5380 5410
f 5410 5380 6336
f 5026 5413 5027
f 5027 5413 5412
f 5396 5417 5393
f 5393 5417 5416
f 5416 5057 5419
f 5419 5057 5056
f 5417 5396 5426
f 5426 5396 5420
f 5427 5423 5428
f 5428 5423 5422
f 5427 5059 5430
f 5430 5059 5442
f 5409 5408 5433
f 5433 5408 5211
f 5433 5211 5428
f 5428 5211 5060
f 5412 5411 5419
f 5419 5411 5418
f 5436 5053 5437
f 5437 5053 5052
f 5439 5402 5440
f 5440 5402 5401
f 5436 5435 5439
f 5439 5435 5402
f 5410 6336 5413
f 5413 6336 5414
f 5440 5401 5430
f 5430 5401 5429
f 5426 5420 5437
f 5437 5420 5434
f 5382 5432 5383
f 5383 5432 5384
f 5386 6336 5383
f 5383 6336 5380
f 6336 5386 5414
f 5414 5386 5388
f 5391 5418 5392
f 5392 5418 5411
f 5705 5395 5704
f 5704 5395 5394
f 5399 5435 5400
f 5400 5435 5434
f 5403 5441 5404
f 5404 5441 5405
f 5407 5429 5404
f 5404 5429 5401
f 5395 5705 5421
f 5421 5705 5748
f 5424 5706 5425
f 5425 5706 5431
f 5391 5390 5394
f 5394 5390 5704
f 5392 5388 5389
f 5389 5388 5387
f 5382 5381 5425
f 5425 5381 5422
f 5407 5406 5424
f 5424 5406 5706
f 5403 5402 5399
f 5399 5402 5435
f 5421 5748 5400
f 5400 5748 5397
f 4097 4721 4098
f 4098 4721 4231
f 4233 5273 4098
f 4098 5273 4095
f 6337 6338 4785
f 4785 6338 4786
f 4076 4780 4073
f 4073 4780 4781
f 4782 4190 4781
f 4781 4190 4073
f 4783 4901 4782
f 4782 4901 4190
f 4780 4076 4097
f 4097 4076 4721
f 6337 2879 4701
f 4701 2879 2878
f 5280 6339 5272
f 5272 6339 6340
f 5282 5281 6341
f 6341 5281 6342
f 4109 6302 4110
f 4110 6302 6301
f 4283 6304 4284
f 4284 6304 6303
f 6305 4379 6306
f 6306 4379 4378
f 4110 6301 4428
f 4428 6301 6309
f 6310 4688 4412
f 4412 4688 4687
f 4284 6303 4753
f 4753 6303 6313
f 4753 6313 4109
f 4109 6313 6302
f 6343 5226 4428
f 4428 5226 4427
f 4147 4900 4416
f 4416 4900 6308
f 6312 6311 4241
f 4241 6311 4720
f 5223 6344 4702
f 4702 6344 4699
f 4221 4220 6345
f 6345 4220 6346
f 5276 5275 6347
f 6347 5275 6348
f 5275 4728 6348
f 6348 4728 6349
f 4727 6350 5284
f 5284 6350 5285
f 6351 6352 6354
f 6354 6352 6353
f 5313 5312 5292
f 5292 5312 5293
f 5312 5344 5293
f 5293 5344 5337
f 5344 4914 5337
f 5337 4914 4916
f 4914 4913 4916
f 4916 4913 4917
f 4913 6355 4917
f 4917 6355 4978
f 6356 6357 6284
f 6284 6357 5012
f 6357 6358 5012
f 5012 6358 5011
f 5011 6358 5366
f 5366 6358 6359
f 6360 4742 6359
f 6359 4742 5366
f 4743 6361 4904
f 4904 6361 5364
f 5363 4905 5364
f 5364 4905 4904
f 5363 6362 4905
f 4905 6362 4207
f 6362 6363 4207
f 4207 6363 4208
f 6363 5342 4208
f 4208 5342 5330
f 5342 5341 5330
f 5330 5341 4244
f 5341 6364 4244
f 4244 6364 4245
f 6364 6365 4245
f 4245 6365 4246
f 6366 6367 4253
f 4253 6367 4250
f 4214 6368 4211
f 4211 6368 4380
f 4380 4379 4211
f 4211 4379 4283
f 4379 6305 4283
f 4283 6305 6304
f 6305 4968 6304
f 6304 4968 6287
f 4968 4967 6287
f 6287 4967 6286
f 4967 6297 6286
f 6286 6297 4676
f 6296 4376 4288
f 4288 4376 4285
f 4376 4373 4285
f 4285 4373 4290
f 6369 6370 6372
f 6372 6370 6371
f 5245 6373 5246
f 5246 6373 6374
f 4317 6375 4318
f 4318 6375 6376
f 4331 6377 4332
f 4332 6377 6378
f 6379 4333 6376
f 6376 4333 4318
f 4343 6380 4344
f 4344 6380 6381
f 4347 6382 4348
f 4348 6382 6383
f 4374 6371 4331
f 4331 6371 6377
f 4333 6379 4426
f 4426 6379 6384
f 4690 6385 4347
f 4347 6385 6382
f 4332 6378 4317
f 4317 6378 6375
f 4922 6386 4923
f 4923 6386 6387
f 6388 6389 4375
f 4375 6389 6390
f 6355 6356 4978
f 4978 6356 6284
f 4742 6360 4743
f 4743 6360 6361
f 6391 4238 6392
f 6392 4238 4719
f 6392 4719 6393
f 6393 4719 5296
f 6395 6396 6394
f 6394 6396 6397
f 6399 6400 6398
f 6398 6400 6401
f 6402 5302 6403
f 6403 5302 5303
f 5303 5321 6403
f 6403 5321 6404
f 5320 6405 5321
f 5321 6405 6404
f 5319 6406 5350
f 5350 6406 5351
f 5319 5318 6406
f 6406 5318 6407
f 5288 4197 6408
f 6408 4197 6409
f 4217 4216 6410
f 6410 4216 6411
f 5227 6412 6327
f 6327 6412 6328
f 4892 6413 5227
f 5227 6413 6412
f 4228 6414 4892
f 4892 6414 6413
f 4227 6415 4228
f 4228 6415 6414
f 4248 6416 4227
f 4227 6416 6415
f 4247 6417 4248
f 4248 6417 6416
f 6417 4247 6419
f 6419 4247 6418
f 6419 6418 6421
f 6421 6418 6420
f 6422 5301 6423
f 6423 5301 5300
f 6423 5300 6424
f 6424 5300 6399
f 6408 6409 6398
f 6398 6409 6425
f 6426 6427 6397
f 6397 6427 6394
f 6428 4224 6429
f 6429 4224 4223
f 6347 6346 5276
f 5276 6346 4220
f 6346 6347 6341
f 6341 6347 6339
f 5280 5278 5282
f 5282 5278 4236
f 4896 5224 4684
f 4684 5224 4681
f 4132 4135 4896
f 4896 4135 5224
f 4131 4136 4132
f 4132 4136 4135
f 4226 4754 4131
f 4131 4754 4136
f 4251 4213 4226
f 4226 4213 4754
f 4250 4214 4251
f 4251 4214 4213
f 4250 6367 4214
f 4214 6367 6368
f 6367 4910 6368
f 6368 4910 4737
f 4909 5297 4736
f 4736 5297 5296
f 5297 6395 5296
f 5296 6395 6393
f 6427 6430 6394
f 6394 6430 6431
f 6429 4383 6428
f 6428 4383 4382
f 4219 5277 4220
f 4220 5277 5276
f 4222 4697 4383
f 4383 4697 4218
f 6345 4699 4221
f 4221 4699 6344
f 6342 4700 6345
f 6345 4700 4699
f 4235 4786 5281
f 5281 4786 6338
f 4234 4787 4235
f 4235 4787 4786
f 5279 5278 6432
f 6432 5278 5271
f 4237 5279 6433
f 6433 5279 6432
f 4787 4234 6433
f 6433 4234 4237
f 6435 6436 6434
f 6434 6436 6437
f 6359 6438 6360
f 6360 6438 6437
f 6439 6440 6441
f 6441 6440 6438
f 6443 6439 6442
f 6442 6439 6441
f 6357 6356 6442
f 6442 6356 6444
f 6444 6446 6445
f 6445 6446 6447
f 4912 6446 4913
f 4913 6446 6355
f 6361 6436 5364
f 5364 6436 5365
f 5319 5350 5316
f 5316 5350 6448
f 4832 6449 5350
f 5350 6449 6448
f 4831 6450 4832
f 4832 6450 6449
f 5354 6451 5320
f 5320 6451 6405
f 4265 6452 5354
f 5354 6452 6451
f 4264 6453 4265
f 4265 6453 6452
f 6450 4831 6447
f 6447 4831 6445
f 4263 6435 4264
f 4264 6435 6434
f 6454 6453 6439
f 6439 6453 6440
f 6439 6443 6454
f 6454 6443 4834
f 4833 6455 4834
f 4834 6455 6454
f 5351 6456 4833
f 4833 6456 6455
f 6457 6391 6458
f 6458 6391 6392
f 6458 6392 6431
f 6431 6392 6393
f 5298 6396 5297
f 5297 6396 6395
f 6402 6400 5302
f 5302 6400 5299
f 6402 6403 6459
f 6459 6403 6460
f 6460 6403 6461
f 6461 6403 6404
f 6405 6462 6404
f 6404 6462 6461
f 6406 6462 5351
f 5351 6462 6456
f 6406 6407 6462
f 6462 6407 6461
f 6407 6463 6461
f 6461 6463 6460
f 6463 6464 6460
f 6460 6464 6459
f 6464 6465 6459
f 6459 6465 6401
f 6430 6466 6431
f 6431 6466 6458
f 6466 6410 6458
f 6458 6410 6457
f 6410 6411 6457
f 6457 6411 6467
f 6396 6424 6397
f 6397 6424 6425
f 6393 6395 6431
f 6431 6395 6394
f 6451 6456 6405
f 6405 6456 6462
f 6452 6455 6451
f 6451 6455 6456
f 6453 6454 6452
f 6452 6454 6455
f 6443 6445 4834
f 4834 6445 4831
f 6440 6453 6434
f 6434 6453 4264
f 6468 5306 5360
f 5360 5306 5305
f 6469 4124 6468
f 6468 4124 5306
f 6470 4125 6469
f 6469 4125 4124
f 6471 5291 6470
f 6470 5291 4125
f 6353 5292 6471
f 6471 5292 5291
f 5292 6353 5313
f 5313 6353 6352
f 5347 5314 6352
f 6352 5314 5313
f 5353 5318 5346
f 5346 5318 5317
f 5334 6468 5358
f 5358 6468 5360
f 5324 6469 5334
f 5334 6469 6468
f 5323 6470 5324
f 5324 6470 6469
f 5343 6471 5323
f 5323 6471 6470
f 6354 6353 5343
f 5343 6353 6471
f 6348 6349 4270
f 4270 6349 5311
f 5272 6340 5273
f 5273 6340 4272
f 6432 5271 4232
f 4232 5271 4233
f 4294 6432 4295
f 4295 6432 4232
f 6432 4294 6433
f 6433 4294 4301
f 4301 4300 6433
f 6433 4300 4787
f 4704 4784 4300
f 4300 4784 4787
f 4704 3013 4784
f 4784 3013 1307
f 5103 6472 5104
f 5104 6472 5202
f 5108 5116 5105
f 5105 5116 5115
f 5111 5124 5112
f 5112 5124 5123
f 5154 5205 5105
f 5105 5205 5106
f 5167 5180 5168
f 5168 5180 5185
f 5175 5188 5176
f 5176 5188 5187
f 5112 5123 5178
f 5178 5123 5120
f 5167 5090 5183
f 5183 5090 5089
f 5210 5151 5183
f 5183 5151 5181
f 5216 5138 5217
f 5217 5138 5137
f 5218 5119 5219
f 5219 5119 5221
f 5218 5178 5119
f 5119 5178 5120
f 5217 5137 5104
f 5104 5137 5101
f 5116 5108 5221
f 5221 5108 5219
f 5111 5110 5210
f 5210 5110 5151
f 5154 5153 5103
f 5103 5153 6472
f 5216 5215 5176
f 5176 5215 5173
f 5175 5174 5168
f 5168 5174 5166
f 5091 5172 5092
f 5092 5172 5208
f 5117 5037 5118
f 5118 5037 5036
f 5121 5164 5122
f 5122 5164 5133
f 5125 5084 5126
f 5126 5084 5083
f 5129 5174 5130
f 5130 5174 5173
f 5131 5202 5132
f 5132 5202 6472
f 5135 5221 5122
f 5122 5221 5119
f 5125 5124 5136
f 5136 5124 5209
f 5126 5083 5121
f 5121 5083 5164
f 5118 5036 5195
f 5195 5036 5193
f 5131 5097 5203
f 5203 5097 5114
f 5132 6472 5195
f 5195 6472 5153
f 5136 5209 5092
f 5092 5209 5089
f 5135 5134 5117
f 5117 5134 5037
f 5362 5206 5130
f 5130 5206 5127
f 5372 5371 5128
f 5128 5371 5129
f 5371 5372 5091
f 5091 5372 5172
f 5362 5215 5203
f 5203 5215 5201
f 6463 6407 5353
f 5353 6407 5318
f 6464 6463 5352
f 5352 6463 5353
f 6408 6465 5288
f 5288 6465 5289
f 4196 4224 6426
f 6426 4224 6427
f 6430 6427 6428
f 6428 6427 4224
f 6466 6430 4382
f 4382 6430 6428
f 6410 6466 4217
f 4217 6466 4382
f 4240 4239 3015
f 3015 4239 3016
f 4254 4257 3017
f 3017 4257 3018
f 6473 6474 4732
f 4732 6474 6475
f 6474 6374 6475
f 6475 6374 6373
f 5246 6374 3022
f 3022 6374 3023
f 4254 6299 4255
f 4255 6299 6288
f 6473 6300 3024
f 3024 6300 3025
f 6476 4257 6312
f 6312 4257 4256
f 4240 6476 4241
f 4241 6476 6312
f 6477 4239 6391
f 6391 4239 4238
f 6467 6477 6457
f 6457 6477 6391
f 6411 3029 6467
f 6467 3029 3028
f 4216 3030 6411
f 6411 3030 3029
f 6479 6480 6478
f 6478 6480 6481
f 6483 6484 6482
f 6482 6484 6485
f 6486 6487 4102
f 4102 6487 6331
f 6483 6488 6478
f 6478 6488 6489
f 4429 4829 6490
f 6490 4829 6479
f 6491 6486 4101
f 4101 6486 4102
f 4895 6491 4899
f 4899 6491 4101
f 4160 6488 4157
f 4157 6488 6492
f 6489 4087 6490
f 6490 4087 4090
f 4267 4261 5013
f 5013 4261 4260
f 4258 4261 5328
f 5328 4261 4975
f 4261 4267 4975
f 4975 4267 4266
f 5367 3793 3912
f 3912 3793 3575
f 6494 3616 6493
f 6493 3616 3795
f 6496 3589 6495
f 6495 3589 3588
f 6495 3588 5368
f 5368 3588 3794
f 3841 3840 3050
f 3050 3840 3051
f 3912 3911 3052
f 3052 3911 3053
f 3929 3930 3054
f 3054 3930 3055
f 5370 3930 3916
f 3916 3930 3923
f 3938 5369 3807
f 3807 5369 3915
f 3589 6496 3806
f 3806 6496 3937
f 3938 3937 3056
f 3056 3937 3057
f 3051 3840 3058
f 3058 3840 3943
f 3730 4808 3727
f 3727 4808 3943
f 3820 3951 3795
f 3795 3951 6493
f 3951 3841 3059
f 3059 3841 3050
f 3911 3574 6494
f 6494 3574 3616
f 3823 3929 3824
f 3824 3929 3952
f 4061 4060 3060
f 3060 4060 3061
f 6497 6498 4901
f 4901 6498 4790
f 6333 6499 4738
f 4738 6499 4739
f 6500 6501 6314
f 6314 6501 4418
f 6502 6275 4417
f 4417 6275 4185
f 6503 6497 4783
f 4783 6497 4901
f 6498 4060 4790
f 4790 4060 4059
f 4808 4061 3069
f 3069 4061 3060
f 5367 3071 5368
f 5368 3071 3070
f 5369 3073 5370
f 5370 3073 3072
f 6274 6275 3074
f 3074 6275 3075
f 6499 6504 4739
f 4739 6504 6317
f 6333 6332 3077
f 3077 6332 3078
f 6334 6274 3079
f 3079 6274 3074
f 6332 4825 3078
f 3078 4825 3080
f 6334 6503 4188
f 4188 6503 4783
f 4825 4689 3080
f 3080 4689 1330
f 6506 4747 6505
f 6505 4747 4746
f 6505 6507 6506
f 6506 6507 6508
f 4297 6509 4920
f 4920 6509 6510
f 4296 6511 4297
f 4297 6511 6509
f 6506 6508 4319
f 4319 6508 6512
f 4372 4371 6514
f 6514 4371 6513
f 6511 4296 5251
f 5251 4296 4305
f 5251 5250 6511
f 6511 5250 6515
f 6516 6509 6515
f 6515 6509 6511
f 6517 6507 6519
f 6519 6507 6518
f 6512 6520 6513
f 6513 6520 6514
f 6507 6517 6508
f 6508 6517 6521
f 5249 6523 6522
f 6522 6523 6524
f 6525 6370 5253
f 5253 6370 6526
f 4370 4323 4371
f 4371 4323 4326
f 4370 3103 4323
f 4323 3103 1541
f 6521 6517 6527
f 6527 6517 6519
f 6520 6528 6514
f 6514 6528 6529
f 6531 6532 6530
f 6530 6532 6533
f 5250 6534 6515
f 6515 6534 6535
f 6530 6533 6536
f 6536 6533 6537
f 6526 6538 6534
f 6534 6538 6537
f 6515 6535 6516
f 6516 6535 6539
f 4325 4321 4326
f 4326 4321 4320
f 4371 4326 6513
f 6513 4326 4320
f 6531 4731 6541
f 6541 4731 6540
f 4731 4730 6540
f 6540 4730 6542
f 4730 3121 6542
f 6542 3121 3120
f 6530 4328 6531
f 6531 4328 4731
f 4328 6530 4329
f 4329 6530 6536
f 4329 6536 6524
f 6524 6536 6543
f 6544 6545 6522
f 6522 6545 5248
f 6389 6388 5245
f 5245 6388 6373
f 6388 6546 6373
f 6373 6546 6475
f 4733 6546 6295
f 6295 6546 4377
f 4732 6475 4733
f 4733 6475 6546
f 4393 4432 4394
f 4394 4432 4435
f 4434 4672 4842
f 4842 4672 4671
f 4440 4439 4441
f 4441 4439 4438
f 4436 4450 4437
f 4437 4450 4398
f 4447 4444 4448
f 4448 4444 4392
f 4446 4464 4433
f 4433 4464 6547
f 4454 4423 4455
f 4455 4423 4422
f 4452 4481 4453
f 4453 4481 4480
f 4458 4389 4459
f 4459 4389 4388
f 4456 4471 4457
f 4457 4471 4468
f 4391 4460 4392
f 4392 4460 4448
f 4461 4467 4445
f 4445 4467 4465
f 4437 4398 4629
f 4629 4398 4397
f 4438 4628 4441
f 4441 4628 4631
f 4841 4629 4839
f 4839 4629 4397
f 4628 4842 4631
f 4631 4842 4671
f 4930 4989 4452
f 4452 4989 4481
f 4929 4927 4436
f 4436 4927 4450
f 4933 4387 4934
f 4934 4387 4386
f 4931 4475 4932
f 4932 4475 4474
f 4936 4449 4933
f 4933 4449 4387
f 4935 4472 4456
f 4456 4472 4471
f 4389 4458 4391
f 4391 4458 4460
f 4457 4468 4461
f 4461 4468 4467
f 4934 4386 4454
f 4454 4386 4423
f 4453 4480 4931
f 4931 4480 4475
f 4575 4997 4576
f 4576 4997 4639
f 4579 4596 4580
f 4580 4596 4595
f 4583 4582 4572
f 4572 4582 4569
f 4587 4944 4588
f 4588 4944 4562
f 4588 4562 4590
f 4590 4562 4561
f 4576 4639 4642
f 4642 4639 4638
f 4642 4845 4641
f 4641 4845 4846
f 4845 4590 4846
f 4846 4590 4561
f 4941 4938 4595
f 4595 4938 4580
f 4938 4940 4668
f 4668 4940 4669
f 4583 4942 4584
f 4584 4942 4947
f 4582 4587 4569
f 4569 4587 4586
f 5000 5001 4579
f 4579 5001 4596
f 4558 4560 4585
f 4585 4560 4586
f 4565 4639 4566
f 4566 4639 4997
f 4568 4567 4577
f 4577 4567 4578
f 4570 4554 4571
f 4571 4554 4556
f 4640 4565 4637
f 4637 4565 4546
f 4662 4664 4665
f 4665 4664 4844
f 4662 4558 4589
f 4589 4558 4585
f 4554 4570 4557
f 4557 4570 4560
f 4571 4667 4572
f 4572 4667 4943
f 4551 4670 4552
f 4552 4670 4666
f 4640 4664 4638
f 4638 4664 4663
f 4670 4568 4668
f 4668 4568 4577
f 4999 4996 4566
f 4566 4996 4543
f 4608 4564 4603
f 4603 4564 4563
f 4573 4593 4574
f 4574 4593 4592
f 4597 4614 4598
f 4598 4614 4613
f 4601 4600 4584
f 4584 4600 4581
f 4563 4562 4604
f 4604 4562 4944
f 4643 4593 4641
f 4641 4593 4573
f 4643 4847 4644
f 4644 4847 4848
f 4564 4847 4561
f 4561 4847 4846
f 4945 4941 4598
f 4598 4941 4595
f 4941 4945 4939
f 4939 4945 4946
f 4601 4948 4602
f 4602 4948 4620
f 4600 4604 4581
f 4581 4604 4944
f 5002 5003 4597
f 4597 5003 4614
f 4988 4759 4953
f 4953 4759 4402
f 4706 6548 4707
f 4707 6548 6549
f 4311 4928 4419
f 4419 4928 6550
f 4921 4920 6551
f 6551 4920 6552
f 4925 6553 4926
f 4926 6553 6554
f 4928 4921 4802
f 4802 4921 6551
f 6555 4985 6550
f 6550 4985 4419
f 4952 6556 4953
f 4953 6556 4649
f 4971 6557 4706
f 4706 6557 6548
f 4988 4648 4925
f 4925 4648 6553
f 4707 6549 5006
f 5006 6549 4987
f 4920 6510 6552
f 6552 6510 6518
f 6558 6510 6516
f 6516 6510 6509
f 6559 6558 6539
f 6539 6558 6516
f 6531 6541 6532
f 6532 6541 6560
f 6540 6561 6541
f 6541 6561 6529
f 6542 6562 6540
f 6540 6562 6561
f 6542 3120 6562
f 6562 3120 3142
f 4366 6563 4760
f 4760 6563 4970
f 4815 6564 4816
f 4816 6564 6565
f 3147 3146 6565
f 6565 3146 4816
f 6564 6563 6565
f 6565 6563 6566
f 4837 4385 4357
f 4357 4385 4358
f 6565 6566 3147
f 3147 6566 3149
f 4694 1209 3150
f 5247 5249 5248
f 5248 5249 6522
f 6372 6390 6545
f 6545 6390 6389
f 6375 5254 6376
f 6376 5254 5258
f 6377 6525 6378
f 6378 6525 5255
f 5260 6379 5258
f 5258 6379 6376
f 6380 6567 6381
f 6381 6567 6568
f 6382 6569 6383
f 6383 6569 6570
f 6377 6371 6525
f 6525 6371 6370
f 6379 5260 6384
f 6384 5260 6571
f 6385 6572 6382
f 6382 6572 6569
f 6378 5255 6375
f 6375 5255 5254
f 6386 6573 6387
f 6387 6573 6574
f 6545 6389 5248
f 5248 6389 5245
f 4675 4750 4676
f 4676 4750 6286
f 4734 6289 4735
f 4735 6289 6288
f 4804 6290 4805
f 4805 6290 4963
f 4811 4807 4812
f 4812 4807 4411
f 4954 6292 4955
f 4955 6292 4959
f 4964 4962 4965
f 4965 4962 4751
f 6285 4821 4812
f 4812 4821 4809
f 4675 4287 4965
f 4965 4287 4210
f 6294 4145 4955
f 4955 4145 4154
f 4964 4120 4805
f 4805 4120 4119
f 6298 4966 4734
f 4734 4966 6289
f 6300 6473 4735
f 4735 6473 4732
f 6297 6296 4676
f 4676 6296 4288
f 6523 3160 4330
f 4330 3160 3159
f 5253 5252 6525
f 6525 5252 5255
f 5256 5252 4305
f 4305 5252 5251
f 4304 5257 4305
f 4305 5257 5256
f 4424 5259 4304
f 4304 5259 5257
f 5261 6571 5259
f 5259 6571 5260
f 5262 6573 5261
f 5261 6573 6571
f 5264 6567 5265
f 5265 6567 6574
f 5266 6572 5267
f 5267 6572 6568
f 5268 6570 5269
f 5269 6570 6569
f 1807 3161 5268
f 5268 3161 6570
f 6524 6523 4329
f 4329 6523 4330
f 5253 6526 5250
f 5250 6526 6534
f 6543 6538 6544
f 6544 6538 6369
f 6524 6543 6522
f 6522 6543 6544
f 3071 5367 3052
f 3052 5367 3912
f 6493 3163 6494
f 6494 3163 3162
f 3164 445 3771
f 3771 445 3761
f 461 3165 3919
f 3919 3165 3920
f 330 410 3839
f 3839 410 3910
f 332 331 3552
f 3552 331 3551
f 464 304 3918
f 3918 304 3816
f 385 458 3766
f 3766 458 3894
f 412 415 3762
f 3762 415 3763
f 3166 337 3748
f 3748 337 3745
f 3072 3055 5370
f 5370 3055 3930
f 3073 5369 3056
f 3056 5369 3938
f 3167 3057 6496
f 6496 3057 3937
f 3069 3058 4808
f 4808 3058 3943
f 411 3166 3851
f 3851 3166 3748
f 3059 3163 3951
f 3951 3163 6493
f 336 3164 3772
f 3772 3164 3771
f 3053 3911 3162
f 3162 3911 6494
f 3054 3168 3929
f 3929 3168 3952
f 3165 830 3920
f 3920 830 3945
f 3170 3169 6497
f 6497 3169 6498
f 3171 1354 5005
f 5005 1354 4830
f 3172 3170 6503
f 6503 3170 6497
f 3169 3061 6498
f 6498 3061 4060
f 3173 3171 5006
f 5006 3171 5005
f 3079 3172 6334
f 6334 3172 6503
f 3174 3025 6299
f 6299 3025 6300
f 6576 6577 6575
f 6575 6577 6578
f 4612 4611 6579
f 6579 4611 6580
f 6582 6583 6581
f 6581 6583 6584
f 6584 6585 4618
f 4618 6585 4621
f 6586 6587 6589
f 6589 6587 6588
f 6588 6587 6590
f 6590 6587 6591
f 6592 4606 6590
f 6590 4606 4623
f 6594 6576 6593
f 6593 6576 6575
f 6595 6582 6579
f 6579 6582 6581
f 6580 6597 6596
f 6596 6597 6598
f 6577 6576 6599
f 6599 6576 6600
f 6595 6596 6601
f 6601 6596 6602
f 6583 6582 6603
f 6603 6582 6604
f 6586 6606 6605
f 6605 6606 6607
f 6587 6586 6608
f 6608 6586 6605
f 6587 6608 6591
f 6591 6608 6609
f 6576 6594 6600
f 6600 6594 6610
f 6582 6595 6604
f 6604 6595 6601
f 6599 6611 6577
f 6577 6611 6598
f 6613 6614 6612
f 6612 6614 6615
f 6617 6618 6616
f 6616 6618 6619
f 6621 6622 6620
f 6620 6622 6623
f 6625 6626 6624
f 6624 6626 6627
f 6629 6630 6628
f 6628 6630 6631
f 6633 6634 6632
f 6632 6634 6635
f 6637 6638 6636
f 6636 6638 6639
f 6640 6641 6637
f 6637 6641 6638
f 6643 6633 6642
f 6642 6633 6632
f 6645 6646 6644
f 6644 6646 6647
f 6646 6648 6647
f 6647 6648 6649
f 6651 6652 6650
f 6650 6652 6653
f 6653 6652 6654
f 6654 6652 6655
f 6656 6657 6659
f 6659 6657 6658
f 6661 6662 6660
f 6660 6662 6663
f 6662 6661 6664
f 6664 6661 6665
f 6667 6657 6666
f 6666 6657 6656
f 6669 6670 6668
f 6668 6670 6671
f 6672 6673 6670
f 6670 6673 6671
f 6674 6675 6677
f 6677 6675 6676
f 6675 6678 6676
f 6676 6678 6679
f 6681 6682 6680
f 6680 6682 6683
f 6684 6685 6683
f 6683 6685 6680
f 6687 6688 6686
f 6686 6688 6689
f 6687 6690 6688
f 6688 6690 6691
f 6619 6618 6633
f 6633 6618 6634
f 6632 6635 6693
f 6693 6635 6692
f 6617 6694 6636
f 6636 6694 6637
f 6695 6692 6639
f 6639 6692 6635
f 6637 6694 6640
f 6640 6694 6696
f 6698 6638 6697
f 6697 6638 6641
f 6643 6616 6633
f 6633 6616 6619
f 6642 6699 6641
f 6641 6699 6697
f 6646 6645 6700
f 6700 6645 6621
f 6644 6701 6654
f 6654 6701 6702
f 6700 6703 6646
f 6646 6703 6648
f 6693 6704 6649
f 6649 6704 6647
f 6620 6623 6651
f 6651 6623 6652
f 6693 6649 6699
f 6699 6649 6650
f 6652 6623 6655
f 6655 6623 6622
f 6654 6702 6653
f 6653 6702 6697
f 6615 6614 6657
f 6657 6614 6658
f 6705 6656 6704
f 6704 6656 6659
f 6613 6706 6660
f 6660 6706 6661
f 6704 6659 6701
f 6701 6659 6663
f 6661 6706 6665
f 6665 6706 6707
f 6708 6702 6664
f 6664 6702 6662
f 6612 6615 6667
f 6667 6615 6657
f 6666 6709 6664
f 6664 6709 6708
f 6629 6710 6669
f 6669 6710 6670
f 6668 6711 6679
f 6679 6711 6712
f 6713 6672 6710
f 6710 6672 6670
f 6714 6671 6705
f 6705 6671 6673
f 6628 6631 6674
f 6674 6631 6675
f 6705 6673 6709
f 6709 6673 6677
f 6631 6630 6675
f 6675 6630 6678
f 6712 6708 6679
f 6679 6708 6676
f 6625 6715 6682
f 6682 6715 6683
f 6716 6717 6681
f 6681 6717 6691
f 6718 6684 6715
f 6715 6684 6683
f 6719 6680 6714
f 6714 6680 6685
f 6624 6627 6686
f 6686 6627 6687
f 6689 6711 6685
f 6685 6711 6714
f 6627 6626 6687
f 6687 6626 6690
f 6717 6712 6691
f 6691 6712 6688
f 6612 6707 6613
f 6613 6707 6706
f 6616 6696 6617
f 6617 6696 6694
f 6703 6700 6620
f 6620 6700 6621
f 6715 6625 6718
f 6718 6625 6624
f 6710 6629 6713
f 6713 6629 6628
f 6639 6635 6636
f 6636 6635 6634
f 6641 6640 6642
f 6642 6640 6643
f 6654 6655 6644
f 6644 6655 6645
f 6651 6650 6648
f 6648 6650 6649
f 6659 6658 6663
f 6663 6658 6660
f 6665 6667 6664
f 6664 6667 6666
f 6678 6669 6679
f 6679 6669 6668
f 6673 6672 6677
f 6677 6672 6674
f 6690 6682 6691
f 6691 6682 6681
f 6685 6684 6689
f 6689 6684 6686
f 6636 6634 6617
f 6617 6634 6618
f 6638 6698 6639
f 6639 6698 6695
f 6640 6696 6643
f 6643 6696 6616
f 6693 6699 6632
f 6632 6699 6642
f 6655 6622 6645
f 6645 6622 6621
f 6704 6701 6647
f 6647 6701 6644
f 6651 6648 6620
f 6620 6648 6703
f 6650 6653 6699
f 6699 6653 6697
f 6613 6660 6614
f 6614 6660 6658
f 6663 6662 6701
f 6701 6662 6702
f 6665 6707 6667
f 6667 6707 6612
f 6705 6709 6656
f 6656 6709 6666
f 6630 6629 6678
f 6678 6629 6669
f 6714 6711 6671
f 6671 6711 6668
f 6672 6713 6674
f 6674 6713 6628
f 6677 6676 6709
f 6709 6676 6708
f 6626 6625 6690
f 6690 6625 6682
f 6680 6719 6681
f 6681 6719 6716
f 6684 6718 6686
f 6686 6718 6624
f 6711 6689 6712
f 6689 6688 6712
f 6593 6720 6594
f 6594 6720 6721
f 6722 6720 4607
f 4607 6720 4849
f 6592 6723 6722
f 6722 6723 6724
f 4610 4609 6578
f 6578 4609 6575
f 6596 6595 6580
f 6580 6595 6579
f 4618 4617 6584
f 6584 4617 6581
f 6589 6585 6586
f 6586 6585 6606
f 4622 4619 6588
f 6588 4619 6589
f 4622 6588 4623
f 4623 6588 6590
f 4609 4645 6575
f 6575 4645 6593
f 4617 4612 6581
f 6581 4612 6579
f 5004 4610 6597
f 6597 4610 6578
f 4645 4849 6593
f 6593 4849 6720
f 6724 6721 6722
f 6722 6721 6720
f 6722 4607 6592
f 6592 4607 4606
f 6725 6610 6721
f 6721 6610 6594
f 6723 6726 6724
f 6724 6726 6727
f 6727 6725 6724
f 6724 6725 6721
f 6728 6729 6605
f 6605 6729 6608
f 6605 6607 6728
f 6728 6607 6730
f 6731 6732 6604
f 6604 6732 6603
f 6733 6734 6725
f 6725 6734 6610
f 6735 6733 6727
f 6727 6733 6725
f 6735 6727 6736
f 6736 6727 6726
f 6591 6609 6723
f 6723 6609 6726
f 6723 6592 6591
f 6591 6592 6590
f 6738 6739 6737
f 6737 6739 6740
f 6740 6739 6742
f 6742 6739 6741
f 6743 6744 6741
f 6741 6744 6742
f 6745 6746 6743
f 6743 6746 6744
f 6747 6748 6745
f 6745 6748 6746
f 6749 6750 6747
f 6747 6750 6748
f 6752 6738 6751
f 6751 6738 6737
f 6754 6752 6753
f 6753 6752 6751
f 6756 6754 6755
f 6755 6754 6753
f 6758 6750 6757
f 6757 6750 6749
f 6760 6756 6759
f 6759 6756 6755
f 6762 6760 6761
f 6761 6760 6759
f 6764 6762 6763
f 6763 6762 6761
f 6757 6764 6758
f 6758 6764 6763
f 6766 6741 6765
f 6765 6741 6739
f 6767 6743 6766
f 6766 6743 6741
f 6768 6745 6767
f 6767 6745 6743
f 6769 6747 6768
f 6768 6747 6745
f 6770 6749 6769
f 6769 6749 6747
f 6772 6769 6771
f 6771 6769 6768
f 6773 6770 6772
f 6772 6770 6769
f 6774 6775 6772
f 6772 6775 6773
f 6777 6778 6776
f 6776 6778 6779
f 6775 6774 6778
f 6778 6774 6779
f 6771 6780 6772
f 6772 6780 6774
f 6780 6781 6774
f 6774 6781 6779
f 6781 6782 6779
f 6779 6782 6776
f 6784 6785 6783
f 6783 6785 6786
f 6786 6787 6783
f 6783 6787 6788
f 6790 6788 6789
f 6789 6788 6787
f 6786 6785 6791
f 6791 6785 6792
f 6791 6793 6786
f 6786 6793 6787
f 6793 6794 6787
f 6787 6794 6789
f 6795 6796 6794
f 6794 6796 6789
f 6790 6789 6797
f 6797 6789 6796
f 6798 6765 6738
f 6738 6765 6739
f 6799 6798 6752
f 6752 6798 6738
f 6767 6800 6768
f 6768 6800 6771
f 6766 6801 6767
f 6767 6801 6800
f 6802 6801 6765
f 6765 6801 6766
f 6798 6803 6765
f 6765 6803 6802
f 6804 6803 6799
f 6799 6803 6798
f 6805 6806 6804
f 6804 6806 6803
f 6807 6799 6754
f 6754 6799 6752
f 6808 6804 6807
f 6807 6804 6799
f 6809 6805 6808
f 6808 6805 6804
f 6810 6811 6805
f 6805 6811 6806
f 6812 6813 6810
f 6810 6813 6811
f 6814 6815 6796
f 6796 6815 6797
f 6813 6814 6816
f 6816 6814 6817
f 6816 6818 6813
f 6813 6818 6811
f 6819 6806 6818
f 6818 6806 6811
f 6802 6803 6819
f 6819 6803 6806
f 6757 6749 6820
f 6820 6749 6770
f 6820 6770 6821
f 6821 6770 6773
f 6821 6773 6822
f 6822 6773 6775
f 6822 6775 6823
f 6823 6775 6778
f 6824 6823 6777
f 6777 6823 6778
f 6784 6825 6777
f 6777 6825 6824
f 6826 6827 6788
f 6788 6827 6783
f 6828 6826 6790
f 6790 6826 6788
f 6829 6828 6797
f 6797 6828 6790
f 6815 6830 6797
f 6797 6830 6829
f 6832 6812 6831
f 6831 6812 6810
f 6831 6810 6809
f 6809 6810 6805
f 6736 6800 6735
f 6735 6800 6801
f 6733 6735 6802
f 6802 6735 6801
f 6734 6733 6819
f 6819 6733 6802
f 6833 6734 6818
f 6818 6734 6819
f 6834 6833 6816
f 6816 6833 6818
f 6816 6817 6834
f 6834 6817 6835
f 6837 6795 6836
f 6836 6795 6794
f 6836 6794 6731
f 6731 6794 6793
f 6732 6731 6791
f 6791 6731 6793
f 6791 6792 6732
f 6732 6792 6730
f 6729 6728 6781
f 6781 6728 6782
f 6838 6807 6756
f 6756 6807 6754
f 6839 6838 6760
f 6760 6838 6756
f 6840 6839 6762
f 6762 6839 6760
f 6841 6840 6764
f 6764 6840 6762
f 6820 6841 6757
f 6757 6841 6764
f 6841 6820 6842
f 6842 6820 6821
f 6840 6841 6843
f 6843 6841 6842
f 6839 6840 6844
f 6844 6840 6843
f 6838 6839 6845
f 6845 6839 6844
f 6807 6838 6808
f 6808 6838 6845
f 6842 6821 6846
f 6846 6821 6822
f 6843 6842 6847
f 6847 6842 6846
f 6844 6843 6848
f 6848 6843 6847
f 6845 6844 6849
f 6849 6844 6848
f 6808 6845 6809
f 6809 6845 6849
f 6850 6831 6849
f 6849 6831 6809
f 6851 6850 6848
f 6848 6850 6849
f 6847 6852 6848
f 6848 6852 6851
f 6853 6852 6846
f 6846 6852 6847
f 6846 6822 6853
f 6853 6822 6823
f 6853 6823 6854
f 6854 6823 6824
f 6854 6855 6853
f 6853 6855 6852
f 6856 6851 6855
f 6855 6851 6852
f 6856 6857 6851
f 6851 6857 6850
f 6857 6832 6850
f 6850 6832 6831
f 6825 6858 6824
f 6824 6858 6854
f 6860 6827 6859
f 6859 6827 6826
f 6859 6826 6861
f 6861 6826 6828
f 6862 6861 6829
f 6829 6861 6828
f 6830 6863 6829
f 6829 6863 6862
f 6863 6864 6862
f 6862 6864 6865
f 6858 6866 6854
f 6854 6866 6855
f 6867 6865 6866
f 6866 6865 6864
f 6869 6859 6868
f 6868 6859 6861
f 6867 6869 6865
f 6865 6869 6868
f 6861 6862 6868
f 6868 6862 6865
f 6867 6860 6869
f 6869 6860 6859
f 6753 6751 6698
f 6698 6751 6695
f 6697 6755 6698
f 6698 6755 6753
f 6759 6755 6702
f 6702 6755 6697
f 6761 6759 6708
f 6708 6759 6702
f 6763 6761 6712
f 6712 6761 6708
f 6758 6763 6717
f 6717 6763 6712
f 6750 6758 6716
f 6716 6758 6717
f 6719 6748 6716
f 6716 6748 6750
f 6714 6746 6719
f 6719 6746 6748
f 6705 6744 6714
f 6714 6744 6746
f 6704 6742 6705
f 6705 6742 6744
f 6740 6742 6693
f 6693 6742 6704
f 6737 6740 6692
f 6692 6740 6693
f 6751 6737 6695
f 6695 6737 6692
f 6601 6602 6836
f 6836 6602 6837
f 6604 6601 6731
f 6731 6601 6836
f 6599 6600 6834
f 6834 6600 6833
f 6834 6835 6599
f 6599 6835 6611
f 6600 6610 6833
f 6833 6610 6734
f 6780 6771 6870
f 6870 6771 6736
f 6736 6771 6800
f 6870 6729 6780
f 6780 6729 6781
f 6608 6729 6609
f 6609 6729 6870
f 6609 6870 6726
f 6726 6870 6736
f 5014 5015 5229
f 5229 5015 5230
f 4258 5015 4259
f 4259 5015 4878
f 3471 3013 4703
f 4703 3013 4704
f 2879 6337 1306
f 1306 6337 4785
f 829 3471 4316
f 4316 3471 4703
f 4702 3472 5223
f 5223 3472 1756
f 6871 6872 4534
f 4534 6872 4535
f 6871 4665 6872
f 6872 4665 4844
f 6871 6873 4665
f 4665 6873 4559
f 6871 4534 6873
f 6873 4534 4542
f 4153 4152 4822
f 4822 4152 4407
f 4152 4168 4407
f 4407 4168 4342
f 4343 4168 4923
f 4923 4168 4167
f 4363 4362 4972
f 4972 4362 4840
f 4362 4394 4840
f 4840 4394 4839
f 4401 4400 4986
f 4986 4400 4984
f 4435 4434 4841
f 4841 4434 4842
f 4506 4505 4530
f 4530 4505 4531
f 4506 4535 4507
f 4507 4535 4843
f 4661 4660 4516
f 4516 4660 4517
f 4673 4672 4937
f 4937 4672 6547
f 4400 4924 4984
f 4984 4924 5263
f 4673 4660 4674
f 4674 4660 4659
f 4505 4661 4531
f 4531 4661 4516
f 4952 4401 6874
f 6874 4401 4986
f 4954 4153 6875
f 6875 4153 4822
f 4363 4973 4364
f 4364 4973 4974
f 5264 4924 5267
f 5267 4924 4691
f 6293 6292 6876
f 6876 6292 6877
f 6380 4343 6387
f 6387 4343 4923
f 4394 4435 4839
f 4839 4435 4841
f 4672 4434 6547
f 6547 4434 4433
f 4973 6556 4974
f 4974 6556 6878
f 6567 6380 6574
f 6574 6380 6387
f 6292 4954 6877
f 6877 4954 6875
f 6567 5264 6568
f 6568 5264 5267
f 4145 4144 4154
f 4154 4144 4151
f 4194 4144 4425
f 4425 4144 4143
f 4355 4354 5263
f 5263 4354 4984
f 4360 4359 4364
f 4364 4359 4361
f 4444 4359 4392
f 4392 4359 4337
f 4447 4446 4432
f 4432 4446 4433
f 4464 4463 6547
f 6547 4463 4937
f 4519 4518 4654
f 4654 4518 4509
f 4533 4532 4499
f 4499 4532 4498
f 4533 4542 4530
f 4530 4542 4534
f 4519 4532 4516
f 4516 4532 4531
f 4922 4194 4426
f 4426 4194 4425
f 4463 4518 4937
f 4937 4518 4517
f 6555 4951 6874
f 6874 4951 6878
f 4958 4957 6290
f 6290 4957 6291
f 4334 4360 4712
f 4712 4360 4950
f 4985 4354 4419
f 4419 4354 4353
f 5262 4355 5265
f 5265 4355 5263
f 6294 4958 4804
f 4804 4958 6290
f 6386 4922 6384
f 6384 4922 4426
f 4444 4447 4393
f 4393 4447 4432
f 4464 4446 4465
f 4465 4446 4445
f 4985 6555 4986
f 4986 6555 6874
f 6573 6386 6571
f 6571 6386 6384
f 4145 6294 4146
f 4146 6294 4804
f 6573 5262 6574
f 6574 5262 5265
f 4542 4541 6873
f 6873 4541 4559
f 4535 6872 4843
f 4843 6872 4844
f 4104 4103 6879
f 6879 4103 6343
f 4105 6293 6307
f 6307 6293 6876
f 4104 4956 4105
f 4105 4956 6293
f 4956 4104 4957
f 4957 4104 6879
f 4957 6879 6291
f 6291 6879 6309
f 4648 4988 4649
f 4649 4988 4953
f 4802 4803 4928
f 4928 4803 6550
f 6550 4803 6555
f 6555 4803 4951
f 1516 3173 4987
f 4987 3173 5006
f 6519 6518 6558
f 6558 6518 6510
f 6527 6519 6559
f 6559 6519 6558
f 6528 6560 6529
f 6529 6560 6541
f 6548 4625 6549
f 6549 4625 4624
f 6551 6552 4746
f 4746 6552 6505
f 6553 4711 6554
f 6554 4711 4710
f 4802 6551 4713
f 4713 6551 4746
f 6556 4973 4649
f 4649 4973 4646
f 6557 4949 6548
f 6548 4949 4625
f 4648 4647 6553
f 6553 4647 4711
f 6549 4624 4987
f 4987 4624 4838
f 6552 6518 6505
f 6505 6518 6507
f 6561 4372 6529
f 6529 4372 6514
f 6562 4369 6561
f 6561 4369 4372
f 3142 3482 6562
f 6562 3482 4369
f 6556 4952 6878
f 6878 4952 6874
f 4951 4950 6878
f 6878 4950 4974
f 3168 440 3952
f 4204 4203 5341
f 5341 4203 6364
f 4219 4222 6429
f 6429 4222 4383
f 4319 4322 6506
f 6506 4322 4747
f 4340 4714 4341
f 4341 4714 4384
f 4375 4377 6388
f 6388 4377 6546
f 4378 4381 6311
f 6311 4381 4720
f 4449 4341 4387
f 4387 4341 4384
f 4473 4472 4477
f 4477 4472 4474
f 4492 4491 4487
f 4487 4491 4488
f 4523 4491 4522
f 4522 4491 4490
f 4492 4538 4493
f 4493 4538 4555
f 4538 4553 4555
f 4555 4553 4556
f 4620 4615 4621
f 4621 4615 4618
f 4652 4651 4368
f 4368 4651 4365
f 4523 4655 4524
f 4524 4655 4656
f 4553 4667 4556
f 4556 4667 4571
f 4651 1210 4365
f 4365 1210 1209
f 4698 4697 5223
f 5223 4697 6344
f 4340 4339 4322
f 4322 4339 4747
f 4726 4729 5287
f 5287 4729 4198
f 4381 4380 4737
f 4737 4380 6368
f 4836 4835 4451
f 4451 4835 4709
f 4910 6367 4911
f 4911 6367 6366
f 4912 4915 6450
f 6450 4915 6449
f 4927 4836 4450
f 4450 4836 4451
f 4930 4929 4439
f 4439 4929 4436
f 4936 4935 4459
f 4459 4935 4456
f 4473 4655 4470
f 4470 4655 4510
f 4942 4583 4943
f 4943 4583 4572
f 4948 4601 4947
f 4947 4601 4584
f 4949 4835 4625
f 4625 4835 4626
f 4966 4969 6289
f 6289 4969 4695
f 4971 4652 4926
f 4926 4652 4368
f 4203 4977 6364
f 6364 4977 6365
f 4990 4989 4443
f 4443 4989 4440
f 4990 4991 4478
f 4478 4991 4512
f 4992 4991 4528
f 4528 4991 4515
f 4992 4993 4527
f 4527 4993 4485
f 4994 4993 4502
f 4502 4993 4503
f 4994 4995 4482
f 4482 4995 4550
f 4543 4996 4544
f 4544 4996 4995
f 4999 4998 4567
f 4567 4998 4578
f 5000 4998 4575
f 4575 4998 4997
f 5002 5001 4592
f 4592 5001 4574
f 5003 5004 4614
f 4614 5004 4611
f 3483 4215 1755
f 1755 4215 4698
f 5274 5277 4195
f 4195 5277 4223
f 4726 5295 4727
f 4727 5295 6350
f 5309 5342 5310
f 5310 5342 6363
f 5315 5314 5316
f 5316 5314 5317
f 5339 6362 5340
f 5340 6362 5363
f 5310 6363 5339
f 5339 6363 6362
f 4204 5309 4201
f 4201 5309 5308
f 4915 5345 6449
f 6449 5345 6448
f 5345 5315 6448
f 6448 5315 5316
f 5348 5347 6351
f 6351 5347 6352
f 5365 4263 5340
f 5340 4263 4262
f 6295 6298 4733
f 4733 6298 4734
f 4969 6306 4695
f 4695 6306 4696
f 6306 4378 4696
f 4696 4378 6311
f 6369 6372 6544
f 6544 6372 6545
f 4375 6390 4373
f 4373 6390 4374
f 6421 6422 4911
f 4911 6422 4908
f 4910 4909 4737
f 4737 4909 4736
f 5277 4219 4223
f 4223 4219 6429
f 4697 4222 6344
f 6344 4222 4221
f 6436 6361 6437
f 6437 6361 6360
f 6438 6440 6437
f 6437 6440 6434
f 6438 6359 6441
f 6441 6359 6358
f 6442 6441 6357
f 6357 6441 6358
f 6442 6444 6443
f 6443 6444 6445
f 6446 6444 6355
f 6355 6444 6356
f 6446 4912 6447
f 6447 4912 6450
f 6436 6435 5365
f 5365 6435 4263
f 5314 5347 5317
f 5317 5347 5346
f 4319 6512 4320
f 4320 6512 6513
f 6520 6512 6521
f 6521 6512 6508
f 6528 6520 6527
f 6527 6520 6521
f 6532 6539 6533
f 6533 6539 6535
f 6533 6535 6537
f 6537 6535 6534
f 6538 6543 6537
f 6537 6543 6536
f 6295 4377 6296
f 6296 4377 4376
f 4989 4930 4440
f 4440 4930 4439
f 4927 4929 4422
f 4422 4929 4455
f 4449 4936 4388
f 4388 4936 4459
f 4472 4935 4474
f 4474 4935 4932
f 4942 4940 4947
f 4947 4940 4939
f 5001 5000 4574
f 4574 5000 4575
f 4669 4943 4666
f 4666 4943 4667
f 4996 4999 4547
f 4547 4999 4567
f 4948 4946 4620
f 4620 4946 4615
f 5003 5002 4591
f 4591 5002 4592
f 6557 4971 6554
f 6554 4971 4926
f 6532 6560 6539
f 6539 6560 6559
f 6390 6372 4374
f 4374 6372 6371
f 4966 6298 4967
f 4967 6298 6297
f 6538 6526 6369
f 6369 6526 6370
f 6585 6589 4621
f 4621 6589 4619
f 6597 6578 6598
f 6598 6578 6577
f 6606 6583 6607
f 6607 6583 6603
f 6611 6602 6598
f 6598 6602 6596
f 6585 6584 6606
f 6606 6584 6583
f 6597 6580 5004
f 5004 6580 4611
f 6607 6603 6730
f 6730 6603 6732
f 6776 6785 6777
f 6777 6785 6784
f 6785 6776 6792
f 6792 6776 6782
f 6815 6814 6812
f 6812 6814 6813
f 6817 6814 6795
f 6795 6814 6796
f 6825 6784 6827
f 6827 6784 6783
f 6830 6815 6832
f 6832 6815 6812
f 6817 6795 6835
f 6835 6795 6837
f 6792 6782 6730
f 6730 6782 6728
f 6858 6825 6860
f 6860 6825 6827
f 6863 6830 6857
f 6857 6830 6832
f 6864 6863 6856
f 6856 6863 6857
f 6866 6858 6867
f 6867 6858 6860
f 6866 6864 6855
f 6855 6864 6856
f 6835 6837 6611
f 6611 6837 6602
f 6560 6528 6559
f 6559 6528 6527
f 4949 6557 4710
f 4710 6557 6554
f 4430 4090 4175
f 4175 4090 4089
f 4777 4113 4155
f 4155 4113 4086
f 4175 4089 4176
f 4176 4089 4142
f 4199 4271 4200
f 4200 4271 4798
f 4199 4095 4272
f 4272 4095 5273
f 4406 4405 4404
f 4404 4405 4346
f 4410 4409 6877
f 6877 4409 6876
f 4409 4413 6876
f 6876 4413 6307
f 4415 4148 4416
f 4416 4148 4147
f 4690 4405 4344
f 4344 4405 4342
f 4693 4692 4352
f 4352 4692 4349
f 4701 4700 6337
f 6337 4700 6338
f 4778 4777 4081
f 4081 4777 4155
f 4821 4406 4809
f 4809 4406 4404
f 4176 4142 4181
f 4181 4142 4415
f 4760 4970 4399
f 4399 4970 4692
f 4200 5007 4096
f 4096 5007 4078
f 5266 4693 5269
f 5269 4693 4352
f 5270 5007 5361
f 5361 5007 4797
f 4778 5270 4779
f 4779 5270 5361
f 6285 4410 6875
f 6875 4410 6877
f 6308 4413 4687
f 4687 4413 4412
f 6480 6320 6481
f 6481 6320 6880
f 4701 2878 4702
f 4702 2878 3472
f 6339 6347 6340
f 6340 6347 6348
f 6341 6342 6346
f 6346 6342 6345
f 4416 6308 4414
f 4414 6308 4687
f 6385 4690 6381
f 6381 4690 4344
f 5282 6341 5280
f 5280 6341 6339
f 4700 6342 6338
f 6338 6342 5281
f 6340 6348 4272
f 4272 6348 4270
f 6480 6479 4828
f 4828 6479 4829
f 6490 6479 6489
f 6489 6479 6478
f 4090 4430 6490
f 6490 4430 4429
f 6563 6564 4970
f 4970 6564 4815
f 4694 6566 4366
f 4366 6566 6563
f 6572 6385 6568
f 6568 6385 6381
f 4821 6285 4822
f 4822 6285 6875
f 6572 5266 6569
f 6569 5266 5269
f 3482 3103 4369
f 4369 3103 4370
f 3121 4730 3485
f 3485 4730 4327
f 6277 6280 6273
f 6273 6280 6272
f 6267 6276 6278
f 6278 6276 6279
f 6278 6279 6277
f 6277 6279 6280
f 6279 6256 6280
f 6280 6256 6255
f 6256 3857 6255
f 6255 3857 3754
f 3857 3856 3754
f 3754 3856 3755
f 3856 3703 3755
f 3755 3703 3863
f 3703 3702 3863
f 3863 3702 3759
f 3702 3706 3759
f 3759 3706 3670
f 3706 3705 3670
f 3670 3705 3668
f 3705 3773 3668
f 3668 3773 3882
f 3882 3773 3883
f 3883 3773 3707
f 3707 3708 3883
f 3883 3708 3880
f 3708 3710 3880
f 3880 3710 3881
f 3709 5241 3710
f 3710 5241 3881
f 5241 3709 5234
f 5234 3709 3786
f 3693 3712 3786
f 3786 3712 5234
f 4051 4055 4052
f 4052 4055 4056
f 4056 4055 4057
f 4057 4055 4054
f 4066 5238 5236
f 5236 5238 3989
f 4066 4069 5238
f 5238 4069 4035
f 6881 3962 3960
f 3960 3962 3957
f 6883 4070 6882
f 6882 4070 3941
f 4070 6883 4071
f 4071 6883 6884
f 4071 6884 4072
f 4072 6884 6885
f 6885 6886 4072
f 4072 6886 4031
f 3955 6881 3956
f 3956 6881 3960
f 6884 3991 6885
f 6885 3991 3990
f 6883 6887 6884
f 6884 6887 3991
f 6887 6888 3991
f 3991 6888 3992
f 6888 6887 6889
f 6889 6887 6890
f 6887 6883 6890
f 6890 6883 6882
f 4058 5240 3953
f 3953 5240 3954
f 5236 6888 5239
f 5239 6888 6889
f 5237 6886 3990
f 3990 6886 6885
f 4034 4031 5237
f 5237 4031 6886
f 6881 6882 3962
f 3962 6882 3941
f 6881 3955 6882
f 6882 3955 6890
f 3955 3954 6890
f 6890 3954 6889
f 5239 6889 5240
f 5240 6889 3954
f 6888 5236 3992
f 3992 5236 3989
f 3869 3868 3888
f 3888 3868 4015
f 3868 4012 4015
f 4015 4012 4010
f 4012 4022 4010
f 4010 4022 4009
f 4022 4021 4009
f 4009 4021 4018
f 4020 3974 4001
f 4001 3974 3996
f 4021 4020 4029
f 4029 4020 4001
f 4085 4156 4086
f 4086 4156 4155
f 4113 4777 4114
f 4114 4777 4776
f 4130 4129 4094
f 4094 4129 4091
f 4139 4773 4140
f 4140 4773 4772
f 4149 4178 4150
f 4150 4178 5225
f 4160 4159 4087
f 4087 4159 4088
f 4149 4148 4179
f 4179 4148 4141
f 4085 4084 4183
f 4183 4084 6315
f 4179 4141 4159
f 4159 4141 4088
f 4192 4130 4162
f 4162 4130 4094
f 4197 5288 4198
f 4198 5288 5287
f 4229 4766 4230
f 4230 4766 4771
f 4245 4246 4242
f 4242 4246 4249
f 4183 6315 4418
f 4418 6315 6314
f 4679 4178 4680
f 4680 4178 4177
f 4724 4798 4725
f 4725 4798 4271
f 4728 5275 4729
f 4729 5275 5274
f 4230 4771 4249
f 4249 4771 4242
f 4724 4723 4799
f 4799 4723 5355
f 4823 4824 4891
f 4891 4824 6327
f 4823 4192 4161
f 4161 4192 4162
f 4893 4767 4229
f 4229 4767 4766
f 4894 4895 4898
f 4898 4895 4899
f 4106 4150 4103
f 4103 4150 5225
f 4680 4894 4677
f 4677 4894 4898
f 6420 4977 5301
f 5301 4977 4976
f 4679 4678 5226
f 5226 4678 4427
f 5228 5008 4893
f 4893 5008 4767
f 5285 6354 5286
f 5286 6354 5343
f 5289 5352 5290
f 5290 5352 5349
f 5290 5349 5295
f 5295 5349 5348
f 5302 5299 4202
f 4202 5299 4976
f 4725 4271 5311
f 5311 4271 4270
f 5325 4723 5326
f 5326 4723 4722
f 5335 5355 5325
f 5325 5355 4723
f 5326 4722 5286
f 5286 4722 5283
f 4799 5357 4797
f 4797 5357 5361
f 5359 5356 5335
f 5335 5356 5355
f 4775 4774 5356
f 5356 4774 5357
f 5359 5358 4092
f 4092 5358 4093
f 6316 4740 6317
f 6317 4740 4739
f 6318 4827 6316
f 6316 4827 4740
f 6319 4828 6318
f 6318 4828 4827
f 6320 6480 6319
f 6319 6480 4828
f 6484 6322 6485
f 6485 6322 6321
f 6487 6324 6331
f 6331 6324 6323
f 6331 6323 6330
f 6330 6323 6325
f 6325 6326 6330
f 6330 6326 6329
f 6326 6328 6329
f 6329 6328 5231
f 4824 4685 5228
f 5228 4685 5008
f 5226 6343 5225
f 5225 6343 4103
f 4728 4727 6349
f 6349 4727 5284
f 6350 6351 5285
f 5285 6351 6354
f 4247 4246 6418
f 6418 4246 6365
f 6400 6402 6401
f 6401 6402 6459
f 4197 4196 6409
f 6409 4196 6426
f 6412 4897 6328
f 6328 4897 5231
f 6413 4133 6412
f 6412 4133 4897
f 6414 4134 6413
f 6413 4134 4133
f 6415 4225 6414
f 6414 4225 4134
f 6416 4252 6415
f 6415 4252 4225
f 6417 4253 6416
f 6416 4253 4252
f 4253 6417 6366
f 6366 6417 6419
f 6366 6419 4911
f 4911 6419 6421
f 6422 6423 4908
f 4908 6423 5298
f 5298 6423 6396
f 6396 6423 6424
f 6409 6426 6425
f 6425 6426 6397
f 5300 5299 6399
f 6399 5299 6400
f 6465 6408 6401
f 6401 6408 6398
f 6424 6399 6425
f 6425 6399 6398
f 6349 5284 5311
f 5311 5284 5283
f 6465 6464 5289
f 5289 6464 5352
f 6488 6483 6492
f 6492 6483 6482
f 6486 6491 6482
f 6482 6491 6492
f 6491 4895 6492
f 6492 4895 4157
f 6488 4160 6489
f 6489 4160 4087
f 6501 6502 4418
f 4418 6502 4417
f 6504 6500 6317
f 6317 6500 6314
f 3497 3496 6501
f 6501 3496 6502
f 3499 3498 6504
f 6504 3498 6500
f 4729 5274 4198
f 4198 5274 4195
f 6418 6365 6420
f 6420 6365 4977
f 5295 5348 6350
f 6350 5348 6351
f 5301 6422 6420
f 6420 6422 6421
f 4113 4112 4086
f 4086 4112 4083
f 6320 4112 6880
f 6880 4112 4111
f 4091 4772 4092
f 4092 4772 4775
f 4129 4140 4091
f 4091 4140 4772
f 4137 4140 4128
f 4128 4140 4129
f 4128 6324 4137
f 4137 6324 6321
f 6324 6487 6321
f 6321 6487 6485
f 6487 6486 6485
f 6485 6486 6482
f 4774 4773 4779
f 4779 4773 4776
f 4773 4139 4776
f 4776 4139 4114
f 4139 4138 4114
f 4114 4138 4111
f 4138 6322 4111
f 4111 6322 6880
f 6322 6484 6880
f 6880 6484 6481
f 6484 6483 6481
f 6481 6483 6478
f 6879 6343 6309
f 6309 6343 4428
f 4106 4105 4900
f 4900 4105 6307
f 3500 3167 6495
f 6495 3167 6496
f 3500 6495 3070
f 3070 6495 5368
f 3502 5235 3501
f 3501 5235 4813
f 3024 3503 6473
f 6473 3503 6474
f 3503 3023 6474
f 6474 3023 6374
f 3504 1770 4348
f 4348 1770 4345
f 3502 3505 5235
f 5235 3505 4810
f 3498 3497 6500
f 6500 3497 6501
f 3496 3075 6502
f 6502 3075 6275
f 6299 4254 3174
f 3174 4254 3017
f 1769 3501 4814
f 4814 3501 4813
f 3506 3018 6476
f 6476 3018 4257
f 3507 3499 6499
f 6499 3499 6504
f 3030 4216 3483
f 3483 4216 4215
f 3077 3507 6333
f 6333 3507 6499
f 1784 3160 5249
f 5249 3160 6523
f 3015 3506 4240
f 4240 3506 6476
f 3508 3504 6383
f 6383 3504 4348
f 3509 3016 6477
f 6477 3016 4239
f 3028 3509 6467
f 6467 3509 6477
f 3022 1785 5246
f 5246 1785 5247
f 3161 3508 6570
f 6570 3508 6383
f 3150 3149 4694
f 4694 3149 6566
f 1327 4807 3510
f 3510 4807 4811
f 3510 4811 3505
f 3505 4811 4810
f 3146 3511 4816
f 4816 3511 4350
f 3511 1808 4350
f 4350 1808 4351
f 3485 4327 3159
f 3159 4327 4330
f 1326 3512 4806
f 4806 3512 6310
f 3512 1331 6310
f 6310 1331 4688
